customer_age,customer_tenure_months,payment_amount,previous_payment_success_rate,previous_failed_payments,days_since_last_payment,payment_method,failure_reason,subscription_age_months,customer_lifetime_value,previous_recovery_count,recovered
56,11,1505.74,0.49,1,10,upi,card_declined,22,12488.96,1,0
69,22,1557.84,0.53,5,86,card,insufficient_funds,22,2041.51,3,0
46,54,465.31,0.89,0,68,upi,network_error,30,20882.4,0,0
32,24,721.96,0.84,0,43,upi,network_error,7,2198.89,2,1
60,1,951.13,0.52,1,87,upi,card_declined,6,1150.94,0,0
25,18,1504.59,0.57,1,41,card,network_error,13,1892.62,1,0
38,44,3354.96,0.97,1,12,card,insufficient_funds,14,7898.76,2,1
56,12,620.64,0.45,1,8,wallet,network_error,2,4062.07,0,0
36,57,2028.51,0.73,0,45,upi,bank_error,42,8604.23,0,0
40,43,736.37,0.71,2,88,upi,card_declined,16,12857.02,1,0
28,28,2862.25,0.84,1,1,wallet,expired_card,39,2165.88,1,0
28,40,4182.4,0.56,3,26,card,network_error,46,7528.65,1,0
41,7,322.59,0.96,0,86,upi,insufficient_funds,33,1546.13,1,0
53,23,872.68,0.65,1,89,upi,insufficient_funds,1,2238.04,2,0
57,21,211.63,0.57,0,31,wallet,expired_card,30,7088.89,0,0
41,34,336.0,0.6,1,56,card,insufficient_funds,11,10414.96,1,0
20,11,350.98,0.61,0,37,card,bank_error,14,3406.71,0,1
39,22,1697.39,0.52,2,75,card,bank_error,37,6671.97,1,0
19,42,1489.04,0.96,2,4,card,card_declined,37,3577.78,2,1
41,35,1921.52,0.5,0,72,upi,card_declined,35,44683.53,0,1
61,52,1678.31,0.93,2,44,card,network_error,14,5320.36,2,0
47,29,1540.01,0.64,3,89,card,network_error,22,4856.98,1,1
55,42,1185.95,0.56,1,49,wallet,insufficient_funds,31,2292.59,0,0
19,28,1000.63,0.52,1,87,wallet,insufficient_funds,18,4430.69,3,0
38,59,2238.85,0.7,2,40,card,network_error,10,6348.86,0,0
50,18,1106.1,0.8,0,68,upi,bank_error,24,4041.63,1,0
29,14,1583.87,0.94,2,71,netbanking,insufficient_funds,24,3007.65,3,0
39,18,214.61,0.79,2,10,upi,expired_card,32,8092.06,0,0
61,28,481.76,0.69,2,70,card,bank_error,37,3321.47,2,0
42,24,2177.99,0.42,3,4,card,insufficient_funds,34,10269.18,3,1
66,8,686.84,0.95,0,21,card,card_declined,10,2966.99,0,1
44,42,412.92,0.94,0,42,upi,bank_error,46,2936.12,0,1
59,54,1717.98,0.63,2,84,card,card_declined,14,9299.09,2,0
45,45,1097.66,0.42,2,81,upi,insufficient_funds,23,8147.93,0,0
33,53,824.8,0.84,2,6,upi,expired_card,32,15519.27,2,1
32,8,3153.85,0.88,1,11,card,card_declined,47,2385.91,2,1
64,4,2796.72,0.73,2,82,card,expired_card,12,5309.08,0,0
68,27,961.52,0.64,0,73,card,insufficient_funds,41,10097.04,2,0
61,36,1818.31,0.91,0,12,netbanking,network_error,24,14062.57,1,0
69,5,228.81,0.52,1,31,netbanking,card_declined,34,10982.86,1,0
20,33,2357.49,0.66,1,31,card,bank_error,47,4583.87,1,0
54,49,512.55,0.41,1,43,card,network_error,20,7346.07,0,0
68,34,396.83,0.5,2,58,upi,network_error,29,1640.23,2,0
24,30,314.29,0.96,3,50,card,insufficient_funds,16,35538.3,0,0
38,8,297.74,0.75,2,80,upi,bank_error,40,6629.3,0,0
26,39,2336.08,0.88,4,41,upi,insufficient_funds,42,4339.55,1,0
56,47,1705.82,0.69,1,76,upi,insufficient_funds,9,9108.7,0,0
35,26,641.56,0.9,0,77,card,insufficient_funds,44,4841.06,1,1
21,57,1995.06,0.72,2,36,wallet,bank_error,3,24384.94,0,1
42,37,723.08,0.4,1,77,card,expired_card,10,27976.26,0,0
31,34,1375.48,0.94,3,44,card,bank_error,40,3050.73,0,0
67,7,782.41,0.49,0,66,card,insufficient_funds,1,5501.89,1,0
26,40,1008.3,0.67,1,15,wallet,network_error,7,4815.47,2,0
43,28,580.72,0.69,1,77,card,card_declined,31,1109.69,0,0
19,39,644.28,0.43,2,34,netbanking,network_error,41,8402.83,0,1
37,39,1604.98,0.43,2,70,card,card_declined,13,5000.21,1,0
45,28,1796.05,0.86,3,85,card,network_error,22,8835.65,0,0
64,14,820.66,0.58,1,44,upi,bank_error,16,1738.67,1,0
24,53,376.95,0.65,1,33,netbanking,network_error,22,13865.0,1,1
61,50,6184.94,0.74,0,79,upi,bank_error,6,5010.47,0,1
25,38,1125.17,0.62,1,6,card,expired_card,46,1381.74,1,0
64,4,1364.44,0.87,2,40,netbanking,bank_error,1,1563.33,0,0
52,42,453.53,0.93,0,6,card,network_error,2,4742.93,0,1
31,18,2567.44,0.44,0,75,card,card_declined,27,3263.07,1,0
34,44,2857.0,0.78,0,14,upi,insufficient_funds,12,2401.1,0,0
53,48,331.75,0.59,0,85,card,bank_error,6,6489.58,1,0
67,25,1020.79,0.75,3,84,upi,insufficient_funds,2,6963.78,3,0
57,7,966.51,0.69,3,5,upi,insufficient_funds,37,5988.22,1,1
21,38,5836.65,0.6,3,45,wallet,card_declined,10,1703.52,2,0
19,28,3012.51,0.46,0,59,upi,network_error,17,4542.49,0,1
23,5,397.21,0.74,0,73,card,network_error,17,5568.38,0,0
59,3,658.76,0.47,3,43,upi,network_error,6,1807.73,1,0
21,44,586.93,0.49,1,53,card,network_error,1,7067.71,2,1
46,31,1422.5,0.99,0,27,upi,bank_error,20,5932.19,1,1
35,47,3296.27,0.59,2,69,card,expired_card,18,1260.48,1,0
43,42,1183.73,0.75,3,69,card,bank_error,9,2382.98,0,0
61,58,1557.47,0.56,0,48,upi,card_declined,32,4619.12,0,1
51,20,688.82,0.92,3,79,upi,insufficient_funds,17,8793.17,2,0
27,19,1551.64,0.57,5,73,card,network_error,19,541.1,0,0
53,48,788.13,0.62,3,25,upi,insufficient_funds,13,11981.71,1,0
31,11,347.74,0.77,0,8,wallet,bank_error,1,3683.61,0,1
48,40,1482.68,0.92,2,78,card,expired_card,45,12059.44,0,0
65,3,1089.1,0.89,2,32,upi,expired_card,38,663.98,0,1
32,23,508.75,0.56,0,61,card,insufficient_funds,44,2284.07,2,0
25,7,3469.51,0.9,0,87,upi,network_error,38,7932.1,1,0
31,23,641.29,0.82,0,1,upi,card_declined,36,11395.5,2,1
40,7,1679.7,0.99,0,31,card,insufficient_funds,10,14298.58,2,0
57,46,850.83,0.96,1,71,card,bank_error,35,10216.4,0,0
38,34,3230.86,0.72,1,15,upi,card_declined,26,4806.51,1,0
33,42,928.61,0.85,2,70,netbanking,insufficient_funds,33,7815.53,1,0
62,19,339.6,0.74,0,16,card,card_declined,40,14218.56,0,1
35,58,1933.33,0.76,1,78,card,insufficient_funds,8,11804.49,0,0
64,9,3221.75,0.46,1,81,netbanking,card_declined,20,3456.62,1,0
41,48,812.95,0.4,1,74,card,insufficient_funds,2,8896.44,0,0
43,51,1763.79,0.43,1,72,card,card_declined,39,4901.44,0,0
42,18,1200.63,0.98,1,57,card,network_error,40,15061.71,2,1
62,41,838.91,0.48,0,11,card,bank_error,28,3295.67,1,1
58,48,1975.41,0.43,1,18,upi,insufficient_funds,29,8824.51,1,0
46,45,626.39,0.59,1,45,upi,insufficient_funds,25,11333.52,1,0
32,42,1121.86,0.75,2,20,card,insufficient_funds,26,2389.2,0,0
62,25,1313.1,0.97,2,80,upi,insufficient_funds,8,3282.69,1,0
18,52,1280.19,0.82,2,87,card,card_declined,30,22258.77,0,1
42,14,637.28,0.57,4,14,upi,card_declined,1,8670.95,1,0
24,44,4636.54,0.96,2,76,netbanking,insufficient_funds,28,16043.22,0,0
26,25,2653.33,0.42,0,27,upi,insufficient_funds,30,3088.19,2,1
41,19,2193.58,0.99,0,77,card,network_error,13,2540.49,1,0
18,39,2990.66,0.44,2,80,card,card_declined,41,5711.96,3,0
61,55,1150.71,0.85,1,88,card,card_declined,21,3276.23,1,0
25,15,845.64,0.43,0,76,netbanking,bank_error,21,677.62,1,1
41,16,511.67,0.96,4,9,card,network_error,40,14208.38,1,0
28,27,670.21,0.47,5,13,netbanking,card_declined,11,18956.38,0,0
68,40,539.25,0.43,1,45,card,insufficient_funds,27,14665.15,0,0
34,10,757.73,0.93,0,8,card,card_declined,5,18274.96,2,0
25,4,1330.8,0.46,0,56,wallet,bank_error,13,8267.12,0,0
52,51,2079.36,0.88,1,82,card,bank_error,12,3926.3,1,0
52,19,2039.47,0.85,1,7,upi,card_declined,40,29911.9,0,0
50,28,482.97,0.76,0,77,card,insufficient_funds,33,16486.41,0,1
22,21,1776.48,0.63,2,15,card,bank_error,30,9343.77,0,0
59,59,2442.31,0.95,3,56,upi,insufficient_funds,3,648.22,0,0
56,47,917.85,0.92,1,84,wallet,insufficient_funds,23,5841.17,0,0
58,14,2536.21,0.66,2,56,upi,insufficient_funds,31,3846.48,0,1
45,33,2024.46,0.54,2,37,card,network_error,6,6565.71,0,0
24,48,452.5,0.56,2,64,upi,card_declined,11,2610.96,0,0
26,10,5085.84,0.53,2,17,card,insufficient_funds,37,6848.62,0,0
25,19,664.51,0.72,4,21,upi,expired_card,39,2691.57,1,0
29,30,2143.5,0.92,4,78,upi,network_error,47,9000.06,1,0
51,22,2089.87,0.86,1,86,card,bank_error,45,2168.8,0,1
50,3,465.54,0.88,3,52,upi,card_declined,37,6264.96,1,1
65,37,1243.0,0.67,1,33,card,bank_error,39,6009.62,1,0
40,41,2071.94,0.59,3,77,upi,card_declined,6,6322.92,1,0
41,18,462.1,0.85,1,12,netbanking,insufficient_funds,18,3660.95,0,1
54,11,1175.83,0.88,1,46,card,insufficient_funds,1,3269.68,0,0
52,48,2197.05,0.82,0,70,card,card_declined,18,13379.46,2,0
61,2,2298.63,0.42,2,75,upi,bank_error,11,5349.59,2,0
57,12,830.52,0.75,1,87,upi,insufficient_funds,42,3605.86,0,0
39,54,3232.65,0.61,0,71,card,bank_error,6,3769.88,0,0
44,6,2734.94,0.52,2,57,card,expired_card,5,7716.87,0,0
52,43,1298.36,0.82,0,20,upi,insufficient_funds,24,2802.38,1,0
18,59,691.41,0.56,1,68,card,insufficient_funds,2,3818.01,1,0
52,40,484.88,0.95,2,85,upi,insufficient_funds,35,3193.16,0,0
54,44,1428.36,0.58,1,44,card,network_error,34,17720.36,1,0
64,29,3056.91,0.73,0,30,card,network_error,42,3804.42,0,0
31,59,989.3,0.9,0,25,upi,card_declined,2,2039.6,1,1
20,30,601.03,0.64,2,31,upi,insufficient_funds,12,1839.18,0,0
18,2,1953.63,0.9,1,2,card,card_declined,2,3356.79,0,0
22,9,1239.12,0.83,0,84,card,network_error,47,3708.24,1,0
43,47,1573.62,0.95,2,54,card,insufficient_funds,35,5390.75,0,1
31,2,759.23,0.6,2,14,card,bank_error,29,2778.63,2,0
56,29,846.49,0.46,1,23,card,insufficient_funds,33,5002.87,0,0
44,33,756.73,0.66,4,69,card,network_error,5,17643.99,0,0
26,10,1555.29,0.87,3,52,wallet,insufficient_funds,43,4415.82,1,0
32,34,864.73,0.67,1,83,upi,insufficient_funds,43,12881.25,1,0
32,44,1660.21,0.56,2,50,wallet,card_declined,33,5616.28,3,0
43,55,709.84,0.42,3,71,card,network_error,39,2835.89,0,0
59,8,1553.48,0.59,2,85,upi,insufficient_funds,13,2910.07,0,0
30,37,1794.8,0.83,1,33,card,card_declined,31,6629.86,1,0
68,54,1383.1,0.49,0,84,card,card_declined,36,1092.14,0,1
49,33,2083.76,0.6,4,9,upi,card_declined,19,5853.46,2,0
56,47,782.88,0.41,1,8,upi,bank_error,25,1951.58,0,0
66,6,1780.86,0.83,4,75,card,card_declined,43,11864.38,1,0
69,44,1291.22,0.93,2,7,card,bank_error,35,12984.2,1,1
49,40,622.15,0.74,0,21,card,card_declined,37,3833.48,3,1
21,45,288.61,0.42,2,53,card,bank_error,39,29016.24,0,0
47,19,335.22,0.53,3,15,upi,card_declined,33,2703.04,0,0
54,32,233.73,0.66,1,72,card,insufficient_funds,43,2227.24,1,0
40,27,1477.77,0.75,4,52,upi,insufficient_funds,3,3903.5,0,0
56,1,873.63,0.7,0,76,upi,network_error,47,600.81,0,0
62,43,1165.67,0.95,0,69,card,bank_error,42,4633.36,1,1
32,52,966.54,0.96,3,72,card,insufficient_funds,24,3190.31,0,0
60,33,1647.76,0.46,2,37,card,network_error,3,32738.63,1,1
46,40,1681.83,0.48,2,78,card,network_error,7,1916.84,0,0
53,32,1130.07,0.61,1,4,upi,network_error,13,34149.3,1,1
30,5,1178.97,0.65,1,79,card,insufficient_funds,24,12361.78,1,0
49,17,1212.4,0.75,2,84,netbanking,insufficient_funds,38,1365.0,0,0
24,8,2905.17,0.86,1,61,card,insufficient_funds,30,5760.97,1,1
68,57,269.56,0.48,0,22,upi,insufficient_funds,5,7850.3,1,1
39,42,685.83,0.88,1,49,netbanking,insufficient_funds,23,4542.6,0,0
45,34,2009.58,0.77,1,36,netbanking,insufficient_funds,41,1714.79,0,0
19,9,2381.61,0.99,5,63,upi,insufficient_funds,44,2109.54,1,0
59,56,1478.88,0.79,1,38,card,card_declined,27,3044.44,1,1
62,23,964.02,0.83,1,40,upi,bank_error,18,3533.0,1,0
23,35,4036.33,0.52,4,64,card,bank_error,40,4050.45,1,0
45,50,1241.99,0.86,4,68,upi,insufficient_funds,20,1419.38,0,0
45,7,1120.52,0.45,4,56,upi,insufficient_funds,6,6822.27,1,0
61,15,2785.69,0.79,5,14,upi,bank_error,30,7098.17,1,0
61,53,1529.79,0.43,4,2,card,card_declined,6,1422.53,0,0
37,54,2117.27,0.47,2,63,upi,bank_error,17,7361.97,0,0
47,20,2298.2,0.46,2,19,card,card_declined,43,413.82,4,0
28,50,844.94,0.43,0,78,upi,bank_error,36,1954.17,0,0
45,25,3779.75,0.59,1,71,upi,card_declined,15,1902.23,1,0
42,3,195.69,1.0,2,9,upi,network_error,17,8780.87,2,1
56,55,274.3,0.61,1,33,netbanking,card_declined,25,2238.86,2,1
50,46,681.2,0.86,2,88,upi,insufficient_funds,44,2837.35,1,0
18,24,815.37,0.48,0,61,upi,expired_card,30,8855.47,1,0
44,34,1413.52,0.67,2,85,card,insufficient_funds,43,3778.59,1,1
69,46,676.81,0.51,0,44,card,card_declined,40,2984.91,0,1
30,22,1087.52,0.52,2,65,card,bank_error,17,765.26,0,0
58,11,949.94,0.46,2,85,card,card_declined,5,7288.24,1,0
20,48,4460.99,0.66,1,57,upi,insufficient_funds,44,11794.69,2,0
56,8,624.23,0.45,0,24,upi,insufficient_funds,42,4981.34,2,0
23,39,337.6,0.95,1,44,wallet,insufficient_funds,42,11032.14,0,0
25,43,2400.18,0.67,0,68,upi,insufficient_funds,35,6059.39,0,0
44,35,665.29,0.9,1,6,wallet,insufficient_funds,11,2797.23,0,1
26,49,1028.48,0.99,2,67,card,expired_card,28,12790.6,0,0
54,46,697.62,0.81,2,34,upi,network_error,44,11427.93,3,1
50,38,1837.25,0.94,1,25,wallet,insufficient_funds,20,4015.12,3,1
68,8,419.06,0.48,2,27,upi,card_declined,2,7403.41,0,0
59,54,154.56,0.9,1,18,upi,insufficient_funds,41,20264.67,1,1
61,37,2716.23,0.56,1,5,upi,card_declined,33,3491.78,1,0
41,27,1304.05,0.68,1,88,netbanking,network_error,36,9630.73,0,0
32,28,2323.55,0.79,1,85,wallet,bank_error,10,8379.51,3,0
49,40,2653.27,0.94,0,44,upi,bank_error,45,5953.23,1,1
49,34,577.36,0.95,1,5,upi,card_declined,19,4630.36,0,0
41,32,1144.21,0.46,1,61,wallet,card_declined,25,833.79,0,0
58,15,1562.08,0.62,0,6,card,card_declined,27,12668.84,1,0
69,44,1016.58,0.88,3,75,upi,card_declined,35,2159.8,1,0
66,17,881.38,0.82,2,39,wallet,insufficient_funds,23,6633.59,1,1
66,33,944.3,0.42,2,8,card,network_error,43,3171.32,0,0
69,47,2341.34,0.67,2,75,upi,network_error,34,17829.76,2,0
29,46,914.79,0.9,1,84,upi,card_declined,8,2549.18,1,0
56,52,1669.3,0.84,1,43,card,card_declined,2,3155.66,2,0
19,54,1398.04,0.65,1,86,netbanking,bank_error,25,27256.18,0,0
20,16,558.4,0.84,1,41,card,network_error,9,9054.52,0,1
66,29,1354.76,0.73,1,76,upi,bank_error,25,2874.5,1,1
54,9,373.5,0.95,2,69,upi,bank_error,45,3882.27,2,1
66,33,1452.44,0.75,1,30,card,bank_error,29,7076.6,3,1
34,49,2046.29,0.64,1,59,card,bank_error,22,2418.82,1,0
66,29,2404.24,0.92,1,23,upi,expired_card,14,3228.01,0,0
19,13,562.91,0.43,0,57,card,insufficient_funds,43,4339.55,0,1
19,21,753.47,0.94,1,25,card,insufficient_funds,11,6237.8,1,1
45,58,1337.89,0.82,3,48,card,insufficient_funds,13,8157.21,0,0
40,21,785.92,0.96,1,70,netbanking,card_declined,33,1383.18,1,0
54,5,284.23,0.55,1,42,card,card_declined,3,3127.28,0,0
49,10,750.55,0.82,0,29,card,bank_error,47,5305.84,2,1
50,6,1334.27,0.89,0,85,upi,card_declined,36,13485.39,2,0
18,56,2315.24,0.82,0,71,card,expired_card,42,5268.87,1,0
36,51,3577.59,0.53,0,45,upi,bank_error,32,10120.77,1,1
19,57,1196.87,0.57,1,41,upi,insufficient_funds,36,3117.13,1,0
61,13,1630.34,0.74,2,73,card,insufficient_funds,43,12761.36,0,0
43,1,2148.55,0.67,2,63,card,bank_error,36,4184.93,1,0
49,20,261.02,0.84,3,47,card,insufficient_funds,35,10362.07,0,0
23,57,537.3,0.63,2,1,wallet,insufficient_funds,5,4656.36,0,1
49,47,1178.26,0.92,2,20,upi,insufficient_funds,12,9990.23,1,0
21,46,3258.95,0.66,0,19,card,insufficient_funds,19,3987.12,1,1
28,8,1704.17,0.42,2,65,card,expired_card,40,6461.98,1,0
34,10,1381.31,0.41,3,74,upi,network_error,27,4725.12,0,0
55,9,934.79,0.79,2,36,upi,insufficient_funds,35,5518.29,0,0
41,49,1478.46,0.72,0,23,card,network_error,10,8794.95,3,1
22,41,722.34,0.73,3,82,card,insufficient_funds,28,8920.38,1,1
69,3,635.31,0.87,0,29,upi,insufficient_funds,33,1736.34,2,0
51,11,675.16,0.63,4,44,netbanking,network_error,47,12233.54,0,0
23,12,2802.7,1.0,0,7,card,network_error,47,1714.86,0,1
39,10,609.0,0.97,1,31,card,card_declined,43,6540.66,0,0
28,25,829.53,0.41,0,38,card,expired_card,36,1942.77,1,0
65,49,1524.94,0.94,1,66,card,bank_error,35,11934.59,0,1
33,49,592.22,0.81,1,79,card,bank_error,17,10857.83,0,1
50,25,1284.74,0.7,1,22,card,network_error,11,5673.33,0,0
26,11,1284.42,0.75,1,75,upi,insufficient_funds,36,2760.21,2,0
23,54,708.31,0.91,0,54,card,expired_card,37,30935.68,0,0
33,36,914.94,0.97,3,54,card,insufficient_funds,18,3830.5,0,1
46,39,566.51,0.74,2,83,upi,insufficient_funds,31,3021.02,3,1
20,53,2886.89,0.51,1,6,upi,bank_error,35,275.29,1,1
37,26,1313.32,0.78,2,73,netbanking,bank_error,28,1469.68,0,1
53,14,526.34,0.45,1,62,card,insufficient_funds,1,13819.36,0,0
36,39,1198.02,0.78,1,29,card,card_declined,31,4192.4,2,1
43,56,1236.59,0.89,0,43,card,network_error,27,3335.68,1,1
20,40,228.09,0.61,0,67,upi,bank_error,40,8367.31,1,1
36,1,2802.62,0.44,0,62,card,network_error,12,2908.89,1,0
37,56,548.55,0.82,2,13,card,bank_error,12,1790.79,0,1
49,54,4736.96,0.6,3,64,card,bank_error,27,7107.81,2,1
24,4,1913.53,0.55,1,47,wallet,card_declined,27,7306.94,0,0
69,30,498.31,0.81,0,60,wallet,expired_card,46,7978.78,0,0
58,12,880.09,0.98,3,15,upi,network_error,17,1215.57,0,1
50,56,2091.91,0.85,2,5,card,network_error,25,9193.97,1,1
57,35,928.5,0.69,2,69,upi,card_declined,30,7659.99,0,0
56,13,2501.8,0.76,0,2,upi,network_error,10,6492.96,0,1
35,52,842.82,0.49,1,38,upi,network_error,40,6922.89,3,1
57,31,1037.88,0.89,3,54,netbanking,network_error,15,6943.9,1,0
18,38,2132.62,0.76,3,39,card,card_declined,19,2516.9,0,0
28,43,1673.0,0.98,1,20,wallet,insufficient_funds,4,2010.1,0,1
45,23,573.83,0.99,1,20,netbanking,network_error,15,8953.92,0,1
42,4,1485.99,0.61,2,29,upi,card_declined,37,4210.48,0,0
67,52,1233.01,0.99,1,35,upi,insufficient_funds,15,19756.25,0,1
40,16,579.28,0.97,0,32,card,bank_error,33,3396.72,0,1
48,7,414.33,0.78,2,17,upi,insufficient_funds,13,5025.07,2,0
47,22,283.73,0.6,1,51,upi,card_declined,17,1805.75,0,1
59,29,892.39,0.85,1,8,card,expired_card,19,2002.75,1,0
52,11,1055.95,0.56,0,21,card,network_error,13,2916.46,0,0
24,56,1561.19,0.78,0,23,upi,insufficient_funds,6,1972.0,2,1
33,33,1947.56,0.41,5,51,wallet,insufficient_funds,40,10608.36,0,0
43,58,820.82,0.78,3,6,card,insufficient_funds,30,10499.94,0,1
65,29,1034.68,0.97,1,52,card,insufficient_funds,36,854.67,0,1
69,59,644.77,0.54,2,8,netbanking,insufficient_funds,31,2218.18,3,0
66,39,1165.69,0.87,0,69,card,card_declined,13,3118.6,2,1
19,12,2160.2,0.58,2,33,wallet,insufficient_funds,24,7191.44,0,0
18,7,1177.09,0.82,2,62,upi,bank_error,29,3590.06,0,1
65,59,2475.82,0.82,1,65,wallet,network_error,46,477.58,0,1
29,55,2135.05,0.51,1,63,netbanking,network_error,2,1402.0,3,0
22,39,3042.36,0.76,1,88,upi,network_error,16,16172.76,0,0
54,42,1200.46,0.92,2,32,card,card_declined,12,2694.17,0,0
49,48,755.44,0.63,0,55,card,card_declined,28,7541.67,0,1
26,26,1694.03,0.83,2,33,card,bank_error,26,9320.42,0,0
58,40,844.69,0.8,0,38,netbanking,expired_card,32,1567.95,0,0
52,9,1657.22,0.55,2,2,upi,network_error,42,4635.15,1,0
36,41,689.55,0.95,2,81,card,bank_error,4,19649.76,1,1
65,34,614.07,0.74,3,10,card,network_error,5,6349.46,3,1
33,45,2569.62,0.61,2,66,card,card_declined,17,5367.74,1,0
20,13,539.8,0.5,3,76,upi,insufficient_funds,20,4838.8,1,0
37,55,2243.01,0.68,0,15,card,card_declined,40,13026.26,0,1
41,55,1652.79,0.84,2,87,card,bank_error,29,27672.12,1,1
50,36,1171.46,0.77,2,82,upi,insufficient_funds,25,931.56,1,0
41,25,291.53,0.84,3,61,card,insufficient_funds,18,30728.78,1,1
69,24,3102.49,0.88,3,31,card,bank_error,22,7780.41,0,0
28,44,569.99,0.66,1,38,card,card_declined,8,8964.23,1,0
66,17,2137.11,0.71,1,29,wallet,insufficient_funds,40,3746.54,0,0
25,2,676.1,0.99,4,78,card,bank_error,47,22878.69,0,1
53,13,639.18,0.98,2,43,upi,network_error,40,4874.93,0,0
55,31,1751.16,0.65,1,23,upi,card_declined,10,5261.29,0,0
57,29,1598.67,0.81,2,25,upi,insufficient_funds,17,2494.34,2,1
37,50,491.98,0.56,2,28,card,network_error,46,1868.32,0,0
52,28,2998.09,0.49,0,72,card,bank_error,20,2221.97,0,1
65,27,949.34,0.86,1,83,card,expired_card,27,11602.44,1,1
42,15,1150.84,0.66,2,1,card,network_error,2,13107.42,1,1
52,31,890.73,0.51,1,20,upi,card_declined,29,10774.15,2,0
42,40,506.77,0.86,1,29,card,bank_error,6,4574.01,2,1
46,15,1834.74,0.95,1,8,card,network_error,20,10125.4,0,1
35,33,1343.03,0.96,2,62,card,bank_error,37,2655.61,1,0
63,20,624.18,0.76,3,14,upi,insufficient_funds,19,4842.6,0,1
35,42,2123.65,0.69,1,38,netbanking,network_error,11,3173.73,0,1
19,12,1139.55,0.49,2,3,card,bank_error,18,2770.22,0,0
52,37,1156.86,0.88,3,3,card,card_declined,39,5728.29,1,0
33,9,3803.07,0.97,1,55,card,bank_error,22,7861.74,0,1
58,23,355.81,0.93,0,78,card,card_declined,14,3891.2,0,0
53,8,352.54,0.85,1,21,card,card_declined,42,8104.94,0,1
50,32,412.73,0.4,5,35,card,bank_error,6,4852.09,0,0
21,48,1414.52,0.64,1,44,wallet,insufficient_funds,21,933.9,0,0
50,14,852.92,0.65,0,44,upi,expired_card,8,2352.73,0,0
31,27,901.73,0.94,0,43,wallet,insufficient_funds,18,6858.31,0,0
38,25,566.97,0.44,0,41,card,network_error,22,7109.58,0,1
65,13,3518.1,0.72,2,27,netbanking,expired_card,6,3298.93,2,0
37,55,4450.24,0.48,0,28,netbanking,insufficient_funds,35,2346.86,2,0
25,21,2057.47,0.8,1,5,netbanking,insufficient_funds,35,14683.51,1,1
24,45,381.8,0.88,2,43,card,bank_error,46,8736.13,0,0
20,31,779.91,0.79,1,63,upi,bank_error,45,1017.89,3,1
34,37,1957.11,0.88,1,39,upi,bank_error,9,5351.73,0,1
50,48,1062.01,0.76,1,10,upi,card_declined,16,5170.36,2,0
65,58,2062.25,0.51,1,63,upi,expired_card,11,2779.03,0,0
29,43,2626.67,0.63,1,9,upi,bank_error,21,4221.9,0,1
68,54,4167.36,0.97,1,84,wallet,card_declined,42,1718.01,1,0
39,5,693.39,0.57,1,29,netbanking,bank_error,23,9527.44,1,1
39,13,1160.84,0.44,1,28,netbanking,insufficient_funds,45,15832.19,0,0
63,28,805.5,0.63,1,11,upi,card_declined,20,2435.01,1,0
47,43,270.28,0.62,2,85,upi,card_declined,17,4073.48,2,0
55,25,1792.04,0.68,1,87,card,card_declined,31,2024.18,0,0
55,51,1626.86,0.74,1,15,card,insufficient_funds,18,3524.05,0,0
62,35,747.86,1.0,0,81,netbanking,card_declined,29,8336.88,1,0
68,47,358.3,0.85,1,24,wallet,insufficient_funds,32,4314.2,0,1
25,39,838.08,0.42,0,35,upi,card_declined,8,8920.87,2,0
44,7,1829.48,0.83,1,61,netbanking,card_declined,9,30443.3,3,0
44,38,2796.53,0.89,2,20,card,card_declined,46,3045.54,1,1
51,32,665.94,0.94,1,58,card,bank_error,6,5604.9,0,0
38,3,2381.27,0.65,2,63,netbanking,insufficient_funds,5,3572.48,1,0
47,45,1695.49,0.59,4,75,card,bank_error,45,8706.58,1,0
50,39,1464.49,0.9,2,60,card,card_declined,13,5195.68,0,0
45,37,443.42,0.87,0,39,card,insufficient_funds,25,5939.29,1,1
64,55,457.11,0.72,1,20,card,insufficient_funds,31,4999.09,0,0
50,50,613.05,0.47,3,86,card,bank_error,34,4596.5,2,0
22,22,872.64,0.79,0,88,card,bank_error,17,6762.47,0,1
65,8,3868.11,0.44,0,58,wallet,insufficient_funds,26,5643.09,0,0
36,17,689.82,0.46,1,64,netbanking,insufficient_funds,20,12333.53,0,0
21,52,1881.6,0.6,0,14,card,network_error,6,4286.5,0,1
52,27,792.08,0.62,1,36,upi,card_declined,32,19698.54,0,0
66,33,1526.75,0.68,0,13,card,bank_error,33,5812.12,1,1
34,46,1049.34,0.6,2,1,upi,expired_card,20,30682.47,0,0
61,17,1241.3,0.42,2,13,upi,bank_error,47,14237.17,0,0
45,42,1420.45,0.49,3,35,upi,insufficient_funds,11,4596.61,0,0
47,12,920.93,0.47,4,8,upi,insufficient_funds,47,3878.41,3,0
46,48,1425.28,0.66,1,18,card,bank_error,10,1796.18,2,0
63,46,2601.23,0.53,1,34,netbanking,card_declined,43,16499.12,1,1
23,27,646.85,0.58,3,52,upi,card_declined,39,27731.97,1,0
52,48,2515.2,0.68,0,70,upi,network_error,19,2895.31,0,0
58,8,910.83,0.54,1,58,card,card_declined,27,4961.55,1,0
54,23,845.82,0.55,2,27,upi,bank_error,40,6243.9,0,1
41,42,1789.5,0.9,1,18,card,bank_error,34,5312.7,1,1
46,49,863.67,0.73,1,57,netbanking,card_declined,36,2316.7,0,0
66,59,1371.17,0.91,2,9,wallet,insufficient_funds,20,12425.58,0,1
63,29,1284.37,0.71,1,64,card,insufficient_funds,46,5130.51,2,0
48,50,255.08,0.95,1,79,upi,insufficient_funds,5,27490.17,1,0
52,20,1468.96,0.55,2,23,card,insufficient_funds,10,4089.79,0,0
50,16,399.91,0.77,3,59,netbanking,insufficient_funds,32,5125.27,1,0
69,17,421.82,0.7,4,67,card,insufficient_funds,40,3340.21,1,0
38,16,1417.32,0.95,1,73,card,card_declined,40,1418.45,0,0
49,19,1596.57,0.65,1,22,card,expired_card,28,4661.81,1,0
40,56,2549.2,0.91,1,50,upi,bank_error,29,2669.89,0,1
50,56,511.55,0.74,0,23,card,insufficient_funds,22,11278.87,0,1
20,8,652.69,0.83,1,84,upi,network_error,9,4420.91,1,0
35,38,1517.86,0.93,0,52,upi,network_error,2,2800.13,0,0
42,38,2583.74,1.0,3,7,card,card_declined,13,1352.55,0,1
59,53,1254.54,0.84,3,17,upi,expired_card,35,8685.06,1,1
48,29,593.12,0.59,2,3,card,insufficient_funds,27,2976.79,2,0
20,41,3147.9,0.58,3,7,netbanking,card_declined,30,6946.86,1,0
57,36,912.64,0.59,1,77,card,card_declined,29,7147.13,2,0
63,26,932.77,0.46,2,41,netbanking,insufficient_funds,35,9019.67,2,0
41,31,401.38,0.43,2,23,upi,card_declined,37,2052.71,3,1
67,44,1820.49,0.75,0,37,upi,insufficient_funds,26,8936.21,0,0
49,12,1991.86,0.89,3,68,card,card_declined,4,3577.82,2,1
64,55,669.09,0.42,5,73,card,insufficient_funds,35,6335.28,0,0
39,17,3736.28,0.74,1,70,upi,insufficient_funds,10,4303.12,0,0
40,15,727.06,0.62,1,64,card,card_declined,20,13166.06,1,0
19,9,1698.8,0.94,3,18,card,network_error,10,6579.01,1,0
44,39,1282.48,0.49,3,35,card,insufficient_funds,30,5815.73,1,0
59,42,265.63,0.74,2,23,card,bank_error,11,45937.16,3,1
19,48,1604.76,0.98,2,84,card,insufficient_funds,16,19496.28,1,1
43,12,1507.02,0.61,0,7,wallet,insufficient_funds,7,3329.03,2,0
34,32,318.47,0.85,2,61,upi,insufficient_funds,23,3197.2,1,1
57,25,3189.86,0.93,1,76,netbanking,network_error,40,4204.52,0,1
50,39,1511.31,0.51,1,49,card,network_error,1,5315.42,0,0
26,18,2611.24,1.0,0,57,card,bank_error,45,1796.28,1,0
60,15,329.88,0.89,0,68,upi,insufficient_funds,7,10542.31,2,0
65,32,822.79,0.48,2,12,netbanking,card_declined,41,3163.47,0,0
56,6,2505.95,0.59,1,15,upi,bank_error,4,15348.56,0,1
46,58,365.84,0.77,1,2,upi,expired_card,2,8967.93,0,1
59,44,839.85,0.93,0,47,card,insufficient_funds,17,2372.2,1,1
43,43,1457.61,0.52,1,75,wallet,bank_error,40,4420.09,0,0
52,52,291.14,0.84,2,56,upi,network_error,9,1347.25,1,1
67,35,434.86,0.56,0,14,card,insufficient_funds,11,6871.33,2,0
42,34,2885.52,0.88,3,27,card,insufficient_funds,44,2208.24,5,0
41,38,1143.51,0.81,2,4,card,card_declined,19,5146.01,1,1
30,56,2499.11,0.71,3,38,card,expired_card,14,3321.77,1,0
24,54,1245.72,0.79,2,84,upi,insufficient_funds,15,14576.01,0,0
53,57,6118.84,0.93,1,2,card,insufficient_funds,47,4548.87,1,0
62,5,1490.87,0.63,1,4,card,insufficient_funds,8,26405.8,1,0
37,18,2667.36,0.86,1,24,upi,bank_error,33,791.92,0,1
18,16,923.1,0.5,2,9,upi,insufficient_funds,2,2940.58,1,0
25,8,1270.94,0.82,2,19,upi,network_error,2,33627.62,0,1
63,25,1718.68,0.85,1,62,upi,expired_card,20,3664.54,1,0
33,32,1930.37,0.67,3,72,card,expired_card,23,8846.46,0,0
31,26,1067.11,0.88,1,41,upi,network_error,18,2307.35,0,0
29,52,1098.74,0.73,2,77,wallet,network_error,30,33192.97,0,0
68,22,1558.29,0.96,0,72,upi,card_declined,21,3884.73,1,0
40,31,1557.57,0.47,1,78,card,card_declined,36,1807.87,0,0
32,43,535.1,0.48,2,50,upi,insufficient_funds,3,4530.18,1,0
45,10,1283.66,0.91,1,74,card,card_declined,17,1909.88,0,0
51,56,1372.71,0.91,0,84,card,insufficient_funds,24,1769.97,2,0
19,57,553.67,0.68,4,65,upi,card_declined,38,1285.89,0,0
49,12,2067.61,0.98,3,76,card,expired_card,4,2434.39,1,0
40,53,1463.99,0.81,1,84,netbanking,card_declined,9,7711.94,0,1
39,28,5605.23,0.99,2,76,card,card_declined,33,16968.16,0,0
68,6,1076.84,0.72,1,12,upi,bank_error,34,10005.69,0,1
42,59,2429.1,0.52,2,39,card,network_error,45,7797.89,0,1
39,20,1599.41,0.67,1,29,upi,insufficient_funds,32,4740.89,2,0
39,5,4209.11,0.99,3,58,card,card_declined,8,5076.25,1,1
66,23,556.14,0.62,2,67,card,card_declined,15,2097.79,0,0
69,9,775.32,0.97,2,71,netbanking,insufficient_funds,31,6729.1,2,1
59,58,569.64,0.88,3,87,netbanking,network_error,5,3421.84,1,0
23,59,1038.42,0.67,0,77,netbanking,card_declined,42,5504.96,1,0
32,29,499.04,0.73,0,75,card,expired_card,42,6054.52,2,1
60,16,376.81,0.76,1,25,upi,network_error,29,6923.41,1,0
54,54,246.31,0.8,2,84,netbanking,insufficient_funds,14,4800.42,1,0
50,46,235.51,0.45,1,49,card,card_declined,13,9535.26,0,0
25,22,1736.23,0.96,0,63,upi,insufficient_funds,26,2444.01,0,0
61,8,797.27,0.76,4,27,card,insufficient_funds,20,1849.47,1,0
61,59,462.37,0.96,2,70,card,bank_error,31,1528.53,1,1
22,20,691.35,0.78,1,70,netbanking,card_declined,36,6126.19,2,0
56,51,757.84,0.66,2,58,card,network_error,27,6035.33,0,1
21,14,558.23,0.74,3,9,card,bank_error,37,4565.1,0,0
23,39,3374.1,0.9,1,85,card,card_declined,33,6655.93,0,0
62,37,2956.56,0.6,1,82,upi,insufficient_funds,29,15101.65,1,0
49,50,3334.05,0.97,0,1,card,expired_card,27,924.59,2,1
69,34,1243.19,0.68,1,76,card,card_declined,4,3338.38,0,0
47,11,1334.52,0.97,3,65,upi,network_error,11,2632.02,2,1
64,54,694.48,0.93,3,24,upi,bank_error,25,2424.58,0,0
52,40,606.1,0.86,0,19,card,card_declined,5,8552.71,0,0
57,33,1113.44,0.68,3,14,wallet,card_declined,2,4836.66,2,0
69,31,1731.34,0.75,2,14,upi,expired_card,40,3624.68,0,1
33,59,2532.69,0.9,3,80,upi,insufficient_funds,13,9438.71,0,0
30,54,748.3,0.73,1,88,upi,bank_error,27,22395.03,2,1
67,44,456.27,0.84,1,32,card,bank_error,39,6942.12,0,0
59,34,1833.15,0.87,2,6,upi,network_error,17,2801.56,0,0
47,50,307.14,0.71,2,23,netbanking,insufficient_funds,31,3707.96,0,0
36,7,1066.94,0.72,1,19,card,card_declined,11,10626.77,0,1
34,58,1167.38,0.52,4,89,netbanking,card_declined,9,3381.15,0,0
36,49,841.22,0.55,1,89,card,insufficient_funds,11,5667.28,2,0
45,54,371.79,0.94,2,2,upi,insufficient_funds,7,4795.83,0,0
43,23,849.01,0.9,2,74,card,insufficient_funds,37,16894.87,2,0
54,46,3462.62,0.41,3,41,upi,network_error,6,2734.95,0,0
43,56,1659.39,0.92,2,53,upi,network_error,30,1576.72,0,1
40,7,2473.03,0.42,0,27,card,bank_error,29,3178.76,1,0
26,54,467.76,0.67,3,8,upi,insufficient_funds,31,3510.95,0,1
29,25,1311.59,0.44,1,43,upi,insufficient_funds,23,3527.21,0,0
18,3,1166.59,0.98,2,33,upi,insufficient_funds,13,3018.3,1,0
18,59,1182.51,0.98,3,43,upi,bank_error,37,5807.44,2,1
64,38,1618.24,0.77,3,83,card,card_declined,12,2028.29,0,0
51,20,1215.76,0.64,4,30,upi,bank_error,45,20926.09,2,1
49,34,476.93,0.71,1,34,upi,bank_error,18,3995.06,1,0
65,49,1684.59,0.86,2,78,wallet,insufficient_funds,12,3791.25,3,0
42,44,1975.58,0.53,4,20,card,insufficient_funds,3,5833.07,1,0
57,44,2761.79,0.67,4,87,card,card_declined,36,4226.92,0,0
62,30,2848.53,0.84,2,62,upi,insufficient_funds,17,3786.74,1,0
18,17,1530.73,0.64,0,79,upi,card_declined,10,12879.08,1,0
33,59,492.76,0.42,1,2,wallet,card_declined,13,6525.11,0,0
56,10,375.94,0.7,1,88,card,expired_card,23,5160.28,0,0
22,35,935.46,0.84,1,88,upi,insufficient_funds,30,2489.15,0,1
39,20,2087.31,0.99,3,80,card,insufficient_funds,28,4512.72,0,0
46,18,1995.25,0.42,2,68,upi,network_error,23,1457.0,2,0
20,45,1328.49,0.72,2,79,upi,insufficient_funds,5,7875.18,0,0
29,44,1068.92,0.67,2,83,netbanking,card_declined,30,11920.01,1,0
43,27,4157.27,0.55,2,19,netbanking,insufficient_funds,9,9115.11,1,0
33,59,1638.97,0.78,0,35,upi,insufficient_funds,34,3344.26,0,1
68,59,1031.64,0.5,0,20,upi,expired_card,26,1215.82,1,1
54,49,697.98,0.57,2,41,upi,expired_card,17,4005.15,1,0
39,36,541.3,0.87,1,29,upi,insufficient_funds,34,12161.26,3,1
46,23,505.25,0.68,1,15,netbanking,card_declined,4,6544.89,0,1
31,32,541.34,1.0,1,84,card,insufficient_funds,14,4954.76,0,1
45,10,1334.97,0.63,2,32,card,insufficient_funds,2,7770.72,0,0
22,11,1082.85,0.68,1,13,upi,network_error,6,3747.91,2,1
64,38,872.93,0.58,1,7,upi,card_declined,9,4674.78,0,1
66,6,1836.35,0.54,0,54,upi,insufficient_funds,24,8538.78,1,0
47,59,3891.0,0.95,1,16,card,insufficient_funds,14,2945.41,0,1
63,41,616.25,0.85,2,10,card,network_error,13,3378.24,1,1
69,47,684.03,0.6,0,56,wallet,insufficient_funds,11,12362.62,1,0
22,34,232.31,0.82,1,66,card,bank_error,40,2833.32,0,1
29,36,1076.61,0.98,0,38,card,insufficient_funds,25,1387.72,1,1
33,37,1002.91,0.44,0,53,card,insufficient_funds,30,1749.54,1,0
43,17,2048.68,0.56,0,82,wallet,bank_error,24,6282.67,1,0
43,40,1031.98,0.52,3,34,card,network_error,34,12026.04,1,1
65,40,726.56,0.92,2,85,upi,insufficient_funds,23,28205.11,0,0
38,54,1254.99,0.51,4,85,upi,card_declined,19,2871.01,1,0
56,12,1619.62,0.58,2,1,upi,card_declined,1,1142.92,1,1
53,21,353.4,0.73,3,79,card,expired_card,15,23895.61,0,0
50,40,2219.03,0.77,1,74,card,insufficient_funds,41,10302.36,0,0
47,19,2736.44,0.88,2,59,netbanking,bank_error,46,4052.27,0,0
54,3,1608.76,0.64,2,25,upi,card_declined,16,3589.3,0,0
40,18,570.1,0.72,0,32,card,expired_card,34,3678.1,1,0
27,53,872.87,0.98,2,31,card,expired_card,43,3924.35,0,1
22,51,2509.94,0.58,2,74,card,insufficient_funds,1,5874.56,0,1
53,19,552.94,0.55,1,3,card,bank_error,22,6755.54,1,1
51,47,1702.84,0.83,2,86,upi,insufficient_funds,2,10548.13,0,0
69,6,1058.34,0.86,2,66,card,insufficient_funds,13,3554.48,0,1
48,16,1226.76,0.65,1,87,netbanking,card_declined,35,13345.97,0,0
27,8,610.92,0.53,2,41,upi,bank_error,21,3324.09,1,0
36,48,1382.25,0.87,1,62,upi,card_declined,41,6771.77,0,0
49,18,1314.69,0.8,0,53,card,bank_error,8,1057.77,1,0
18,52,381.25,0.93,3,88,card,card_declined,29,2923.55,1,0
22,48,1093.23,0.91,2,33,upi,bank_error,46,6245.35,1,1
62,43,1685.35,0.52,1,13,card,card_declined,9,2007.82,0,1
21,39,837.4,0.9,1,39,upi,insufficient_funds,4,2475.13,3,0
33,49,197.67,0.51,2,29,upi,bank_error,3,9113.45,0,1
41,49,1011.94,0.92,0,25,card,insufficient_funds,43,1610.21,0,1
33,12,3061.09,0.86,3,19,card,network_error,4,5919.26,2,0
19,45,861.67,0.74,1,65,card,bank_error,27,13600.31,0,0
66,10,2981.12,0.79,1,16,upi,bank_error,37,11199.98,1,1
45,7,621.01,0.46,1,72,card,network_error,46,26532.34,2,0
49,46,486.54,0.42,1,71,netbanking,insufficient_funds,30,5041.02,1,0
44,55,1092.72,0.6,1,85,upi,card_declined,15,7542.3,1,1
37,1,616.58,0.89,1,75,card,network_error,16,6042.18,0,0
41,49,1381.47,0.68,1,60,netbanking,bank_error,28,6634.88,2,1
29,36,844.88,0.53,0,79,wallet,insufficient_funds,12,6714.65,0,1
67,21,3077.1,0.9,1,57,card,card_declined,25,1800.28,1,1
52,37,804.99,0.54,1,45,card,card_declined,28,5984.82,1,0
50,52,1167.73,0.89,1,52,upi,card_declined,46,20212.81,0,0
50,24,1664.76,0.67,4,6,wallet,insufficient_funds,4,8209.01,1,0
68,55,2141.84,0.68,2,60,netbanking,insufficient_funds,35,3145.43,3,1
60,25,3089.45,0.56,3,37,card,expired_card,39,9439.9,3,0
54,7,930.38,0.94,3,54,upi,card_declined,5,1158.94,0,0
29,42,829.22,0.45,2,4,upi,card_declined,29,7488.83,0,0
20,17,287.22,0.49,0,83,upi,bank_error,17,846.37,2,0
18,29,4578.83,0.78,0,47,upi,insufficient_funds,31,1913.26,2,0
50,30,1411.88,0.91,2,85,card,card_declined,12,2826.54,0,0
57,7,1856.16,0.46,0,37,upi,card_declined,36,2286.11,1,0
27,33,1618.1,0.84,1,82,upi,network_error,31,9067.15,2,0
60,7,1135.33,0.85,1,42,upi,network_error,11,3048.13,1,1
61,58,1401.43,0.75,1,48,upi,card_declined,46,1624.63,3,1
46,24,741.17,0.69,0,61,card,network_error,39,3306.71,0,1
30,11,887.61,0.59,1,62,upi,card_declined,30,3892.74,3,0
29,9,563.89,0.61,2,55,card,bank_error,32,5710.87,1,0
48,12,3261.92,0.8,1,37,card,card_declined,8,3113.76,0,1
63,35,1624.63,0.44,2,15,upi,bank_error,10,10515.24,0,0
19,4,4373.51,0.75,3,59,upi,insufficient_funds,11,6354.02,1,0
68,36,5472.38,0.57,2,63,upi,insufficient_funds,27,3848.77,1,0
67,28,410.38,0.68,4,66,wallet,network_error,6,10441.08,1,0
52,57,2185.63,0.74,1,42,card,card_declined,41,31759.47,0,0
40,13,423.87,0.93,2,31,card,card_declined,6,4937.4,1,0
34,23,1241.64,0.75,1,6,card,network_error,39,1067.9,1,1
43,19,1366.91,0.54,1,19,upi,insufficient_funds,30,4453.84,0,0
25,42,445.4,0.45,2,38,upi,insufficient_funds,18,16430.01,0,0
46,37,654.41,0.78,0,79,upi,card_declined,39,3583.67,0,0
43,39,1411.27,0.73,1,33,card,bank_error,39,5375.85,2,1
27,24,1240.67,0.8,4,53,card,card_declined,14,1579.93,0,0
43,16,537.61,0.68,1,30,upi,network_error,15,7272.91,0,1
51,33,672.75,0.9,5,75,card,insufficient_funds,36,2416.68,1,0
68,12,386.06,0.95,0,65,upi,card_declined,23,12037.12,0,1
58,34,472.46,0.42,2,14,card,card_declined,36,2830.88,1,0
24,7,845.57,0.85,3,10,upi,insufficient_funds,25,1301.63,3,0
21,11,2189.04,0.42,0,17,card,insufficient_funds,9,6370.82,0,0
67,31,2392.19,0.67,2,75,card,card_declined,37,3323.5,3,1
62,29,3957.65,0.68,2,15,card,insufficient_funds,24,1576.45,1,0
28,13,1475.84,0.82,0,76,card,insufficient_funds,19,9546.06,0,0
46,31,1251.12,0.61,3,3,netbanking,expired_card,36,3993.53,1,0
53,2,1550.92,0.89,1,22,card,network_error,34,11664.79,0,1
42,39,1540.54,0.61,1,56,wallet,card_declined,11,3220.18,0,0
38,15,353.7,0.61,3,59,netbanking,network_error,35,3768.83,0,0
53,57,4114.25,0.53,2,26,card,bank_error,28,7347.91,0,0
27,11,283.82,0.81,0,50,card,bank_error,41,7908.34,1,0
54,34,2450.71,0.45,2,87,card,network_error,31,2166.02,0,0
26,39,1140.78,0.62,1,80,card,insufficient_funds,36,4616.47,1,0
41,4,511.5,0.56,0,61,upi,insufficient_funds,33,43584.67,1,1
52,11,1590.75,0.54,1,55,card,insufficient_funds,15,19891.97,1,1
66,29,1009.59,0.44,1,64,upi,network_error,2,6999.65,1,1
52,2,680.09,0.51,0,3,upi,insufficient_funds,39,29834.19,2,0
65,16,416.95,0.67,0,30,upi,card_declined,27,6082.83,1,0
53,39,393.13,0.7,2,58,upi,bank_error,47,2659.23,0,0
35,13,715.06,0.56,0,13,netbanking,bank_error,16,14249.06,2,0
66,37,836.4,0.79,1,72,upi,bank_error,3,1483.75,0,0
56,17,469.95,0.6,2,24,wallet,insufficient_funds,27,2419.53,0,0
49,21,1126.57,0.62,0,69,upi,bank_error,32,5447.33,0,0
41,44,519.21,0.87,2,7,card,network_error,35,15378.9,1,1
40,19,1411.14,0.73,0,51,card,network_error,24,13367.22,0,1
49,7,2596.62,0.97,1,54,card,insufficient_funds,7,1693.03,1,0
54,38,1342.87,0.62,0,51,card,bank_error,40,2201.45,0,0
29,8,1026.92,0.9,0,27,card,insufficient_funds,19,1927.88,1,1
66,13,754.14,0.84,0,12,card,insufficient_funds,5,4879.53,0,0
30,37,3017.76,0.93,1,41,upi,insufficient_funds,39,5804.88,1,0
40,2,957.7,0.97,2,89,card,network_error,8,3764.71,0,0
42,41,6267.65,0.4,4,33,card,network_error,25,3111.61,1,0
52,11,479.08,0.45,2,79,card,bank_error,22,2762.34,0,0
58,24,1343.37,0.8,1,31,upi,card_declined,2,15894.74,5,1
47,6,2948.07,0.63,0,11,upi,card_declined,40,2598.76,1,0
34,26,676.48,0.89,0,36,netbanking,network_error,46,1526.97,1,1
66,7,929.56,0.41,0,6,upi,insufficient_funds,10,30736.48,1,1
37,57,1699.86,0.88,1,45,card,card_declined,18,4833.39,0,0
65,39,1438.74,0.48,3,60,card,insufficient_funds,25,6490.18,0,0
42,19,1622.61,0.57,2,72,card,network_error,16,2629.52,0,0
39,6,2470.51,0.98,1,37,card,expired_card,15,5600.01,1,0
30,43,860.29,0.43,1,30,upi,insufficient_funds,7,2326.01,1,0
36,29,2998.65,0.61,3,38,card,card_declined,12,2155.76,3,1
66,43,328.98,0.45,3,16,card,insufficient_funds,32,2747.56,0,0
53,39,2331.36,0.91,0,79,upi,network_error,3,2231.7,0,0
29,2,2448.04,0.82,1,38,card,network_error,1,12444.0,0,0
58,19,637.7,0.88,3,53,wallet,bank_error,43,4709.56,0,0
36,4,397.25,0.72,2,8,netbanking,bank_error,23,12370.95,1,1
29,58,932.14,0.61,3,9,upi,bank_error,35,7695.43,0,1
26,6,1454.86,0.4,0,21,card,insufficient_funds,1,45081.89,0,0
24,49,867.34,0.57,4,41,card,network_error,44,3304.38,1,0
45,57,1558.31,0.71,2,69,card,expired_card,44,2962.81,0,0
31,37,4257.43,0.8,1,19,card,network_error,20,7879.89,0,1
48,28,421.87,0.54,4,80,card,bank_error,16,7807.48,2,1
69,30,279.26,0.48,1,18,card,card_declined,37,3709.17,0,0
36,7,1044.71,0.52,1,76,upi,card_declined,45,7908.57,1,0
64,9,681.22,0.61,0,80,card,insufficient_funds,35,1889.47,1,0
33,25,783.51,0.49,1,5,upi,insufficient_funds,37,6899.2,1,1
22,33,2662.02,0.49,0,67,upi,network_error,1,2713.73,1,0
52,1,1007.84,0.43,1,71,wallet,card_declined,47,3746.17,0,0
29,51,1074.6,0.91,0,32,upi,network_error,34,2144.59,0,0
42,6,807.74,0.53,1,78,card,insufficient_funds,21,2883.72,2,0
69,18,1067.25,0.89,1,88,upi,bank_error,26,2436.47,1,1
38,10,1323.39,0.66,1,48,upi,bank_error,14,7405.54,0,0
53,28,7701.82,0.78,0,33,netbanking,network_error,18,19846.39,0,0
40,11,1333.76,0.45,2,69,upi,insufficient_funds,24,1430.43,1,0
33,33,2474.73,0.75,2,72,card,insufficient_funds,35,8840.14,0,1
56,1,1249.48,0.57,1,2,card,network_error,1,10409.99,0,0
62,13,265.22,0.46,2,54,upi,bank_error,47,4030.51,0,0
59,37,737.34,0.94,0,42,wallet,network_error,43,1896.47,1,0
56,20,1333.07,0.76,4,35,netbanking,bank_error,16,2314.71,1,0
31,1,1819.63,0.55,1,61,card,network_error,46,8168.18,0,0
48,52,1270.49,0.65,2,60,netbanking,network_error,39,2949.53,1,0
22,3,2088.59,0.61,2,49,upi,network_error,38,4267.14,0,0
52,18,394.65,0.82,2,23,upi,network_error,21,1287.18,0,0
40,41,1134.74,0.76,2,68,card,expired_card,24,7126.22,0,0
46,14,2778.24,0.41,1,35,upi,card_declined,26,11052.74,2,1
60,31,555.52,0.52,0,14,upi,bank_error,47,2307.41,2,0
28,27,2402.86,0.69,0,22,card,bank_error,46,3080.31,2,0
35,17,2317.48,0.67,1,30,upi,expired_card,39,1514.65,1,1
64,55,461.32,0.71,2,3,card,expired_card,18,3774.68,0,1
29,46,1389.24,0.83,0,75,upi,card_declined,41,5280.81,0,0
26,29,1225.58,0.81,1,10,card,bank_error,24,5621.9,4,1
27,36,969.27,0.62,1,67,card,bank_error,44,11923.49,1,1
61,37,376.6,0.93,0,41,card,expired_card,28,12580.55,0,0
34,26,912.2,0.44,1,48,upi,insufficient_funds,20,7288.45,0,0
55,53,982.98,0.75,0,50,netbanking,expired_card,39,1394.86,1,1
24,17,334.02,0.97,1,69,upi,card_declined,17,7214.33,2,0
63,22,439.83,0.73,6,58,card,network_error,21,1665.69,1,0
30,25,573.12,0.67,1,15,card,bank_error,18,4516.36,1,0
57,2,526.47,0.48,2,48,upi,card_declined,2,6192.12,0,0
59,55,1378.0,0.89,0,6,upi,card_declined,37,3575.29,0,1
26,22,2075.71,0.62,4,4,card,insufficient_funds,36,16835.77,0,1
67,5,882.38,0.82,0,23,upi,insufficient_funds,17,3912.29,1,1
44,4,1875.07,0.52,2,45,card,insufficient_funds,43,5504.16,0,1
19,36,2136.11,0.43,0,65,upi,card_declined,6,14755.43,0,0
22,6,1033.07,0.58,0,56,card,bank_error,35,2541.59,0,0
46,52,1459.18,0.57,1,63,upi,bank_error,40,3950.92,0,0
54,21,937.91,0.92,3,15,netbanking,insufficient_funds,34,12175.11,0,1
55,13,499.71,0.92,2,4,card,network_error,22,7360.36,1,1
36,54,650.19,0.72,1,77,upi,bank_error,37,5137.56,0,0
25,37,1377.88,0.41,1,32,card,card_declined,32,1414.59,0,0
65,55,1007.34,0.54,0,9,wallet,bank_error,10,3974.72,0,0
62,25,1837.24,0.78,0,89,card,bank_error,6,1871.09,0,0
18,26,292.69,0.46,0,57,upi,card_declined,13,9532.5,0,1
39,55,346.33,0.82,1,67,card,bank_error,6,5078.81,0,0
69,39,376.25,0.41,0,39,card,network_error,36,1209.41,3,0
34,20,1232.32,0.81,2,40,upi,card_declined,33,1141.5,1,1
24,33,417.94,0.91,1,16,upi,expired_card,2,2788.97,1,1
42,14,1372.09,0.68,2,81,upi,expired_card,16,1653.46,0,0
62,56,1857.72,0.9,5,10,card,network_error,40,3096.66,0,0
21,36,3169.64,0.87,4,53,upi,bank_error,25,7463.79,0,0
53,17,2934.04,0.8,2,65,card,bank_error,20,2332.93,1,0
23,21,673.98,0.67,1,50,upi,bank_error,27,8800.93,3,0
48,46,340.79,0.56,2,29,upi,insufficient_funds,46,3216.88,2,1
36,16,704.61,0.92,2,18,card,bank_error,15,6333.4,1,0
61,46,2172.83,0.79,0,52,netbanking,expired_card,40,1369.27,1,0
56,16,834.82,0.88,2,32,netbanking,bank_error,10,10518.51,1,0
44,56,1078.12,0.73,2,33,card,expired_card,38,14010.21,2,0
27,20,742.47,0.5,3,86,card,bank_error,27,3757.79,2,0
43,29,3317.09,0.99,1,11,upi,insufficient_funds,17,3099.69,0,1
36,28,539.09,0.51,1,29,upi,bank_error,22,5103.67,1,1
56,8,1149.1,0.95,0,20,card,insufficient_funds,39,4016.36,0,1
20,24,2382.17,0.52,1,22,upi,bank_error,14,3317.57,0,1
62,3,3980.19,0.62,3,72,netbanking,bank_error,43,32144.82,0,0
30,25,674.28,0.66,2,86,card,insufficient_funds,28,10916.36,1,0
67,19,2148.58,0.95,1,15,netbanking,bank_error,8,6664.86,0,1
45,33,704.45,0.93,2,35,netbanking,bank_error,8,6038.89,0,1
37,2,2875.59,0.89,1,80,upi,bank_error,29,1310.27,1,1
45,15,3679.85,0.63,1,34,card,insufficient_funds,41,3633.47,0,0
25,22,588.33,0.4,1,20,card,expired_card,1,3244.13,0,0
58,10,1732.68,0.81,1,77,upi,card_declined,45,11777.67,0,0
56,18,2390.6,0.65,2,56,upi,insufficient_funds,9,2197.53,0,0
18,22,892.49,0.85,3,51,upi,expired_card,8,7038.68,0,0
20,46,1609.05,0.88,4,77,netbanking,card_declined,4,2576.29,1,0
30,49,1669.05,0.66,2,85,wallet,bank_error,21,6138.67,1,1
45,27,4477.21,0.85,1,50,upi,expired_card,5,2972.42,2,0
66,13,275.97,0.9,2,30,wallet,insufficient_funds,41,5828.72,2,1
42,33,1054.54,0.96,0,25,upi,insufficient_funds,41,5541.69,0,1
50,5,457.06,0.75,2,74,card,insufficient_funds,41,7041.86,3,0
55,26,1107.28,0.87,3,71,card,card_declined,38,11508.52,1,0
23,13,633.97,0.7,1,4,card,network_error,23,8534.69,1,1
61,27,917.41,0.42,2,63,upi,bank_error,23,10152.26,0,0
62,57,594.72,0.49,2,22,card,network_error,2,16039.58,1,1
49,14,1222.63,0.48,3,57,card,expired_card,3,4402.31,0,0
62,24,2325.58,0.5,0,54,netbanking,card_declined,11,4824.45,0,0
64,3,844.79,0.41,2,4,wallet,card_declined,28,1989.92,1,1
38,47,2985.24,0.92,1,65,card,card_declined,3,3154.79,0,0
33,51,2277.35,0.74,2,48,card,expired_card,9,959.1,1,0
38,49,4554.4,0.63,1,23,upi,card_declined,32,10716.92,2,0
28,30,1462.57,0.65,1,23,card,card_declined,45,3636.88,1,0
54,35,1050.32,0.68,2,6,upi,insufficient_funds,46,15466.06,0,0
53,48,361.53,0.44,0,69,upi,insufficient_funds,10,5808.11,0,0
52,14,634.49,0.56,2,64,card,bank_error,12,2549.9,2,1
36,12,948.11,0.91,1,87,upi,card_declined,44,1396.71,0,0
37,28,1030.03,0.85,1,71,card,bank_error,20,890.77,2,1
35,44,5676.59,0.74,0,5,wallet,insufficient_funds,41,1749.83,2,1
64,29,948.72,0.69,0,33,upi,insufficient_funds,12,7229.5,4,1
58,43,318.03,0.56,1,26,wallet,network_error,9,8185.96,2,0
66,17,1746.2,0.68,2,59,card,card_declined,25,5484.68,0,0
31,40,1676.64,0.76,1,85,card,bank_error,11,5891.84,1,1
32,49,795.32,0.83,1,34,card,bank_error,9,1713.8,0,0
48,21,4862.8,0.5,2,26,netbanking,expired_card,45,2179.72,0,0
18,57,290.72,0.89,1,74,upi,bank_error,45,2636.09,2,1
20,23,2629.69,0.61,0,66,netbanking,bank_error,13,6703.93,2,0
33,20,894.47,0.7,1,20,card,expired_card,13,1829.17,2,0
40,11,563.8,0.76,1,14,card,card_declined,7,7925.18,1,1
28,57,5885.69,0.69,2,71,card,insufficient_funds,12,1842.92,0,0
29,57,1836.63,0.74,2,74,upi,expired_card,41,11762.09,0,0
27,34,889.89,0.47,0,8,netbanking,card_declined,23,2223.82,0,1
49,10,877.31,0.66,1,58,upi,insufficient_funds,27,2308.89,0,0
33,10,1329.81,0.57,3,1,card,insufficient_funds,28,8645.65,0,0
25,43,793.64,0.45,2,31,upi,network_error,31,4957.53,0,0
55,6,2723.64,0.51,2,8,card,insufficient_funds,34,5182.15,1,0
29,36,1166.05,0.76,1,80,upi,card_declined,12,8201.83,0,0
41,24,2235.67,0.52,0,83,card,expired_card,4,4976.75,2,0
45,12,1268.45,0.51,0,60,netbanking,expired_card,20,11890.81,0,0
25,43,2016.03,0.73,4,62,netbanking,card_declined,36,3132.43,0,0
45,55,2812.58,0.94,2,10,upi,bank_error,3,4876.87,2,1
53,23,3556.92,0.87,1,18,card,insufficient_funds,29,8897.79,0,0
43,27,1546.37,0.94,1,66,card,bank_error,6,14187.04,0,1
25,58,597.9,0.75,1,66,card,card_declined,5,2219.43,0,0
67,57,971.84,0.65,1,52,upi,card_declined,43,3643.95,1,0
45,45,1076.75,0.84,1,67,card,bank_error,35,4782.84,1,0
45,37,734.18,0.56,1,88,netbanking,insufficient_funds,12,4950.1,0,0
54,6,653.21,0.45,1,9,netbanking,card_declined,38,6198.13,0,0
58,1,1239.11,0.61,0,48,card,card_declined,47,10735.2,2,1
53,6,550.97,0.58,1,60,upi,card_declined,20,6596.68,3,0
44,50,480.98,0.81,3,78,upi,bank_error,25,3567.29,0,1
34,22,334.92,0.73,0,52,card,bank_error,32,8645.26,0,0
26,41,1534.92,0.48,1,43,card,network_error,3,32795.99,0,0
50,24,1392.52,0.95,1,75,card,bank_error,46,3518.01,0,0
37,25,873.69,0.76,3,50,upi,bank_error,1,3008.52,1,0
30,15,2199.45,0.67,1,88,card,network_error,1,2117.67,1,0
45,26,545.03,0.96,0,14,upi,insufficient_funds,2,14329.64,1,1
65,8,1431.69,0.46,0,18,netbanking,card_declined,13,2110.36,1,0
46,51,1139.01,0.87,0,77,upi,insufficient_funds,18,3275.64,3,0
30,24,652.97,0.62,3,34,wallet,card_declined,42,8125.18,1,0
63,48,776.83,0.82,0,83,upi,network_error,42,2103.63,3,1
52,38,736.09,0.96,1,41,card,insufficient_funds,45,7976.48,0,0
23,6,1308.88,0.71,1,75,netbanking,insufficient_funds,21,4875.18,1,0
35,54,1661.37,0.41,0,49,card,card_declined,2,706.91,1,0
68,35,813.65,0.42,3,69,wallet,insufficient_funds,24,11986.51,0,0
22,42,666.16,0.6,1,85,upi,network_error,6,10904.5,1,0
64,1,1207.2,0.87,4,9,wallet,bank_error,3,2549.16,1,0
42,46,345.08,0.57,4,48,card,insufficient_funds,14,2700.58,2,0
19,36,1123.33,0.6,0,12,card,card_declined,31,3615.28,1,1
27,58,3272.28,0.87,3,65,card,bank_error,30,9214.18,0,0
47,12,669.97,0.47,0,14,card,expired_card,9,7516.43,1,0
67,38,968.94,0.91,1,64,upi,insufficient_funds,1,6110.4,0,1
62,11,2246.64,0.56,1,26,card,card_declined,38,10713.96,0,1
22,12,1859.89,0.43,2,7,upi,expired_card,47,2025.82,2,1
50,42,1145.15,0.47,4,55,upi,network_error,29,2101.3,1,1
18,50,1052.61,0.97,1,59,upi,insufficient_funds,25,15723.98,1,0
35,39,461.79,0.67,1,80,netbanking,insufficient_funds,39,3074.54,0,0
49,7,1546.59,0.55,2,79,card,network_error,20,3975.73,1,0
64,11,428.22,0.71,1,56,card,network_error,12,3847.73,1,1
66,36,258.36,0.81,0,68,card,insufficient_funds,34,3374.38,0,0
28,52,2220.91,0.59,1,30,card,bank_error,22,4750.71,1,1
38,31,1437.83,0.84,2,23,card,insufficient_funds,44,3968.75,0,0
43,33,2030.05,0.55,0,86,wallet,card_declined,14,8236.04,2,0
42,13,654.87,0.47,3,79,card,insufficient_funds,28,21423.85,1,0
39,18,1519.98,0.73,1,17,upi,bank_error,7,4179.88,2,1
44,41,806.46,0.49,1,2,netbanking,bank_error,6,11654.9,1,1
66,58,872.12,0.96,1,72,wallet,insufficient_funds,36,5048.21,1,0
30,56,2168.15,0.4,0,70,wallet,insufficient_funds,32,3417.46,2,0
50,24,987.47,0.85,3,39,netbanking,expired_card,45,1977.4,0,0
51,9,673.53,0.57,5,48,upi,card_declined,26,3210.23,0,0
58,31,421.63,0.91,0,5,card,insufficient_funds,6,523.9,0,0
52,55,1411.6,0.44,3,21,upi,bank_error,34,7500.15,3,1
18,41,2302.23,0.97,0,50,card,network_error,43,6070.72,1,1
38,10,633.85,0.46,2,20,card,card_declined,29,4584.18,2,0
65,2,1776.3,0.87,1,71,wallet,card_declined,6,2065.58,1,0
23,38,566.83,0.71,3,79,upi,card_declined,1,5077.53,0,0
45,15,1852.91,0.66,2,73,upi,card_declined,8,5763.61,1,0
34,3,1122.19,0.57,3,27,upi,card_declined,8,4780.36,0,0
22,43,1322.77,0.9,3,2,upi,network_error,26,2634.1,1,1
48,31,673.05,0.52,2,47,card,card_declined,22,5021.0,2,0
22,6,1408.51,0.83,1,40,wallet,insufficient_funds,45,1636.03,2,1
55,3,721.71,0.67,1,89,netbanking,network_error,16,7848.22,0,0
20,56,820.92,1.0,0,36,card,expired_card,10,6987.25,0,1
40,11,379.05,0.77,2,71,card,bank_error,17,19500.73,0,0
54,15,638.74,0.46,0,13,upi,insufficient_funds,45,2020.28,4,1
54,45,759.12,0.65,2,84,upi,card_declined,8,3390.71,0,0
27,52,1365.08,0.44,1,22,upi,bank_error,20,4243.09,1,1
27,28,1663.97,0.57,1,18,upi,insufficient_funds,1,2205.21,0,0
36,10,716.55,0.61,2,75,upi,expired_card,44,2191.27,0,0
34,38,977.39,0.91,2,6,netbanking,insufficient_funds,31,3732.16,0,1
38,47,3570.53,0.9,1,68,upi,bank_error,22,1635.47,2,0
31,57,1202.04,0.41,1,67,card,network_error,43,9908.99,1,1
26,50,753.08,0.72,2,52,netbanking,expired_card,25,3918.92,0,0
63,50,338.41,0.53,3,70,card,bank_error,12,6411.68,1,0
18,7,603.2,0.59,0,79,wallet,bank_error,29,6019.73,1,0
68,15,586.98,0.41,0,3,netbanking,card_declined,2,5945.73,1,0
62,18,4378.72,0.85,3,17,card,card_declined,14,7674.5,0,0
30,18,605.52,0.97,3,86,upi,card_declined,24,3272.62,2,0
21,52,1136.52,0.53,0,66,upi,insufficient_funds,25,27488.37,0,1
18,41,1421.59,0.61,1,57,wallet,card_declined,47,4514.08,2,0
66,24,2379.31,0.52,3,80,upi,bank_error,24,2539.59,0,0
57,2,1102.81,0.96,1,22,card,card_declined,12,1700.22,0,1
49,40,767.22,0.41,2,11,card,bank_error,3,1480.49,0,0
51,20,732.47,0.75,2,36,card,insufficient_funds,15,74904.75,0,1
45,34,1407.35,0.92,0,53,upi,insufficient_funds,45,5668.74,0,0
48,43,679.23,0.51,0,76,card,network_error,10,2796.51,1,1
25,26,506.27,0.75,2,40,upi,expired_card,10,2413.54,1,0
56,7,767.12,0.43,2,35,upi,insufficient_funds,40,8296.53,2,0
43,38,433.92,0.89,1,43,netbanking,card_declined,42,2546.83,2,0
51,30,4005.53,0.56,2,45,card,bank_error,27,6845.24,2,1
20,42,1665.01,0.99,1,41,card,expired_card,6,8294.09,1,1
67,5,3410.42,0.95,0,64,card,insufficient_funds,38,5989.85,0,1
29,11,1540.41,0.84,0,15,upi,card_declined,30,1055.49,1,0
18,1,3188.21,0.7,1,44,netbanking,card_declined,9,14538.3,0,0
61,34,1418.32,0.86,1,42,upi,expired_card,40,7626.82,3,0
22,56,1823.16,0.48,1,59,upi,bank_error,33,25182.43,0,0
47,1,246.26,0.59,1,85,upi,insufficient_funds,23,7827.27,0,0
47,19,578.23,0.42,1,4,card,network_error,21,2658.97,0,0
34,2,1125.35,0.79,2,71,card,bank_error,1,3667.66,0,0
65,21,1144.62,0.88,1,29,card,insufficient_funds,40,4391.98,0,0
64,20,1039.54,0.97,0,41,card,network_error,47,3875.14,2,1
40,23,1505.83,0.81,1,6,card,card_declined,12,2947.28,1,0
32,21,1549.89,0.84,1,39,upi,bank_error,35,6055.97,2,0
54,24,2009.38,0.94,0,81,wallet,insufficient_funds,46,3060.95,0,0
38,4,1751.62,0.96,0,66,card,card_declined,23,16637.87,1,0
31,12,2547.48,0.69,2,81,card,insufficient_funds,34,1512.71,0,0
19,22,2562.05,0.47,1,27,card,insufficient_funds,34,4311.67,1,0
28,20,1239.25,0.68,2,7,card,bank_error,27,2334.7,0,1
68,18,4708.64,0.73,0,11,wallet,network_error,32,4058.13,1,1
56,1,2839.92,0.78,2,32,wallet,expired_card,19,9324.72,0,0
55,30,623.37,0.99,0,87,card,network_error,18,7183.87,0,0
51,33,1443.49,0.95,3,51,card,insufficient_funds,8,17861.64,0,1
55,24,301.92,0.64,1,40,upi,insufficient_funds,35,1738.86,5,1
67,14,339.7,0.47,1,7,card,network_error,36,1387.36,2,0
51,36,773.06,0.53,2,1,upi,expired_card,28,2147.74,1,0
35,5,594.18,0.5,1,25,netbanking,network_error,36,1629.01,3,0
47,11,776.39,0.61,2,6,netbanking,network_error,38,7004.35,2,1
32,24,1380.15,0.93,1,16,upi,expired_card,44,9344.52,1,1
44,31,2585.58,0.66,2,15,card,insufficient_funds,39,14770.55,0,0
68,55,2490.47,0.74,2,22,card,expired_card,40,1369.96,2,0
51,13,1464.45,0.51,1,18,wallet,card_declined,5,2817.47,0,0
69,16,512.35,0.7,0,50,card,network_error,38,1610.77,0,1
55,24,742.36,0.92,1,72,upi,insufficient_funds,13,2143.7,2,0
50,13,1713.05,0.86,1,10,card,insufficient_funds,15,7461.67,1,0
41,24,615.06,0.45,0,49,card,insufficient_funds,4,959.93,1,0
32,54,451.76,0.92,2,70,card,bank_error,38,1960.82,0,0
47,26,1547.85,0.56,2,10,card,insufficient_funds,31,4698.27,2,1
59,2,1060.13,0.8,4,39,netbanking,card_declined,30,1096.77,2,0
68,16,946.11,0.49,2,58,card,expired_card,2,12191.52,1,0
34,38,2384.78,0.8,3,71,upi,card_declined,7,2821.89,0,0
22,46,2349.99,0.42,1,42,wallet,insufficient_funds,9,21949.17,0,0
46,1,3815.33,0.76,1,45,wallet,insufficient_funds,29,5403.38,2,0
21,49,695.07,0.79,1,28,upi,card_declined,30,3550.64,1,0
27,11,1481.5,0.55,0,89,card,network_error,19,1874.25,1,0
34,51,1111.32,0.96,1,73,card,card_declined,22,1907.21,0,1
27,35,1389.67,0.43,4,5,upi,bank_error,36,1733.28,0,0
34,43,495.68,0.94,1,57,wallet,insufficient_funds,3,6641.41,0,1
37,29,410.87,0.63,3,80,card,card_declined,30,12829.34,0,0
41,37,1066.19,0.83,1,29,upi,expired_card,37,7382.04,0,1
22,17,608.04,0.79,2,55,card,bank_error,16,1466.25,1,0
51,58,2114.86,0.5,2,23,card,card_declined,2,4983.28,1,1
23,54,383.57,0.59,0,57,upi,network_error,41,4306.26,1,1
19,39,406.37,0.72,1,18,card,network_error,11,3758.88,0,1
30,42,819.21,0.91,0,26,upi,insufficient_funds,47,946.72,0,0
60,28,373.66,0.97,0,5,card,network_error,28,639.4,1,0
60,29,3544.68,0.41,2,8,card,insufficient_funds,29,2904.4,0,0
65,43,964.84,0.61,1,19,upi,expired_card,27,2583.59,1,0
28,3,719.13,0.8,1,28,card,bank_error,45,11763.9,1,0
68,52,1521.69,0.72,1,68,upi,card_declined,6,8658.27,2,0
64,10,2035.9,0.97,4,84,upi,insufficient_funds,38,6308.75,1,1
40,59,1267.59,0.41,0,50,wallet,expired_card,18,2723.67,0,1
33,42,1045.59,0.66,2,86,card,card_declined,40,14258.2,0,0
48,14,550.91,0.8,1,76,upi,insufficient_funds,5,21100.76,0,0
28,12,1705.54,0.53,1,65,card,card_declined,10,8290.95,0,0
33,47,2956.3,0.84,1,8,card,insufficient_funds,22,3211.69,1,1
25,42,940.3,0.45,0,60,card,expired_card,41,4078.59,1,0
21,30,605.38,0.67,3,58,card,card_declined,24,37446.07,0,0
57,32,1245.19,0.81,0,27,card,network_error,7,6083.68,0,0
21,32,1098.67,0.56,2,85,card,card_declined,33,13537.46,1,0
42,42,468.04,0.44,2,33,netbanking,expired_card,12,3868.87,1,0
20,32,771.33,0.97,2,46,netbanking,expired_card,17,2321.89,4,0
49,26,3835.06,0.95,2,37,card,card_declined,36,2497.23,0,0
20,51,426.97,0.96,2,69,upi,insufficient_funds,34,650.72,1,1
44,1,676.25,0.99,3,15,card,card_declined,20,3020.38,0,1
46,56,564.48,0.51,3,67,netbanking,insufficient_funds,15,21560.5,0,0
49,58,600.52,0.49,1,28,upi,bank_error,9,5961.88,1,1
67,42,802.85,0.42,0,63,card,bank_error,16,3479.28,1,0
68,2,1500.97,0.94,5,3,upi,card_declined,8,1996.07,2,1
36,17,2740.77,0.85,2,52,upi,insufficient_funds,23,7696.27,1,0
38,30,1264.36,0.78,0,44,upi,card_declined,44,7483.95,0,1
22,56,679.21,0.96,0,60,upi,bank_error,7,7348.36,2,0
35,39,3222.59,0.75,0,58,upi,insufficient_funds,28,3064.78,0,0
45,7,257.75,0.48,3,14,card,network_error,31,3522.35,0,1
59,52,1757.13,0.51,1,6,card,insufficient_funds,40,4792.18,1,0
39,27,534.47,0.48,1,19,upi,bank_error,10,1589.13,1,0
38,9,1058.23,0.58,2,62,upi,bank_error,15,12348.08,2,0
23,22,1626.47,0.63,2,5,card,network_error,7,1881.87,0,1
18,34,356.47,0.88,2,49,card,network_error,42,25287.25,0,0
22,46,1210.95,0.51,1,51,card,card_declined,22,6023.29,1,0
58,49,1277.85,0.84,1,26,card,expired_card,22,7060.51,0,1
29,1,3052.26,0.69,2,56,card,card_declined,39,1620.66,4,1
43,9,7336.41,1.0,3,18,upi,expired_card,21,5814.94,1,0
63,20,369.78,0.87,5,45,card,bank_error,21,10617.12,2,0
51,53,2957.23,0.98,0,82,card,bank_error,26,6171.07,1,0
66,19,1067.94,0.61,2,9,netbanking,card_declined,42,5407.09,1,1
31,36,622.66,0.47,1,2,upi,bank_error,10,3972.27,1,0
43,40,1419.89,0.7,2,42,upi,network_error,25,6628.65,0,0
62,45,440.71,0.47,2,70,card,insufficient_funds,6,3596.99,2,0
44,4,459.51,0.7,2,84,upi,expired_card,15,6265.06,0,0
26,9,325.51,0.56,5,72,card,bank_error,24,16682.67,0,0
43,41,1607.22,0.69,3,68,card,insufficient_funds,16,12857.01,0,1
64,22,1378.72,0.97,1,89,card,network_error,37,5672.49,0,0
39,18,620.13,0.57,2,31,card,bank_error,4,1962.4,1,0
64,12,3186.0,1.0,2,19,card,insufficient_funds,18,4133.35,1,1
47,42,689.48,0.54,3,71,card,network_error,41,7031.59,2,1
60,43,2692.14,0.52,2,47,upi,insufficient_funds,37,7490.6,1,0
65,39,1194.47,0.73,1,37,card,expired_card,11,12123.63,3,1
34,9,683.03,0.91,1,81,card,network_error,13,1883.31,1,0
43,6,1011.83,0.85,1,19,upi,card_declined,6,11328.77,0,0
53,19,455.95,0.83,0,89,card,insufficient_funds,33,8539.94,2,1
18,48,1276.29,0.57,2,25,upi,bank_error,36,13889.91,3,0
25,47,1120.34,0.41,3,53,card,card_declined,21,1796.5,1,0
66,7,1586.39,0.5,2,75,card,bank_error,47,63744.26,1,0
52,16,2029.22,0.61,2,4,upi,card_declined,31,2239.93,0,0
69,5,1189.08,0.98,2,46,netbanking,bank_error,18,2953.06,1,0
32,16,390.17,0.95,1,31,upi,insufficient_funds,17,2811.85,0,1
64,1,2106.23,0.52,2,36,card,insufficient_funds,9,8073.24,0,0
39,51,1107.95,0.84,3,4,upi,card_declined,15,6072.16,0,0
31,37,291.24,0.75,0,2,upi,insufficient_funds,29,4022.7,1,0
43,39,1362.03,0.43,0,39,netbanking,card_declined,4,16456.62,0,0
45,19,1435.96,0.62,4,44,upi,card_declined,24,9286.58,0,0
40,54,853.26,0.69,2,19,wallet,insufficient_funds,11,3307.76,1,0
31,37,954.81,0.8,0,41,card,card_declined,24,2112.96,1,1
41,17,722.93,0.58,2,38,card,insufficient_funds,44,11959.12,0,0
19,26,1467.46,0.96,0,74,card,bank_error,12,2308.76,1,0
62,22,1209.54,0.67,0,65,upi,card_declined,31,8213.75,1,0
43,8,580.7,0.55,1,35,upi,bank_error,4,733.21,3,1
31,33,3403.57,0.59,2,11,card,card_declined,40,4769.47,0,0
68,2,688.1,0.85,3,59,card,card_declined,44,16833.11,2,0
24,30,164.92,0.78,4,78,upi,card_declined,20,7283.59,0,0
20,47,788.81,0.85,0,70,upi,insufficient_funds,6,18629.71,1,1
64,20,2256.69,0.58,3,43,card,expired_card,45,3284.13,0,0
40,18,949.02,0.6,0,89,wallet,insufficient_funds,5,6060.28,1,1
63,43,349.2,0.64,0,87,card,insufficient_funds,14,4275.12,1,0
60,57,533.97,0.51,1,5,wallet,insufficient_funds,15,5114.31,0,0
64,10,514.56,0.81,0,26,card,bank_error,17,2352.8,1,1
62,24,733.11,0.6,2,82,card,bank_error,15,5070.6,0,0
35,56,913.06,0.6,1,32,card,insufficient_funds,25,3999.4,0,1
55,4,1549.52,0.56,2,47,upi,card_declined,43,3317.98,1,0
52,37,1199.8,0.67,0,56,card,card_declined,14,3158.92,1,0
68,4,1240.76,0.86,1,85,card,insufficient_funds,28,3588.71,1,0
32,13,3810.62,0.9,2,50,wallet,card_declined,31,10585.21,2,0
42,25,2003.36,0.88,2,74,netbanking,insufficient_funds,45,5754.08,1,1
54,13,1883.64,0.77,0,58,card,card_declined,27,4075.21,1,1
45,18,308.21,0.57,1,28,upi,insufficient_funds,41,7137.09,0,0
27,59,647.9,0.84,1,79,card,network_error,36,6817.1,0,1
56,24,358.56,0.42,1,55,upi,insufficient_funds,16,4270.25,0,0
34,2,640.12,0.88,0,58,card,network_error,35,1920.47,1,0
56,48,1912.96,0.87,2,40,card,expired_card,13,711.04,0,0
39,33,832.99,0.8,0,58,upi,network_error,21,19874.18,0,1
43,58,2323.22,0.46,2,72,card,card_declined,47,4365.53,0,0
61,19,1781.47,1.0,2,46,card,insufficient_funds,20,2456.09,0,0
42,9,1136.05,0.85,1,74,wallet,insufficient_funds,8,2592.82,2,0
34,28,2361.93,0.84,4,45,upi,card_declined,20,10198.06,0,0
30,35,2850.05,0.44,2,10,card,expired_card,32,25371.27,0,0
37,57,1507.29,0.64,1,82,card,network_error,6,10951.26,2,0
42,39,1288.17,0.45,0,48,upi,insufficient_funds,14,2519.2,1,0
21,10,1708.48,0.62,4,62,netbanking,network_error,34,18911.85,1,0
27,1,409.69,0.74,2,28,netbanking,network_error,36,21225.99,2,1
20,42,1009.99,0.93,0,20,upi,insufficient_funds,12,1006.38,1,1
58,21,1078.37,0.57,2,88,upi,expired_card,34,18638.89,1,0
62,9,847.15,0.77,4,70,upi,bank_error,16,2379.34,0,0
35,47,631.03,0.5,0,41,card,insufficient_funds,44,6179.58,2,0
64,15,2205.33,0.61,3,6,netbanking,network_error,35,20901.96,0,0
53,35,1235.26,0.97,1,11,card,card_declined,43,2404.72,0,0
64,57,1316.45,0.85,1,30,upi,insufficient_funds,13,9233.39,1,1
39,5,2972.64,0.73,3,3,upi,bank_error,27,10399.04,1,0
51,41,956.49,0.55,2,72,card,bank_error,41,6750.2,1,1
64,58,835.35,0.63,3,33,card,card_declined,30,1947.55,2,0
25,22,2843.82,0.49,1,54,upi,card_declined,33,5719.41,3,0
57,41,386.25,0.61,1,47,card,card_declined,36,2573.31,2,1
66,23,1136.64,0.49,3,83,card,insufficient_funds,32,8744.29,0,0
61,7,654.36,0.88,1,10,upi,insufficient_funds,14,14450.34,3,1
36,56,1345.98,0.45,3,19,wallet,bank_error,40,16228.6,0,0
59,23,1636.6,0.51,0,9,card,bank_error,45,13021.87,0,0
58,44,1701.58,0.81,1,7,upi,expired_card,20,1135.48,0,0
54,25,2249.28,0.94,0,61,card,insufficient_funds,27,1730.27,1,1
23,27,918.95,0.98,2,14,upi,bank_error,33,1562.85,1,0
69,41,959.92,0.9,4,2,wallet,bank_error,32,3950.18,0,0
43,6,1585.45,0.53,2,22,card,expired_card,42,10099.71,1,0
51,55,2041.11,0.57,1,60,wallet,card_declined,29,4526.97,2,0
62,34,441.33,0.92,1,45,netbanking,card_declined,36,3124.0,2,1
23,9,1366.33,0.93,2,20,upi,bank_error,7,1241.77,1,0
54,49,831.58,0.78,2,26,upi,insufficient_funds,22,13211.41,0,0
50,33,1165.62,0.59,0,59,netbanking,insufficient_funds,25,8436.36,1,0
39,51,854.33,0.53,1,68,netbanking,bank_error,11,6941.42,0,0
38,6,661.21,0.91,1,39,card,insufficient_funds,3,2966.75,1,0
23,37,537.56,0.52,1,23,netbanking,bank_error,5,6761.77,1,0
23,31,986.62,0.8,1,80,card,network_error,44,3088.95,1,0
65,34,1409.35,0.98,0,25,netbanking,network_error,43,4689.28,0,1
21,41,719.02,0.82,0,73,card,expired_card,33,9554.57,4,0
47,29,2522.15,0.55,1,53,upi,insufficient_funds,44,1893.25,1,0
28,58,6129.79,0.57,0,11,upi,expired_card,9,5451.05,2,0
47,14,1464.38,0.46,0,25,card,network_error,11,14220.53,0,1
48,36,1065.43,0.81,4,31,upi,card_declined,3,23505.25,1,1
41,36,579.07,0.71,1,46,wallet,insufficient_funds,8,1895.04,1,0
26,53,1420.89,0.52,1,27,card,bank_error,36,5644.86,1,0
20,15,3084.12,0.54,1,63,card,insufficient_funds,9,3044.74,4,0
68,8,4289.54,0.41,0,47,upi,card_declined,36,15279.25,1,0
48,26,2914.08,0.99,0,14,upi,insufficient_funds,33,2007.23,1,1
57,36,1978.94,0.9,0,23,card,bank_error,23,8525.04,1,0
54,48,1461.38,0.64,1,16,upi,insufficient_funds,3,967.97,0,0
53,21,526.33,0.97,1,20,netbanking,bank_error,43,7731.68,0,1
41,28,1022.69,0.81,0,3,card,insufficient_funds,42,10159.4,1,1
48,4,942.83,0.85,1,6,upi,insufficient_funds,16,3049.06,2,1
23,16,1027.37,0.81,4,29,upi,card_declined,46,855.14,0,0
19,22,662.76,0.85,0,4,card,bank_error,8,11318.35,1,1
37,12,1864.04,0.5,3,65,wallet,network_error,43,1052.99,0,0
45,16,905.33,0.74,1,8,card,bank_error,1,1066.61,1,1
28,51,855.32,0.91,2,48,upi,insufficient_funds,43,7035.71,0,0
21,40,664.33,0.41,0,84,card,bank_error,24,9688.02,0,0
32,38,1290.27,0.47,1,16,card,insufficient_funds,29,5491.55,2,0
23,42,3126.73,0.55,2,47,card,expired_card,13,1111.48,2,0
66,37,1088.82,0.58,2,31,card,insufficient_funds,45,1125.46,0,0
47,29,1335.71,0.51,1,29,netbanking,bank_error,2,4491.11,2,0
55,18,4250.03,0.77,0,76,card,bank_error,33,16285.29,0,0
68,10,2546.33,0.58,0,68,upi,network_error,14,14710.87,0,0
19,42,1654.78,0.49,2,43,wallet,card_declined,10,5236.19,1,0
32,39,1606.78,0.94,3,34,card,expired_card,4,3558.97,0,1
28,18,718.99,0.82,2,6,netbanking,bank_error,47,1034.38,0,0
25,1,671.42,0.55,3,49,card,expired_card,16,3512.98,1,0
43,39,1210.74,0.62,0,60,card,bank_error,33,2463.3,2,1
68,21,1232.43,0.84,1,51,upi,network_error,47,13072.17,0,0
62,1,604.96,0.87,1,9,netbanking,network_error,13,4993.64,0,1
61,15,1794.19,0.51,0,5,card,network_error,5,3206.97,0,0
22,4,903.15,0.96,3,64,upi,card_declined,8,3967.19,0,0
23,20,2414.2,0.87,1,16,card,network_error,43,4517.62,1,1
43,10,1054.91,0.91,1,59,upi,network_error,47,6909.45,1,1
21,23,991.54,0.49,1,56,upi,expired_card,8,16475.02,1,1
36,41,568.97,0.49,1,65,upi,bank_error,31,2215.65,3,0
37,34,614.31,0.58,0,84,wallet,card_declined,21,1157.51,2,0
50,46,2758.48,0.44,0,35,wallet,card_declined,10,1996.37,1,1
37,48,1323.82,0.45,4,10,card,insufficient_funds,21,3987.51,0,0
66,33,1440.16,0.49,0,89,upi,card_declined,45,3319.8,1,0
29,34,3362.54,0.83,3,47,upi,insufficient_funds,11,1945.85,1,1
64,39,436.02,0.42,2,35,netbanking,expired_card,24,41388.61,0,1
18,10,1754.39,0.45,1,62,card,expired_card,28,11952.96,0,0
43,54,360.86,0.97,0,33,card,expired_card,31,2605.53,0,1
31,20,807.26,0.45,1,15,netbanking,card_declined,12,4838.88,0,0
55,1,491.98,0.72,0,85,card,card_declined,45,9489.7,0,0
54,13,2000.22,0.79,1,35,card,network_error,24,7766.96,2,0
28,1,292.13,0.98,1,10,card,network_error,45,5842.35,0,1
53,5,933.5,0.94,0,80,upi,expired_card,28,2425.32,1,0
30,16,487.29,0.66,3,20,card,bank_error,18,8502.42,1,1
60,15,602.83,0.97,2,8,upi,card_declined,33,7994.06,0,1
20,49,671.49,0.66,3,8,card,insufficient_funds,15,5056.65,2,1
50,28,2761.07,0.8,1,13,upi,insufficient_funds,28,3358.29,1,1
23,31,867.26,0.56,1,88,card,card_declined,28,4991.46,1,0
67,23,3674.34,0.78,1,76,card,card_declined,40,4853.84,0,0
27,48,4253.98,0.72,0,59,upi,insufficient_funds,41,716.58,1,1
22,45,4815.42,0.76,3,81,card,card_declined,12,2200.93,0,0
40,43,1052.44,0.81,3,47,upi,insufficient_funds,23,3061.07,0,0
27,17,1270.61,0.5,0,60,wallet,insufficient_funds,30,3112.0,1,0
61,49,1428.77,0.58,0,41,upi,expired_card,24,1711.1,0,0
19,34,847.9,0.84,1,52,card,bank_error,9,1394.13,0,1
30,13,1475.95,0.5,1,76,card,insufficient_funds,42,4889.84,1,0
57,14,569.84,0.61,1,54,upi,card_declined,13,10370.68,1,0
19,11,295.06,0.8,0,36,upi,card_declined,42,2609.13,1,0
37,28,1807.85,0.96,1,77,card,insufficient_funds,20,8808.85,1,0
18,42,858.48,0.45,1,69,card,insufficient_funds,19,3961.25,0,0
54,32,553.53,0.71,1,13,card,insufficient_funds,4,11718.78,0,0
26,35,604.77,0.45,2,72,upi,bank_error,26,6321.65,2,1
34,59,3167.14,0.63,2,11,upi,network_error,18,3587.65,1,1
26,31,1517.59,0.51,2,8,upi,insufficient_funds,33,34367.86,0,1
28,17,377.81,0.79,4,31,upi,insufficient_funds,20,3463.73,1,0
32,47,477.76,0.85,2,62,upi,network_error,43,5497.38,0,1
41,9,893.98,0.55,0,12,card,network_error,21,9370.17,0,0
55,10,1530.71,0.83,1,11,upi,insufficient_funds,40,2500.15,0,1
52,8,628.79,0.67,2,17,wallet,card_declined,23,1797.12,1,1
47,21,971.59,0.57,0,27,upi,insufficient_funds,11,6263.02,1,1
48,13,1188.19,0.71,1,77,card,insufficient_funds,6,6477.66,1,0
66,59,1205.55,0.63,1,13,card,card_declined,6,3061.73,0,0
22,50,205.08,0.54,1,86,upi,card_declined,43,6671.67,0,0
61,5,1280.68,0.85,3,44,card,network_error,37,8041.61,1,0
67,6,326.03,0.88,3,58,upi,card_declined,11,2341.53,0,0
31,30,897.42,0.88,1,88,upi,bank_error,36,10635.73,2,0
28,31,772.02,0.63,0,30,netbanking,network_error,8,2184.93,1,0
26,17,515.37,0.5,3,13,upi,bank_error,24,9099.45,2,0
51,11,1978.74,0.9,1,8,upi,bank_error,43,18853.79,2,0
29,20,499.3,0.6,2,69,card,bank_error,10,6536.35,0,0
52,48,760.48,0.85,1,64,card,insufficient_funds,43,3091.42,1,1
52,9,2028.63,0.89,0,52,card,card_declined,19,12386.97,0,1
18,2,745.42,0.86,5,6,card,insufficient_funds,24,5099.67,0,0
57,37,644.87,0.63,0,71,card,card_declined,33,5647.11,0,0
39,1,908.95,0.96,0,54,upi,insufficient_funds,40,12241.32,1,0
46,4,1600.95,0.8,3,22,upi,insufficient_funds,23,29359.69,0,0
25,36,3018.2,0.75,1,63,card,bank_error,7,9308.47,0,1
28,54,569.47,0.82,0,79,card,network_error,5,7242.76,4,0
58,58,602.71,0.43,3,37,upi,bank_error,37,2817.75,1,0
54,25,903.76,0.63,1,56,upi,card_declined,47,5530.29,0,0
31,3,1288.33,0.93,0,41,card,card_declined,25,10592.41,0,0
47,9,639.59,0.5,1,60,netbanking,insufficient_funds,13,5593.1,0,0
52,22,1775.78,0.65,0,20,upi,card_declined,10,19397.26,1,1
38,23,577.04,0.64,2,69,card,card_declined,17,24050.69,1,1
54,12,289.86,0.61,1,45,card,bank_error,40,17603.36,1,0
22,10,1591.2,0.74,2,58,upi,insufficient_funds,14,9628.78,4,0
36,34,1725.57,1.0,2,76,upi,insufficient_funds,11,2645.44,2,1
31,43,2278.46,0.55,1,37,netbanking,insufficient_funds,46,2916.67,2,0
43,10,271.96,0.82,0,39,card,bank_error,10,4453.33,0,1
21,30,688.19,0.85,1,3,upi,network_error,47,2093.34,1,1
42,22,919.89,0.75,3,77,upi,expired_card,46,4747.03,0,0
62,6,3751.35,0.46,0,75,upi,card_declined,41,3273.96,0,0
59,50,980.99,0.74,2,74,card,network_error,30,7115.3,1,0
42,2,427.28,0.97,1,73,card,expired_card,44,3765.9,1,0
35,30,1349.81,0.61,4,38,card,card_declined,16,8645.98,1,0
57,2,2742.48,0.78,0,46,wallet,expired_card,37,2100.5,0,1
25,32,2362.91,0.98,0,49,upi,network_error,14,1588.8,0,1
56,42,1624.99,0.88,1,34,card,insufficient_funds,30,3919.72,1,1
57,16,1317.96,0.81,1,26,upi,insufficient_funds,4,10162.16,1,1
31,12,224.21,0.98,3,2,wallet,insufficient_funds,39,6998.6,2,0
49,1,1116.51,0.5,0,56,upi,network_error,3,5164.68,1,0
68,53,1242.27,0.86,1,7,card,network_error,21,10646.18,1,1
55,8,980.5,0.64,3,36,wallet,card_declined,22,8238.17,1,0
50,48,1798.97,0.62,1,40,wallet,insufficient_funds,4,17594.79,1,1
40,50,969.52,0.71,1,78,card,card_declined,23,4013.3,2,0
32,13,847.26,0.42,1,26,card,insufficient_funds,4,8093.58,1,0
50,15,2269.46,0.59,2,84,wallet,network_error,6,11086.83,2,1
42,53,820.97,0.5,0,75,upi,bank_error,38,3352.41,0,0
34,44,1147.4,0.48,3,69,card,card_declined,25,7699.74,1,0
50,8,2055.49,0.6,2,16,card,insufficient_funds,2,12285.41,0,0
64,10,540.52,0.88,2,75,card,bank_error,33,7097.48,0,0
19,46,500.98,0.52,2,9,upi,card_declined,37,1730.73,2,0
31,5,2837.16,0.72,2,22,card,network_error,34,9794.32,0,0
57,50,724.22,0.85,0,5,card,insufficient_funds,26,9617.69,0,0
57,19,1780.59,0.54,1,84,card,expired_card,15,1345.32,1,0
68,47,316.48,0.95,0,43,card,card_declined,21,6100.05,0,0
56,38,190.16,0.92,1,30,card,card_declined,17,8586.35,1,1
68,59,1415.11,0.55,3,74,netbanking,bank_error,47,11495.27,0,0
23,11,1002.98,0.99,4,32,card,card_declined,20,4120.86,0,1
23,53,1424.45,0.8,2,88,upi,insufficient_funds,8,6001.56,0,1
20,43,4073.66,0.57,2,17,card,bank_error,7,1090.64,1,0
24,20,461.21,0.81,2,67,upi,insufficient_funds,1,11127.05,0,0
68,20,1126.34,0.8,2,26,card,card_declined,3,2846.28,0,0
25,21,3084.75,0.76,2,12,card,network_error,38,7809.53,2,0
59,18,510.25,0.83,2,37,netbanking,bank_error,38,2018.92,1,1
69,57,728.28,0.56,3,42,card,network_error,34,7589.79,2,1
32,50,318.27,0.99,2,57,upi,bank_error,31,5773.37,1,1
64,10,5252.68,0.91,1,12,netbanking,expired_card,8,4248.3,1,1
46,34,234.35,0.85,2,46,upi,insufficient_funds,25,475.7,1,0
50,26,1917.95,0.42,1,27,wallet,expired_card,28,2236.97,0,0
69,30,435.35,0.75,1,78,card,network_error,25,6052.77,0,0
47,9,525.51,0.82,0,7,netbanking,insufficient_funds,1,1925.13,1,1
56,46,2309.46,0.91,0,38,upi,insufficient_funds,16,4357.44,0,1
44,51,652.13,0.97,0,48,card,expired_card,3,2921.45,1,0
53,31,1730.65,0.95,3,42,upi,bank_error,43,11674.02,1,0
46,42,2881.37,0.64,1,27,upi,expired_card,37,1249.57,1,0
55,55,1262.04,0.94,1,10,card,expired_card,14,3299.01,0,1
50,4,2043.67,0.4,2,42,upi,insufficient_funds,14,4222.18,1,0
54,6,1160.34,0.61,1,58,card,insufficient_funds,42,13282.66,1,1
44,14,1198.59,0.47,1,41,netbanking,network_error,40,7408.95,2,1
50,4,703.14,0.93,2,9,upi,insufficient_funds,15,10541.69,0,1
21,26,4231.03,0.96,0,46,card,network_error,23,3596.52,2,0
39,47,1844.55,0.55,1,82,card,insufficient_funds,2,4628.5,0,0
19,48,1580.13,0.62,3,54,netbanking,card_declined,28,4523.69,1,0
27,39,1880.34,0.99,4,59,card,card_declined,43,5572.08,1,0
22,17,682.59,0.74,0,13,card,insufficient_funds,39,9495.61,0,0
27,19,2104.18,0.7,2,86,upi,network_error,11,7857.75,2,0
50,51,3258.81,0.7,4,16,card,card_declined,27,20294.36,0,0
55,49,417.18,0.82,4,45,card,insufficient_funds,22,10773.84,0,0
30,6,1602.14,0.97,2,32,upi,card_declined,14,5337.63,0,1
48,29,1145.91,0.62,3,40,card,network_error,17,2726.84,2,0
64,11,762.48,0.5,2,44,card,insufficient_funds,39,7831.21,0,0
53,16,510.16,0.51,2,83,upi,network_error,2,1216.35,0,0
62,30,2290.08,0.41,1,47,wallet,card_declined,30,2808.65,0,0
41,25,1268.5,0.73,4,70,netbanking,insufficient_funds,29,5634.31,1,0
69,40,948.62,0.96,2,60,upi,expired_card,39,12459.91,3,0
32,11,1603.06,0.83,0,35,card,card_declined,20,4152.71,1,0
46,7,1003.01,1.0,1,75,wallet,card_declined,32,6466.51,1,0
25,26,669.91,0.95,0,60,upi,bank_error,1,3237.89,1,1
22,56,1200.23,0.7,2,37,upi,bank_error,35,27246.48,0,1
46,22,1075.34,0.69,3,22,netbanking,card_declined,21,10705.36,0,0
64,25,316.74,0.78,0,13,upi,insufficient_funds,6,5969.17,1,1
21,19,705.78,0.47,0,16,wallet,card_declined,19,9259.8,1,0
29,31,452.56,0.76,1,86,netbanking,expired_card,35,3405.41,0,1
62,26,345.16,0.68,1,60,upi,network_error,16,3631.83,1,1
19,42,1521.41,0.79,0,42,wallet,network_error,13,10884.51,0,1
44,41,686.68,0.74,1,13,card,network_error,14,8884.69,0,1
48,36,2273.29,0.59,0,87,upi,bank_error,10,7875.74,2,1
68,23,304.9,0.76,3,63,card,bank_error,13,1822.41,0,0
68,47,890.31,0.62,4,32,netbanking,insufficient_funds,32,8528.71,2,0
53,13,712.55,0.52,3,23,card,card_declined,30,10158.08,2,0
53,25,363.37,0.81,3,43,wallet,card_declined,6,9248.5,1,0
43,2,1100.55,0.58,0,32,card,card_declined,13,10710.35,1,0
60,2,386.27,0.93,2,28,upi,bank_error,18,6583.6,0,0
44,16,1281.65,0.52,3,33,card,card_declined,18,16820.98,1,0
22,9,1816.25,0.76,1,26,upi,network_error,23,13870.61,1,0
37,28,1322.51,0.74,1,81,upi,bank_error,36,5698.97,1,0
28,13,1444.79,0.52,2,42,wallet,insufficient_funds,28,2139.89,3,0
27,35,2257.16,0.66,3,29,upi,bank_error,6,6396.2,2,0
57,41,1076.28,0.81,0,2,upi,expired_card,16,4701.43,0,0
55,13,615.1,0.59,4,34,card,insufficient_funds,25,11982.71,1,0
23,31,716.04,0.47,2,38,card,card_declined,12,2832.84,0,1
25,21,726.94,0.77,1,12,netbanking,card_declined,42,1639.85,0,1
40,32,528.3,0.53,2,52,card,insufficient_funds,28,1027.97,1,0
64,54,1898.74,0.81,2,21,netbanking,network_error,29,13746.61,1,1
43,34,1585.78,0.9,0,40,card,bank_error,27,14516.02,1,1
63,8,341.89,0.47,3,67,card,insufficient_funds,13,25326.5,1,1
60,59,614.97,0.66,1,49,wallet,insufficient_funds,16,26306.83,1,0
29,41,510.61,0.67,1,26,netbanking,insufficient_funds,22,18533.43,1,1
43,48,1369.42,0.78,1,52,card,bank_error,20,9495.57,0,1
30,2,2329.84,0.6,2,62,card,network_error,33,3536.82,1,0
57,38,1500.76,0.65,3,69,wallet,insufficient_funds,7,3017.29,2,0
35,32,671.27,0.41,3,61,card,bank_error,36,5088.18,1,0
42,54,877.18,0.47,1,84,card,bank_error,44,11310.43,1,0
50,40,413.64,0.74,1,46,upi,card_declined,9,2232.91,0,0
64,58,436.46,0.53,1,72,card,insufficient_funds,11,2102.87,2,0
57,28,1982.74,0.49,4,29,card,card_declined,25,7788.39,1,0
60,37,3013.56,0.59,2,50,upi,insufficient_funds,33,2207.36,1,0
29,41,664.92,0.5,4,2,netbanking,insufficient_funds,42,1354.92,0,0
61,1,1134.2,0.44,1,64,wallet,insufficient_funds,47,4428.02,0,0
53,41,1815.95,0.57,0,66,upi,bank_error,20,9277.96,3,0
65,10,342.17,0.5,1,43,upi,insufficient_funds,34,2734.32,0,0
21,55,526.33,0.88,2,87,upi,card_declined,25,1860.88,2,0
22,4,4427.3,0.44,0,10,card,insufficient_funds,44,1851.82,1,0
54,35,560.93,0.85,3,53,wallet,insufficient_funds,15,5356.45,1,0
25,10,851.26,0.63,0,83,card,expired_card,27,4456.5,0,0
59,47,719.06,0.81,0,28,card,insufficient_funds,33,3114.49,0,1
66,11,271.42,0.43,0,2,upi,bank_error,31,3679.13,0,1
45,14,1162.01,0.95,0,29,card,insufficient_funds,15,6581.2,1,0
48,38,1077.42,0.86,1,52,card,insufficient_funds,13,5071.16,1,1
26,12,1244.63,0.48,0,14,card,expired_card,41,2960.49,2,1
68,45,1033.59,0.53,0,28,card,bank_error,16,12304.02,1,1
46,17,794.81,0.79,2,1,netbanking,bank_error,30,13911.74,0,0
31,16,763.5,0.95,2,59,upi,expired_card,17,2439.09,0,0
57,35,772.69,0.67,2,44,card,bank_error,18,1820.52,0,0
58,2,548.9,0.69,1,80,card,bank_error,21,4637.74,0,1
39,11,611.76,0.54,0,85,upi,insufficient_funds,32,7117.76,0,1
28,41,555.38,0.63,2,78,upi,bank_error,12,4953.93,1,1
40,3,1638.26,0.57,1,43,upi,card_declined,1,28684.94,0,1
18,29,1358.68,0.61,0,17,netbanking,card_declined,13,5758.28,1,0
63,18,1117.66,0.41,0,54,card,insufficient_funds,8,5804.62,0,0
54,20,4270.92,0.42,2,15,upi,network_error,44,7749.01,0,1
38,47,573.65,0.81,0,48,upi,network_error,41,5750.61,2,1
43,14,2399.81,0.81,1,46,wallet,expired_card,14,5678.53,4,0
63,34,914.14,0.6,0,49,card,card_declined,16,1548.52,1,0
53,49,1224.17,0.93,2,36,card,insufficient_funds,19,3706.81,1,0
40,54,1754.25,0.56,0,14,card,card_declined,10,4070.7,1,0
18,31,785.03,0.64,2,3,upi,card_declined,31,7673.98,0,1
68,58,523.38,0.84,1,6,card,expired_card,36,14408.47,1,0
57,40,587.43,0.85,1,22,netbanking,insufficient_funds,3,5991.76,0,0
32,42,251.04,0.92,1,22,wallet,insufficient_funds,2,3163.96,0,0
38,58,1676.99,0.42,1,36,card,card_declined,37,1532.63,3,1
64,18,1648.99,0.51,0,71,upi,network_error,18,20192.43,2,1
26,30,3322.77,0.78,0,50,card,insufficient_funds,14,3621.44,3,1
26,25,1466.23,0.6,1,76,netbanking,insufficient_funds,2,10221.78,0,0
27,19,1734.82,0.43,0,80,card,card_declined,24,6502.52,2,0
69,8,1035.79,0.75,1,69,wallet,bank_error,2,12945.4,1,0
43,28,1518.4,0.64,0,35,card,bank_error,24,1342.18,1,1
58,8,2351.28,0.62,0,9,card,expired_card,14,2011.2,1,0
52,31,1245.17,0.56,2,29,upi,expired_card,1,2547.77,2,0
69,3,761.38,0.4,1,27,card,insufficient_funds,46,28061.02,1,1
42,3,939.96,0.51,0,57,card,card_declined,11,2188.34,1,0
43,44,1856.23,0.68,1,74,upi,network_error,15,3275.04,0,0
28,22,777.52,0.57,2,89,upi,expired_card,8,3620.75,1,0
55,17,2043.35,0.92,0,59,wallet,insufficient_funds,29,10305.8,2,0
19,36,4171.45,0.49,4,42,card,card_declined,30,30794.65,2,0
24,17,2061.16,0.93,0,53,upi,insufficient_funds,42,10613.53,1,1
35,14,1850.1,0.64,0,38,netbanking,network_error,25,4615.75,1,1
44,51,1398.76,0.57,0,89,netbanking,expired_card,3,1314.67,1,0
51,9,636.63,0.58,1,4,card,bank_error,1,9391.53,1,1
44,30,597.46,0.6,3,52,card,expired_card,27,6537.22,1,0
34,21,593.28,0.7,3,44,card,insufficient_funds,24,6297.86,0,0
60,12,1616.98,0.61,1,23,upi,bank_error,24,6038.78,0,0
61,37,834.95,0.79,3,74,netbanking,card_declined,40,7069.5,0,0
68,32,1074.6,0.66,3,70,netbanking,bank_error,3,18827.9,0,0
41,11,1470.06,0.8,1,77,netbanking,insufficient_funds,1,1319.68,1,1
42,20,608.93,0.76,1,69,card,card_declined,7,8409.58,0,0
24,35,771.74,0.55,1,60,card,network_error,22,6771.64,1,1
69,53,1374.74,0.89,0,4,card,insufficient_funds,11,7233.92,0,1
23,47,894.62,0.88,1,3,upi,bank_error,4,1992.57,0,1
41,46,955.07,0.99,1,23,card,card_declined,18,2024.91,1,0
50,11,532.27,0.51,1,37,card,insufficient_funds,11,4180.1,2,0
66,52,964.16,0.91,0,18,card,insufficient_funds,33,7132.33,1,1
46,8,3486.03,0.92,1,5,card,network_error,43,8532.06,1,0
60,4,802.36,0.79,1,41,card,insufficient_funds,41,7813.38,1,0
39,27,491.32,0.7,2,38,wallet,card_declined,2,15691.31,0,0
43,44,2144.57,0.97,1,47,card,card_declined,23,6549.98,1,0
45,40,1581.85,0.98,3,82,netbanking,insufficient_funds,25,3755.49,1,0
67,38,1272.62,0.79,2,72,wallet,insufficient_funds,9,34339.81,1,1
38,47,435.7,0.62,1,12,card,card_declined,20,6177.89,1,0
66,30,481.24,0.89,1,30,wallet,card_declined,46,6327.0,0,0
24,44,373.86,0.45,1,86,card,insufficient_funds,47,3337.76,1,0
34,48,1483.37,0.57,0,6,wallet,insufficient_funds,9,4501.65,0,1
37,48,2239.28,0.99,2,61,netbanking,card_declined,15,4577.86,0,1
58,27,1518.82,0.89,1,72,netbanking,insufficient_funds,42,11542.53,0,0
66,21,4293.82,0.96,1,64,card,bank_error,34,6080.68,0,1
37,52,804.86,0.76,3,69,netbanking,expired_card,15,7744.0,1,0
39,20,874.31,0.64,1,11,wallet,card_declined,33,2190.29,0,0
45,4,1181.56,0.99,4,62,netbanking,insufficient_funds,44,4189.37,0,0
57,11,933.88,0.59,2,17,card,bank_error,22,20135.05,1,0
66,13,1554.79,0.85,3,77,card,card_declined,36,7252.02,1,0
24,9,700.83,0.73,1,20,card,bank_error,13,3982.26,0,1
18,4,413.1,0.54,1,26,upi,expired_card,42,4361.19,0,0
49,12,313.39,0.41,1,59,card,insufficient_funds,14,1194.6,0,1
30,9,1535.11,0.63,1,25,wallet,bank_error,42,4058.5,0,0
47,13,758.89,0.73,1,18,upi,card_declined,43,12163.96,0,1
40,48,483.63,0.51,3,29,card,network_error,15,1829.35,2,0
68,26,710.99,0.65,4,67,upi,insufficient_funds,33,9741.75,0,0
36,38,4301.73,0.77,0,35,upi,insufficient_funds,3,10122.16,0,0
49,42,503.9,0.83,1,15,card,card_declined,7,4610.26,0,1
47,13,1824.45,0.43,3,51,card,insufficient_funds,46,5909.27,1,0
46,39,1472.57,0.8,3,3,upi,card_declined,40,15023.0,2,0
66,28,2804.56,0.43,0,21,upi,insufficient_funds,41,1596.33,1,1
62,58,1006.1,0.42,2,61,upi,bank_error,5,8659.71,1,0
46,19,367.88,0.49,1,3,card,insufficient_funds,26,2049.5,1,0
47,24,2196.85,0.79,1,53,card,expired_card,37,10018.0,1,1
33,19,920.69,0.43,0,35,upi,bank_error,2,2125.43,1,1
57,49,2676.12,0.41,5,50,upi,insufficient_funds,1,13662.47,0,0
36,13,1941.43,0.47,2,8,upi,card_declined,4,3620.56,1,0
35,13,2201.97,0.97,1,48,upi,expired_card,28,1346.15,0,0
18,58,5755.65,0.94,3,3,card,expired_card,42,4113.44,1,0
31,28,1335.95,0.45,1,54,card,insufficient_funds,10,2355.89,1,0
68,53,3010.91,0.58,2,75,card,insufficient_funds,15,11255.16,0,0
64,2,826.01,0.97,2,2,upi,insufficient_funds,18,15869.38,0,1
67,10,1601.18,0.46,0,33,card,network_error,46,3019.03,0,0
19,22,771.56,0.46,2,72,card,insufficient_funds,39,6919.83,2,0
45,13,1533.75,0.45,0,12,card,network_error,12,6774.74,0,1
66,58,1425.62,0.99,1,19,card,card_declined,8,3268.23,0,0
67,9,259.2,0.85,2,18,netbanking,network_error,42,4612.15,0,1
47,33,714.65,0.53,3,50,upi,expired_card,1,3351.88,0,0
55,14,1288.48,0.43,2,85,upi,expired_card,35,3281.23,1,0
68,48,225.84,0.98,0,22,wallet,insufficient_funds,6,9766.48,1,1
21,20,1025.47,0.66,5,30,card,bank_error,46,4945.66,1,1
18,15,2221.48,0.76,1,82,card,network_error,16,9739.62,0,0
25,32,2724.86,0.57,0,6,upi,bank_error,21,16950.17,2,0
46,33,634.15,0.86,0,1,netbanking,network_error,13,5776.68,0,0
56,17,2850.03,0.52,4,9,wallet,card_declined,6,2198.19,1,0
20,24,2554.68,0.87,2,52,upi,expired_card,39,6716.0,2,0
49,30,243.83,0.54,1,80,upi,insufficient_funds,29,6284.61,0,0
27,13,1189.22,0.46,0,29,wallet,insufficient_funds,2,3585.43,0,0
27,59,1284.98,0.69,1,62,netbanking,insufficient_funds,4,8901.44,1,0
36,47,3175.3,0.89,4,29,netbanking,bank_error,20,3623.07,3,1
63,48,1340.06,0.63,1,5,card,bank_error,8,3755.93,1,1
51,16,2909.14,0.42,1,83,upi,bank_error,2,3059.04,0,1
50,2,634.89,0.73,2,22,upi,bank_error,4,5760.95,2,0
40,17,358.3,0.81,1,49,card,bank_error,41,5985.4,0,1
45,32,696.81,0.84,2,8,upi,card_declined,39,6230.95,1,1
49,43,3307.31,0.64,0,82,card,insufficient_funds,18,8975.6,0,1
67,8,2096.75,0.46,1,78,upi,network_error,46,5987.82,1,0
24,52,5573.19,0.75,2,68,netbanking,card_declined,33,2922.58,1,0
46,3,399.28,0.6,2,40,card,card_declined,10,5117.33,0,0
25,12,2273.16,0.97,0,24,upi,expired_card,39,2046.22,1,0
18,20,1860.14,0.7,2,76,upi,insufficient_funds,18,14298.97,3,0
20,16,898.1,0.68,1,13,upi,insufficient_funds,19,1353.43,0,0
41,14,1887.77,0.59,2,50,upi,network_error,31,5152.77,2,0
40,16,1209.52,0.6,0,45,upi,insufficient_funds,45,6047.75,1,0
25,59,1513.55,0.71,2,4,netbanking,card_declined,15,11484.98,0,1
64,53,1765.85,0.58,1,63,card,card_declined,39,2920.92,0,0
54,49,2177.81,0.94,1,65,upi,network_error,34,7079.57,0,1
20,43,1165.34,0.66,2,27,card,insufficient_funds,20,1187.32,1,1
68,49,3805.24,0.58,2,87,upi,expired_card,32,7829.51,1,0
50,51,942.93,0.49,3,63,wallet,bank_error,28,5866.12,0,0
45,54,4099.54,0.8,2,11,card,bank_error,26,2790.05,1,0
64,33,497.95,0.42,1,42,card,bank_error,39,3730.82,5,0
25,30,550.3,0.67,3,85,netbanking,bank_error,38,6422.19,1,0
51,59,573.32,0.73,0,86,card,card_declined,18,5081.28,0,0
52,12,2142.66,0.6,1,38,upi,expired_card,46,5594.89,3,1
49,15,624.02,0.85,2,70,card,card_declined,11,4990.79,0,0
41,18,3112.21,0.81,1,89,card,insufficient_funds,43,5202.25,0,0
31,28,758.6,0.98,1,62,upi,expired_card,10,12442.4,0,0
49,23,1450.26,0.71,1,4,netbanking,insufficient_funds,2,8987.97,0,1
63,14,1716.53,0.72,1,34,upi,insufficient_funds,35,6097.63,2,0
60,30,538.6,0.55,1,26,netbanking,expired_card,42,5843.85,0,0
33,33,414.25,0.63,1,54,upi,insufficient_funds,33,3990.49,0,0
21,45,1336.78,0.42,2,27,netbanking,card_declined,14,17944.71,1,1
69,15,903.19,0.81,2,39,wallet,bank_error,9,3013.99,1,0
54,7,1554.51,0.59,2,85,card,insufficient_funds,7,1525.24,1,0
38,15,427.54,0.72,4,21,upi,expired_card,23,2128.45,0,1
31,52,854.29,0.55,2,54,card,card_declined,7,1094.89,3,0
48,42,965.57,0.77,3,56,upi,bank_error,1,9905.09,0,1
65,46,199.09,0.67,2,63,upi,card_declined,20,1507.84,0,1
35,38,2201.34,0.69,0,42,upi,card_declined,46,12360.03,0,0
24,46,645.35,0.97,1,26,card,card_declined,40,3212.1,1,1
27,56,3131.96,0.82,0,69,card,bank_error,35,1464.8,0,0
24,57,675.21,0.56,1,20,card,insufficient_funds,38,4431.03,0,1
50,54,761.33,0.7,0,72,card,expired_card,47,18592.21,1,0
40,44,459.74,0.68,2,82,card,insufficient_funds,47,3616.14,1,1
38,11,2447.03,0.88,0,53,card,bank_error,8,29396.8,0,0
36,29,1507.06,0.9,4,69,card,card_declined,31,1559.4,3,0
65,31,2922.21,0.57,0,68,card,card_declined,19,5974.67,0,0
36,25,948.48,0.89,0,5,netbanking,expired_card,5,7183.78,0,1
53,52,1065.07,0.51,0,16,upi,expired_card,45,9621.09,1,0
46,54,337.85,0.86,1,9,card,network_error,34,10125.26,2,1
35,24,708.51,0.55,2,25,upi,card_declined,44,5079.0,1,0
19,57,1235.65,0.58,0,57,wallet,network_error,16,12996.44,0,0
18,19,1438.05,0.91,0,38,card,insufficient_funds,7,2985.85,3,0
64,2,3931.42,0.65,3,8,card,bank_error,41,3151.73,1,0
22,22,300.17,0.99,2,65,wallet,card_declined,21,4051.54,0,1
37,20,1287.71,0.49,0,31,card,card_declined,44,3886.86,0,0
28,33,842.72,0.68,1,33,card,bank_error,25,5792.72,0,1
59,8,1156.15,0.84,6,55,upi,card_declined,47,8245.67,0,0
19,25,1178.39,0.4,0,69,upi,bank_error,45,4457.47,1,0
20,46,959.27,0.49,1,82,card,network_error,2,3043.21,0,0
40,9,496.12,0.41,1,36,card,network_error,8,8891.63,2,1
29,34,435.66,1.0,0,84,card,insufficient_funds,19,7682.82,1,1
37,57,911.02,0.86,0,24,netbanking,network_error,42,2740.44,0,0
22,23,405.68,0.62,0,61,upi,insufficient_funds,37,1550.35,0,0
54,5,1013.3,0.49,3,83,wallet,expired_card,19,10029.27,1,0
55,55,918.41,0.45,1,28,card,insufficient_funds,1,6333.5,0,0
47,25,197.35,0.72,1,60,card,card_declined,28,1450.3,1,0
26,8,4245.14,0.99,2,79,upi,card_declined,40,8439.47,1,0
51,16,1157.57,0.8,3,73,card,bank_error,14,5212.91,0,1
61,54,199.1,0.62,2,39,card,network_error,23,7888.88,0,1
52,48,1303.74,0.7,1,31,card,expired_card,8,4044.48,0,1
69,45,951.11,1.0,3,1,card,insufficient_funds,35,2810.22,1,0
39,52,435.97,0.71,1,13,upi,insufficient_funds,31,23879.85,0,0
61,15,1361.73,0.98,1,66,wallet,card_declined,23,11488.39,1,0
41,1,567.08,0.41,0,42,card,insufficient_funds,46,6232.56,0,0
34,22,1255.29,0.83,1,37,upi,bank_error,7,3884.32,0,1
27,3,671.12,0.78,1,57,netbanking,card_declined,2,15999.21,0,0
47,38,581.78,0.81,2,35,card,insufficient_funds,19,40295.59,0,0
63,54,1084.77,0.74,3,37,wallet,bank_error,28,2775.7,0,1
40,14,352.32,0.43,4,75,netbanking,bank_error,38,5184.32,1,0
49,36,1035.07,0.49,1,82,card,network_error,36,4020.8,1,0
34,18,1737.28,0.95,0,20,wallet,card_declined,33,5545.22,0,0
67,47,2668.92,0.54,1,66,netbanking,card_declined,18,32791.48,1,0
68,41,2349.59,1.0,1,88,card,insufficient_funds,38,2245.93,0,0
34,18,2828.02,0.81,2,80,netbanking,expired_card,10,4568.31,1,1
31,3,797.67,0.67,2,23,upi,card_declined,26,1507.03,1,0
26,10,535.26,0.95,4,55,netbanking,insufficient_funds,15,10971.25,1,0
57,49,1940.59,0.88,2,57,upi,insufficient_funds,32,2168.68,1,1
19,39,763.7,0.66,0,50,card,network_error,17,2402.52,1,0
62,47,1101.45,0.44,2,38,upi,insufficient_funds,1,5213.94,0,0
42,1,1849.75,0.92,3,47,upi,insufficient_funds,15,2166.59,0,0
56,27,4513.23,0.86,1,30,upi,network_error,26,6154.27,0,1
26,57,1587.89,0.87,0,68,netbanking,insufficient_funds,34,14707.11,0,0
39,27,1265.94,0.85,1,43,upi,insufficient_funds,4,15811.12,0,0
60,11,500.31,0.57,1,27,wallet,insufficient_funds,27,9273.27,0,0
63,49,2486.29,0.92,0,82,upi,expired_card,40,5912.74,0,0
21,5,1459.79,0.4,1,64,wallet,bank_error,7,7745.6,2,0
43,7,860.06,0.54,0,6,card,bank_error,36,1062.35,1,0
46,19,800.08,0.43,2,31,card,card_declined,45,1365.61,2,1
62,57,824.85,0.47,2,76,card,bank_error,29,6905.22,1,0
51,56,1130.91,0.72,0,87,card,insufficient_funds,21,1626.18,1,1
40,29,394.92,0.42,0,29,wallet,network_error,15,1770.02,1,1
54,15,2572.45,0.51,1,3,card,expired_card,7,3628.66,0,0
28,35,2262.6,0.54,2,82,upi,insufficient_funds,47,11378.91,1,0
23,47,975.31,0.79,4,86,card,insufficient_funds,42,1526.76,0,0
35,37,826.12,0.68,1,20,netbanking,bank_error,28,15387.43,0,1
38,55,1078.98,0.68,4,80,card,expired_card,9,2328.24,1,0
59,12,1215.11,0.86,2,58,upi,insufficient_funds,30,2277.82,0,1
53,30,888.85,0.67,1,57,card,card_declined,32,10191.92,2,1
58,20,2206.93,0.61,0,71,card,network_error,44,2959.49,0,0
55,37,404.69,0.98,4,4,card,bank_error,13,9872.1,0,0
51,3,666.24,0.4,0,42,netbanking,expired_card,46,1581.14,3,0
34,9,1886.86,0.58,1,34,card,network_error,33,6063.61,0,1
54,58,1376.08,0.77,1,18,wallet,bank_error,2,1283.18,0,1
42,41,681.52,0.87,1,65,card,network_error,20,1452.83,0,1
55,39,1451.46,0.89,4,25,card,bank_error,45,6769.13,0,0
29,26,629.5,0.43,4,45,upi,card_declined,22,11172.77,0,0
40,2,882.64,0.83,2,14,card,expired_card,35,6024.87,1,0
59,23,2276.98,0.83,2,11,upi,network_error,26,7326.08,2,1
39,23,2107.29,0.53,1,52,card,network_error,3,4207.29,0,1
38,59,1341.8,0.47,0,8,upi,card_declined,41,3453.55,0,0
44,21,525.42,0.85,1,60,card,bank_error,21,3846.53,1,1
48,16,841.88,0.55,0,42,netbanking,insufficient_funds,29,9156.97,2,0
23,9,1173.24,0.4,0,16,upi,insufficient_funds,1,3872.77,0,0
44,13,3037.51,0.53,0,39,upi,expired_card,21,3899.37,3,0
57,28,314.93,0.42,1,42,wallet,card_declined,47,1936.52,1,0
51,27,595.56,0.55,3,18,upi,insufficient_funds,5,12421.37,1,0
29,51,2416.37,0.6,2,7,upi,bank_error,43,7079.94,1,0
62,52,2841.58,0.56,0,4,netbanking,insufficient_funds,3,11385.23,2,0
24,17,1044.4,0.95,1,74,card,insufficient_funds,26,3812.52,1,1
27,38,3219.18,0.54,0,30,upi,insufficient_funds,44,13281.0,1,0
62,36,656.31,0.68,3,50,card,bank_error,28,1711.11,0,0
34,1,381.28,0.97,0,45,card,card_declined,36,1989.84,0,1
43,18,1906.76,0.93,2,31,card,insufficient_funds,35,3864.53,1,0
38,51,2714.31,0.59,2,46,netbanking,network_error,45,3863.47,0,0
45,9,2682.81,0.6,0,54,upi,card_declined,21,8031.52,1,0
63,13,599.2,0.76,2,46,card,bank_error,23,7114.98,0,1
19,40,1260.88,0.95,0,5,card,bank_error,2,1391.81,1,1
60,55,1974.11,0.41,1,10,upi,insufficient_funds,47,4602.05,1,0
18,45,1353.82,0.64,3,23,upi,network_error,5,12972.25,0,1
68,15,3018.3,0.91,1,7,upi,card_declined,3,4423.45,2,0
53,43,825.9,0.65,4,58,upi,card_declined,9,2241.6,0,0
68,44,1043.74,0.83,2,47,upi,card_declined,41,2244.79,0,1
43,46,1293.79,0.82,2,21,netbanking,network_error,22,4318.18,0,1
46,4,1964.1,0.52,1,31,card,card_declined,20,7395.57,0,0
38,33,957.07,0.67,2,27,netbanking,expired_card,41,23971.28,2,1
28,24,2098.97,0.74,3,29,card,insufficient_funds,36,2255.59,1,0
57,36,3371.92,0.83,2,10,card,card_declined,4,3435.52,0,0
28,51,763.07,0.89,1,72,card,bank_error,34,15483.27,0,0
53,41,977.25,0.86,0,9,card,insufficient_funds,32,5167.1,0,1
66,10,2159.07,0.42,2,11,wallet,network_error,15,31227.25,2,1
56,36,4227.09,0.8,1,22,card,expired_card,15,4939.4,0,0
57,20,1711.58,0.7,2,50,upi,card_declined,17,9209.14,1,0
52,41,632.47,0.74,3,40,upi,bank_error,42,2718.33,0,0
51,45,1259.82,0.62,0,66,card,expired_card,30,321.51,1,0
64,44,2147.66,0.83,3,63,card,network_error,36,4942.54,1,0
41,11,620.92,0.8,2,19,card,insufficient_funds,13,2123.76,0,1
39,12,515.5,0.75,4,16,upi,network_error,6,1941.33,0,0
22,18,861.36,0.92,3,4,wallet,bank_error,31,7032.76,0,1
50,30,1740.18,0.46,2,49,upi,expired_card,20,4632.23,1,0
53,44,420.54,0.58,0,38,wallet,network_error,16,5833.57,0,0
64,48,675.09,0.7,1,7,upi,expired_card,20,1319.41,2,0
37,37,1328.18,0.98,1,55,card,bank_error,2,3300.1,3,1
36,20,2352.8,0.44,0,14,card,insufficient_funds,16,16141.72,0,0
52,25,1343.65,0.6,3,76,upi,network_error,35,1866.45,1,0
69,12,1425.5,0.96,4,85,card,expired_card,19,2273.79,0,0
60,21,2215.97,0.94,2,34,card,network_error,39,10770.56,0,1
34,25,3354.58,0.92,2,21,card,insufficient_funds,36,5792.29,1,0
62,11,3102.17,0.59,0,36,card,bank_error,32,5049.11,1,0
60,9,262.71,0.91,0,63,upi,bank_error,47,6002.38,0,0
51,50,1174.55,0.7,1,42,netbanking,network_error,35,2177.93,0,0
26,25,2077.17,0.77,4,49,upi,card_declined,4,1800.81,1,0
43,35,3604.18,0.54,4,71,upi,card_declined,33,1437.61,0,0
19,52,1717.61,0.82,0,85,upi,card_declined,6,15701.33,2,0
26,32,600.98,0.6,3,10,upi,expired_card,32,1403.4,1,0
26,49,659.24,0.61,1,21,card,network_error,3,5146.26,0,0
57,14,672.28,0.78,2,80,netbanking,insufficient_funds,21,3188.76,0,0
34,1,1360.03,0.54,1,63,card,insufficient_funds,40,12050.79,0,0
18,17,783.78,0.53,3,89,card,insufficient_funds,26,4973.34,1,0
42,25,130.16,0.62,0,77,card,network_error,47,1755.28,1,0
60,59,480.68,0.87,2,50,card,card_declined,7,6118.77,1,1
57,8,803.54,0.53,1,27,upi,insufficient_funds,39,6267.12,2,0
59,5,422.53,0.87,2,8,card,card_declined,46,2526.92,1,0
42,5,468.97,0.82,2,30,upi,bank_error,32,3841.26,1,1
56,41,4608.6,0.81,3,71,upi,insufficient_funds,37,10381.06,2,0
52,35,1090.03,0.68,0,30,upi,network_error,15,14266.7,0,0
20,19,836.91,0.85,3,18,card,card_declined,4,5068.71,0,0
67,23,1749.6,0.41,2,23,netbanking,card_declined,17,14124.53,1,0
54,9,2446.1,0.58,3,38,upi,network_error,38,6374.95,2,1
61,54,5262.87,0.81,1,30,card,card_declined,45,3694.47,0,0
61,30,3618.31,0.99,1,30,wallet,insufficient_funds,18,5647.22,1,0
68,50,1486.78,0.4,0,72,card,network_error,17,2548.51,2,0
47,16,375.04,0.71,1,76,upi,card_declined,42,3266.97,1,1
55,33,543.63,0.95,0,74,upi,insufficient_funds,14,10140.92,1,1
51,2,827.74,0.92,0,71,card,bank_error,1,855.57,5,0
29,14,1563.36,0.41,2,39,wallet,expired_card,33,3519.97,0,0
36,46,1171.48,0.72,1,17,card,insufficient_funds,17,5109.66,1,0
54,1,391.07,0.4,1,69,upi,card_declined,32,9638.99,2,0
61,26,345.08,0.87,1,85,card,bank_error,40,3984.53,0,0
66,58,1314.62,0.59,2,52,upi,insufficient_funds,42,9051.33,1,0
34,25,1192.76,0.86,0,79,wallet,bank_error,31,5630.86,0,1
27,16,946.8,0.97,3,13,upi,network_error,38,1721.34,1,0
66,15,1537.71,0.99,2,7,card,card_declined,39,3271.61,0,0
64,26,2624.82,0.94,0,88,upi,bank_error,27,4619.88,0,1
29,47,1362.46,0.52,0,68,upi,card_declined,17,6099.23,1,0
33,44,567.28,0.52,1,60,card,insufficient_funds,30,3509.09,0,1
41,16,4190.83,0.78,1,83,wallet,card_declined,39,2808.51,1,0
36,14,969.31,0.73,2,46,netbanking,expired_card,6,7772.58,1,0
25,29,1135.69,0.41,1,35,card,card_declined,11,3904.68,0,1
48,24,693.98,0.64,0,29,upi,insufficient_funds,6,6304.33,0,1
38,47,516.93,0.94,2,34,wallet,network_error,30,7598.32,1,1
34,55,547.25,0.94,5,8,card,insufficient_funds,18,15125.27,0,0
40,15,469.21,0.52,3,66,card,insufficient_funds,41,6898.91,0,0
54,19,133.36,0.63,1,4,card,insufficient_funds,4,7919.42,0,0
33,8,983.01,0.74,2,66,card,bank_error,32,6867.44,1,0
23,34,2372.37,0.91,2,57,wallet,bank_error,9,5263.63,2,1
25,2,550.58,0.72,4,4,card,network_error,3,1922.07,0,1
42,27,6579.02,0.98,2,85,card,card_declined,27,3547.49,1,0
35,10,2894.2,0.88,3,73,card,card_declined,3,1807.15,0,0
42,35,1082.73,0.97,0,66,card,insufficient_funds,46,2445.63,2,1
29,23,503.83,0.84,2,20,upi,bank_error,27,3385.16,0,1
32,49,358.54,0.93,1,55,upi,network_error,36,8564.52,1,0
43,8,1012.75,0.9,3,6,upi,insufficient_funds,13,3610.58,1,1
58,28,1150.19,0.55,1,29,card,card_declined,8,2497.7,1,0
62,23,950.44,0.54,2,80,netbanking,card_declined,14,3479.07,0,0
43,4,2318.15,0.92,2,5,wallet,expired_card,26,13845.81,0,1
64,14,3127.4,0.45,2,37,card,bank_error,37,1792.55,0,0
49,53,1526.71,0.65,0,9,card,insufficient_funds,29,7290.58,0,1
27,42,1585.3,0.89,1,37,card,bank_error,3,7653.88,0,1
33,29,879.29,0.89,4,39,card,insufficient_funds,24,10440.78,0,1
24,1,1092.86,0.48,1,63,upi,insufficient_funds,15,2663.92,2,0
34,4,1462.85,0.69,2,57,upi,insufficient_funds,37,2313.3,0,0
40,32,878.56,0.69,2,40,card,insufficient_funds,14,2234.64,0,0
43,33,1741.66,0.59,1,64,card,insufficient_funds,40,7160.82,0,0
38,49,523.57,0.95,1,3,upi,insufficient_funds,31,5048.75,3,1
39,26,656.85,0.79,3,43,card,bank_error,11,2144.68,2,1
24,17,526.98,0.99,2,25,wallet,insufficient_funds,26,2030.68,2,0
31,39,686.75,0.44,1,55,upi,card_declined,1,2835.51,0,0
32,23,896.86,0.64,2,36,card,card_declined,25,3176.2,1,0
24,32,2253.78,0.9,0,58,card,bank_error,21,2708.77,2,1
26,52,1128.9,0.65,3,77,netbanking,card_declined,34,4745.79,0,0
68,15,446.3,0.56,1,19,upi,insufficient_funds,3,4510.1,1,1
65,13,411.01,1.0,0,59,upi,bank_error,7,1704.92,1,1
25,2,819.59,0.92,0,16,card,network_error,11,3131.51,0,1
67,19,1966.64,0.73,3,2,card,insufficient_funds,31,10407.17,0,0
40,24,2928.03,0.74,1,65,upi,insufficient_funds,26,6659.02,1,0
46,45,360.13,0.4,1,59,upi,insufficient_funds,23,2585.17,1,0
35,24,1423.18,0.99,2,48,card,network_error,16,8176.57,0,0
48,11,827.73,0.88,1,3,card,expired_card,19,11884.14,1,0
47,59,873.97,0.42,2,26,card,card_declined,20,4400.42,1,0
69,22,520.63,0.51,0,14,upi,bank_error,10,13777.19,0,1
56,15,940.07,0.89,1,24,card,card_declined,44,9694.8,0,0
52,10,504.5,0.45,2,35,upi,card_declined,46,7730.48,0,0
35,41,910.42,0.97,1,88,card,insufficient_funds,22,3066.95,1,1
59,27,2449.85,1.0,1,6,upi,insufficient_funds,23,1257.74,0,1
56,9,1705.93,0.93,0,62,card,card_declined,8,1787.27,1,0
34,52,4186.52,0.84,1,36,card,bank_error,39,1514.79,0,1
31,28,1585.17,0.69,2,29,card,card_declined,13,9064.32,4,0
48,1,1239.13,0.45,2,13,card,card_declined,13,3710.41,1,1
41,17,1614.9,0.84,2,8,upi,insufficient_funds,7,4215.05,0,0
52,31,637.11,0.64,3,15,card,insufficient_funds,29,17566.13,2,0
61,44,254.62,0.74,2,33,wallet,network_error,45,1481.37,0,1
62,10,1914.71,0.58,3,89,upi,card_declined,9,7307.7,0,0
51,37,312.08,0.55,1,16,card,insufficient_funds,26,3877.56,0,1
20,29,2404.56,0.59,0,85,upi,bank_error,6,1074.9,3,0
54,18,1854.87,0.89,3,52,netbanking,card_declined,33,5962.76,1,1
60,47,605.06,0.66,1,81,netbanking,card_declined,29,2007.12,0,0
57,38,808.14,0.59,5,34,wallet,expired_card,19,911.3,2,0
43,39,1087.81,0.66,2,77,netbanking,insufficient_funds,32,886.33,0,0
40,49,575.06,0.42,2,34,card,card_declined,21,2468.33,1,0
61,6,1600.97,0.93,2,43,card,card_declined,17,2950.24,0,0
56,40,1702.87,0.73,0,61,upi,expired_card,34,4136.04,1,1
32,12,399.39,0.46,3,79,upi,card_declined,19,864.9,1,0
66,53,616.36,0.57,2,22,card,bank_error,11,2818.09,0,0
21,14,1068.74,0.99,2,51,card,network_error,36,6859.14,2,1
46,44,2436.72,0.76,1,4,wallet,expired_card,23,6143.53,1,1
39,55,1731.25,0.57,4,49,wallet,bank_error,23,1880.12,1,0
42,10,214.51,0.66,2,39,card,bank_error,34,15002.35,1,1
30,54,893.91,0.56,1,87,card,card_declined,35,1456.37,0,0
35,20,1526.71,0.42,1,77,netbanking,network_error,17,1173.47,1,0
50,15,626.42,0.91,1,72,card,bank_error,13,5277.77,0,0
33,31,593.37,0.58,2,1,upi,card_declined,32,2300.61,0,0
62,7,650.1,0.9,1,41,card,network_error,17,7617.69,0,1
59,58,883.96,0.69,2,50,upi,insufficient_funds,6,2164.24,0,0
61,41,552.6,0.51,0,81,card,bank_error,43,7341.79,0,0
19,10,1740.54,0.88,3,17,netbanking,expired_card,42,15980.49,1,0
52,10,600.35,0.63,0,8,card,bank_error,43,9487.33,1,0
59,48,530.96,0.82,2,67,upi,expired_card,36,3118.93,3,0
51,39,829.58,0.9,2,86,upi,bank_error,25,3012.54,0,0
47,28,3087.88,0.98,1,66,upi,insufficient_funds,3,2926.14,4,0
30,30,1583.98,0.45,0,2,card,bank_error,47,6723.2,1,0
30,37,1656.07,0.41,1,17,upi,bank_error,15,3170.65,3,1
35,55,1339.93,0.73,4,73,card,bank_error,46,2251.15,2,0
49,3,565.16,0.56,2,33,netbanking,network_error,18,5373.28,0,0
49,50,700.61,0.68,1,54,card,bank_error,10,11526.02,0,0
52,43,622.04,0.44,1,70,netbanking,insufficient_funds,5,6101.28,1,0
56,15,2354.52,0.7,0,6,upi,insufficient_funds,38,13436.37,2,0
63,21,1348.48,0.47,1,52,card,bank_error,21,4244.84,1,0
69,52,341.34,0.9,2,45,card,network_error,44,4540.52,1,0
46,37,3031.63,0.86,0,1,wallet,insufficient_funds,1,5698.41,0,0
66,56,869.25,0.44,3,80,card,card_declined,44,10510.82,0,0
46,12,1732.58,0.9,0,51,upi,expired_card,25,5568.98,1,0
61,4,2290.75,0.59,0,11,card,expired_card,43,1906.68,1,0
33,47,182.46,0.61,2,22,wallet,insufficient_funds,29,24704.09,1,1
61,9,1507.52,0.51,1,34,upi,card_declined,42,16117.77,0,0
64,39,918.92,0.9,1,1,wallet,bank_error,34,7810.03,1,0
27,42,201.28,0.64,1,77,netbanking,bank_error,47,2817.25,0,0
47,28,496.33,0.43,2,49,upi,network_error,19,3459.0,1,0
42,23,797.73,0.98,2,49,card,network_error,44,7974.44,0,1
56,45,1982.19,0.55,5,42,card,card_declined,19,2537.89,1,0
37,40,969.36,0.96,2,49,card,card_declined,36,3778.91,2,1
22,44,1216.44,0.58,1,13,card,insufficient_funds,12,2755.26,0,1
18,22,854.67,0.9,2,68,upi,card_declined,32,5282.91,1,1
47,24,2348.5,0.8,1,14,netbanking,card_declined,22,6714.9,0,1
66,51,1579.28,0.92,0,36,card,insufficient_funds,1,8899.01,2,1
20,58,1229.05,0.99,0,56,card,card_declined,1,1923.5,3,0
62,26,492.65,0.92,2,87,upi,bank_error,37,3069.59,1,1
31,30,1192.6,0.64,1,69,netbanking,insufficient_funds,24,2795.7,1,0
47,33,7687.19,0.89,1,46,card,card_declined,13,2847.42,2,0
67,16,1913.5,0.83,1,15,card,network_error,28,5224.08,2,1
21,22,653.58,0.44,3,87,card,insufficient_funds,33,2951.93,2,1
35,49,4010.7,0.96,3,8,card,network_error,26,1867.53,2,0
54,57,633.73,0.68,2,56,upi,insufficient_funds,17,5686.33,1,0
42,50,1808.07,0.48,1,11,upi,network_error,25,833.53,0,0
65,43,1061.74,0.66,0,71,netbanking,bank_error,32,3128.44,1,0
18,18,1245.75,0.76,4,23,wallet,network_error,2,11559.59,2,1
63,7,1278.17,0.74,3,45,wallet,insufficient_funds,43,14471.17,0,0
32,50,922.14,0.74,1,27,upi,expired_card,30,7907.36,0,0
26,26,835.03,0.55,0,31,card,insufficient_funds,14,3544.46,2,0
32,8,436.25,0.78,3,47,card,network_error,13,8415.47,0,0
66,6,498.94,0.94,1,66,upi,network_error,37,26388.06,1,1
41,30,1385.44,0.63,1,61,wallet,bank_error,11,6466.02,1,0
21,39,680.0,0.78,3,8,upi,card_declined,45,9452.3,0,0
29,23,579.98,0.55,0,65,wallet,card_declined,9,24251.97,1,1
54,32,7935.7,0.43,1,25,card,card_declined,36,8159.04,0,0
54,22,6263.8,0.75,1,17,card,card_declined,22,2725.91,0,0
60,42,1646.78,0.43,0,30,upi,bank_error,4,1136.21,1,1
23,43,1817.21,0.83,0,24,netbanking,insufficient_funds,31,8662.72,2,1
56,57,620.99,0.8,0,52,card,bank_error,43,2520.23,1,0
63,45,478.34,0.62,1,63,card,card_declined,38,7102.53,1,0
41,9,864.17,0.65,0,61,card,expired_card,41,1912.63,0,0
28,31,1096.86,0.95,1,77,card,card_declined,1,3240.61,1,1
30,7,1806.51,0.41,2,58,card,expired_card,19,9275.23,0,0
51,9,304.53,0.74,2,79,card,expired_card,9,954.2,1,0
42,13,4929.9,0.95,2,32,upi,network_error,12,31544.74,1,0
24,58,1304.56,0.95,4,35,upi,network_error,39,1667.49,0,0
69,3,370.37,0.75,4,16,upi,expired_card,43,3154.33,1,0
21,35,1224.43,0.63,3,9,upi,network_error,34,3971.27,0,0
25,33,583.06,0.46,2,19,upi,expired_card,11,3866.3,1,0
37,21,555.14,0.5,1,40,card,bank_error,37,2500.89,1,1
46,31,521.3,0.81,4,40,card,insufficient_funds,47,18150.06,1,0
68,52,916.41,0.41,1,46,card,insufficient_funds,17,3055.8,1,0
62,34,4778.59,0.93,3,3,card,bank_error,17,11198.71,0,1
63,32,1170.12,0.75,3,26,card,bank_error,16,2173.66,0,1
27,57,1782.41,0.43,0,72,card,network_error,44,1451.38,1,0
60,35,2115.32,0.54,2,70,card,insufficient_funds,23,9086.19,0,0
51,15,990.96,0.76,2,5,upi,bank_error,43,13098.03,2,1
43,56,486.52,0.42,0,85,wallet,expired_card,40,5356.87,2,0
58,32,358.12,0.87,2,27,wallet,bank_error,40,33266.11,0,0
66,6,836.13,0.95,3,44,netbanking,insufficient_funds,12,4117.76,0,0
20,45,2442.45,0.98,3,38,upi,insufficient_funds,23,5937.6,0,0
23,21,2110.7,0.84,1,72,wallet,card_declined,19,2974.6,1,1
22,33,1312.21,0.91,1,86,upi,bank_error,32,3344.47,1,0
22,32,1439.74,0.77,2,87,upi,bank_error,1,12631.56,0,0
64,52,996.47,0.68,2,89,upi,card_declined,15,17834.84,2,0
40,19,782.87,0.83,2,71,card,insufficient_funds,24,11652.3,1,0
66,33,654.11,0.53,2,78,card,insufficient_funds,26,2511.34,0,0
26,28,391.5,0.47,0,41,card,bank_error,40,3531.12,2,1
52,31,3858.32,0.86,2,58,card,card_declined,24,1347.57,0,0
37,21,1236.18,0.97,0,29,upi,bank_error,10,17479.82,0,1
66,54,804.54,0.75,0,81,netbanking,card_declined,6,14309.37,0,0
59,34,3923.8,0.69,3,51,wallet,insufficient_funds,2,6984.93,2,0
52,15,4484.52,0.72,3,70,card,network_error,34,8251.13,1,0
67,14,7492.15,0.69,1,63,wallet,card_declined,18,8066.81,0,0
35,19,921.65,0.67,1,19,upi,card_declined,24,2420.14,1,0
34,43,1180.46,0.97,2,27,card,bank_error,12,2104.74,0,1
41,15,1729.64,0.69,0,53,upi,card_declined,24,5806.85,1,1
20,6,3510.56,0.45,2,45,card,expired_card,8,8516.01,1,0
49,52,1145.29,0.86,4,11,card,insufficient_funds,1,4621.89,2,1
52,9,550.95,0.63,1,10,upi,card_declined,45,6794.95,2,0
55,37,647.19,0.83,3,86,upi,network_error,25,9573.09,0,0
30,20,2500.39,0.75,1,20,card,insufficient_funds,10,10423.66,1,0
64,34,1693.79,0.83,1,19,wallet,card_declined,36,2108.75,0,0
42,38,971.62,0.44,2,88,upi,expired_card,41,823.7,2,0
26,26,927.9,0.42,0,2,card,insufficient_funds,7,1989.06,0,0
21,18,971.65,0.63,1,40,upi,insufficient_funds,29,6873.79,0,0
31,28,2610.58,0.82,1,18,upi,insufficient_funds,26,910.23,0,1
54,55,631.27,0.53,1,82,upi,bank_error,42,5260.39,0,0
51,51,469.0,0.66,1,2,netbanking,expired_card,35,10127.16,1,0
28,9,3911.85,0.99,1,47,card,expired_card,32,4928.03,1,0
58,32,1116.04,0.53,2,49,upi,card_declined,40,8472.82,0,0
20,59,1037.4,0.91,1,23,upi,insufficient_funds,32,3210.42,0,1
45,53,1754.07,0.9,2,47,upi,insufficient_funds,33,6220.93,0,1
46,56,548.82,0.93,2,79,card,network_error,18,4537.83,1,0
26,59,1854.46,0.95,4,89,upi,expired_card,39,2506.67,2,0
20,6,838.9,0.7,3,45,wallet,card_declined,22,1885.26,1,0
42,14,2411.42,0.81,2,82,upi,card_declined,15,1420.57,1,0
51,28,374.8,0.77,0,21,netbanking,insufficient_funds,41,10426.17,0,0
29,58,1503.37,0.59,0,47,card,card_declined,23,6703.0,0,0
59,24,932.75,0.57,2,32,card,expired_card,41,2302.64,1,0
26,13,669.65,0.6,2,19,card,expired_card,37,2026.14,0,1
32,43,1881.72,0.53,2,18,upi,insufficient_funds,13,4987.84,0,1
57,12,988.49,0.85,1,24,wallet,bank_error,22,6098.12,0,1
42,51,1519.61,0.98,3,47,netbanking,insufficient_funds,45,3117.08,0,0
22,19,2659.78,0.92,3,30,card,bank_error,22,2961.76,5,0
28,21,1908.45,0.53,0,85,upi,card_declined,29,4704.71,1,0
51,27,514.78,0.43,1,21,wallet,card_declined,3,4606.83,0,1
41,58,750.53,0.85,0,48,card,card_declined,19,2924.07,1,1
32,19,1512.48,0.63,1,66,upi,bank_error,44,5180.0,1,0
55,24,1911.63,0.89,2,45,wallet,insufficient_funds,36,689.72,2,0
25,26,834.08,0.87,2,1,netbanking,network_error,39,6516.49,0,0
22,45,1259.53,0.78,0,22,card,card_declined,6,9043.03,1,1
65,28,1254.02,0.55,2,56,card,bank_error,14,3656.56,0,0
43,46,1382.47,0.46,4,40,upi,insufficient_funds,28,15577.81,0,0
35,56,480.46,0.55,2,38,wallet,network_error,31,2744.76,2,1
23,18,407.27,0.71,2,19,upi,card_declined,45,5364.94,0,0
54,44,225.55,0.99,2,19,upi,network_error,26,2224.16,1,1
65,36,1180.74,0.44,1,66,netbanking,insufficient_funds,6,4985.33,0,0
30,42,422.03,0.52,0,87,card,card_declined,42,4005.02,1,0
45,29,4893.72,0.78,2,47,upi,insufficient_funds,3,1833.37,1,1
22,17,1733.47,0.58,2,58,card,bank_error,9,6972.03,2,0
30,4,479.48,0.92,0,57,card,insufficient_funds,3,6432.82,1,0
34,44,2427.44,0.48,2,48,card,bank_error,17,4078.09,1,0
67,45,2431.46,0.98,4,45,card,card_declined,27,1978.5,1,0
57,59,2573.72,0.95,4,87,netbanking,insufficient_funds,14,8676.78,0,1
62,29,622.88,0.93,3,28,card,insufficient_funds,37,6165.46,2,0
49,4,1810.28,0.5,2,60,card,network_error,40,23164.14,0,1
46,10,2604.42,0.6,2,5,upi,network_error,47,1964.66,1,0
68,25,3293.15,0.88,0,18,upi,card_declined,4,5073.33,3,0
20,31,377.43,0.88,0,88,upi,insufficient_funds,42,26300.44,2,0
57,3,941.67,0.82,1,37,upi,card_declined,8,10008.78,0,0
51,47,607.4,0.67,1,80,card,card_declined,11,5588.5,0,0
57,2,4043.59,0.59,2,25,card,expired_card,22,2105.89,0,0
44,57,1546.49,0.98,1,38,card,card_declined,33,9253.77,2,0
30,25,2046.47,0.48,2,1,wallet,network_error,42,3373.54,0,1
62,49,1530.65,0.43,2,40,upi,insufficient_funds,44,3480.66,1,0
50,6,1426.1,0.41,2,55,card,expired_card,32,19258.33,2,0
23,26,599.26,0.87,2,39,card,insufficient_funds,24,13014.91,1,0
41,8,802.27,0.43,2,76,upi,bank_error,2,5586.64,2,0
36,35,1152.93,0.72,4,25,card,network_error,31,3950.57,0,1
33,27,696.45,0.62,3,23,upi,insufficient_funds,7,1147.94,0,0
57,25,612.03,0.49,0,43,card,expired_card,21,7132.39,0,1
45,18,949.59,0.84,5,48,card,expired_card,38,4885.55,2,0
50,54,717.95,0.43,3,38,wallet,expired_card,12,7965.63,0,0
65,1,1135.55,0.59,0,24,card,insufficient_funds,3,571.29,2,0
58,48,804.31,0.74,0,5,upi,bank_error,16,2123.11,2,1
30,39,678.98,0.64,0,60,card,insufficient_funds,22,3038.86,0,0
60,3,572.87,0.56,1,17,upi,card_declined,11,5236.94,0,0
62,55,1101.32,0.96,1,37,card,insufficient_funds,39,4716.56,1,0
42,4,2042.25,0.96,2,15,card,card_declined,14,3003.29,1,1
59,41,1729.54,0.65,1,66,card,insufficient_funds,42,5392.06,1,0
53,37,376.59,0.64,2,20,netbanking,network_error,13,17461.07,0,1
44,51,2001.85,0.58,2,30,wallet,insufficient_funds,16,5830.91,1,0
55,15,1721.01,0.91,3,16,card,network_error,28,8320.48,0,0
24,8,2040.79,0.74,1,44,card,insufficient_funds,7,4826.1,0,0
22,38,2341.46,0.45,2,59,upi,insufficient_funds,18,4145.24,1,0
60,50,658.95,0.91,1,4,upi,card_declined,15,3770.89,0,1
62,19,889.04,0.72,1,31,upi,network_error,18,5056.7,1,1
68,56,3840.37,0.65,1,26,upi,network_error,47,12665.58,1,1
48,47,3683.9,0.6,3,41,upi,network_error,11,12659.75,1,0
40,26,1039.39,0.46,3,76,card,bank_error,11,10254.57,2,0
59,39,1672.67,0.97,0,2,card,insufficient_funds,39,5593.85,0,1
27,10,1778.31,0.84,2,8,netbanking,card_declined,17,9004.01,0,0
49,38,3753.15,0.48,0,78,upi,insufficient_funds,40,3419.87,2,0
60,14,1396.46,0.71,0,24,wallet,network_error,6,12278.28,3,1
47,49,469.37,0.73,0,40,upi,insufficient_funds,46,12236.37,0,0
56,41,785.87,0.5,0,25,upi,network_error,5,4533.64,0,0
48,19,9832.77,0.66,3,62,upi,bank_error,33,2554.94,2,1
35,30,454.39,0.79,1,58,card,network_error,21,3177.49,1,1
53,5,1135.92,0.57,1,71,card,bank_error,9,1582.63,0,0
19,55,5538.47,0.6,1,32,wallet,network_error,33,3358.42,1,1
31,31,626.52,0.47,3,87,card,bank_error,5,1508.25,2,1
30,7,162.58,0.65,2,46,card,bank_error,20,2216.17,1,0
46,19,184.92,0.75,3,26,upi,card_declined,23,6818.44,2,0
29,31,628.95,0.47,0,42,upi,expired_card,37,3010.06,0,1
56,52,319.24,0.77,2,7,card,card_declined,34,1867.78,2,1
19,58,2266.56,0.64,0,56,upi,expired_card,16,5020.83,3,1
49,39,1323.06,0.81,1,47,card,insufficient_funds,46,5298.65,0,0
30,24,246.24,0.59,2,50,netbanking,bank_error,27,1264.56,1,0
63,34,358.98,0.74,2,45,netbanking,bank_error,4,7019.13,1,1
44,57,2612.59,0.77,3,68,wallet,bank_error,15,7063.02,0,1
66,23,1255.4,0.81,0,44,netbanking,insufficient_funds,20,1375.79,0,1
58,48,2991.54,0.85,2,25,upi,insufficient_funds,43,23191.24,1,1
34,45,2400.2,0.48,2,52,netbanking,card_declined,5,21687.56,0,0
57,40,490.11,0.98,2,18,card,bank_error,40,15246.74,0,1
48,6,2033.22,0.91,0,7,card,bank_error,16,2378.18,1,0
51,38,1626.19,0.74,1,22,upi,insufficient_funds,34,1217.15,0,1
41,41,277.77,0.93,2,4,wallet,card_declined,47,2076.39,2,1
62,36,422.68,0.63,4,29,upi,card_declined,14,10692.72,0,0
52,27,6041.27,0.42,0,88,card,network_error,27,4966.87,0,0
65,11,572.87,0.84,1,40,wallet,insufficient_funds,2,10047.25,1,0
23,5,1462.74,0.97,2,52,upi,insufficient_funds,29,7859.43,0,0
36,57,959.63,0.5,0,60,upi,insufficient_funds,5,31726.56,0,0
47,17,1247.14,0.79,4,41,upi,card_declined,28,21195.15,1,0
24,52,1005.11,0.89,0,76,upi,bank_error,2,5012.67,1,0
27,7,2155.18,0.94,1,73,card,network_error,34,7696.81,1,0
58,27,2116.02,0.57,0,15,card,expired_card,3,1885.04,1,1
49,47,1191.0,0.48,0,77,wallet,bank_error,41,1996.08,0,1
51,57,582.23,0.55,2,57,card,card_declined,22,19738.38,3,1
45,15,736.45,0.75,3,35,upi,card_declined,26,2981.03,1,0
32,46,363.89,0.95,2,19,card,card_declined,5,10162.37,0,0
47,13,867.75,0.75,1,21,wallet,insufficient_funds,4,1775.83,1,0
54,11,318.46,0.95,2,85,upi,expired_card,37,1976.29,3,0
46,45,1278.18,0.86,1,13,upi,bank_error,33,27425.44,3,0
39,26,1349.11,0.76,0,21,card,bank_error,17,4998.7,2,1
21,22,2216.48,0.41,0,88,card,insufficient_funds,8,4475.44,1,0
37,28,466.82,0.6,0,26,upi,insufficient_funds,13,18318.08,0,1
49,24,489.54,0.43,1,56,card,network_error,26,4559.96,1,0
53,29,3188.45,0.59,0,31,upi,card_declined,35,4528.5,2,1
67,9,420.69,0.44,1,30,upi,insufficient_funds,47,5820.78,1,0
21,42,4609.39,0.5,2,24,netbanking,card_declined,44,5271.04,1,0
44,4,574.37,0.65,2,30,card,card_declined,47,4956.1,1,0
34,49,577.19,0.71,0,26,upi,expired_card,41,18917.47,0,0
29,46,1978.25,0.53,1,82,upi,bank_error,41,18286.34,0,0
39,56,1610.94,0.84,1,54,card,network_error,27,3309.71,1,1
34,18,3460.18,0.75,4,76,upi,card_declined,46,2406.22,1,0
27,43,291.81,0.82,3,21,card,bank_error,34,881.63,1,0
18,16,1593.27,0.84,2,23,card,network_error,30,3187.43,0,1
39,33,1061.9,0.84,1,28,card,network_error,27,2513.7,0,1
43,29,516.09,0.96,2,81,card,card_declined,43,13652.94,0,1
35,39,4092.99,0.54,2,79,netbanking,card_declined,25,6708.68,1,0
67,10,1293.03,0.56,1,23,upi,card_declined,29,9431.9,0,0
31,9,1049.43,0.46,0,59,card,bank_error,24,5219.54,2,1
64,59,1506.89,0.76,2,53,card,bank_error,17,3107.58,0,0
46,31,327.06,0.64,1,53,upi,insufficient_funds,44,2067.47,0,0
29,28,457.59,0.7,0,34,upi,card_declined,2,2164.27,1,1
53,57,868.85,0.5,0,68,card,insufficient_funds,40,3741.77,1,0
52,3,1368.51,0.79,3,12,card,card_declined,16,5042.93,0,1
69,54,2676.44,0.77,1,2,wallet,insufficient_funds,3,10929.28,0,1
29,55,590.26,0.56,1,25,card,insufficient_funds,23,2657.92,0,1
24,14,503.05,0.68,1,88,card,expired_card,7,3870.89,2,0
46,58,1557.75,0.94,2,68,card,insufficient_funds,24,11038.4,1,0
28,25,997.12,0.86,0,44,upi,insufficient_funds,8,4081.59,0,0
50,15,285.75,0.54,2,34,upi,expired_card,21,7017.71,0,0
23,2,576.59,0.93,5,6,upi,card_declined,17,16226.2,0,0
64,24,965.61,0.44,2,39,card,bank_error,27,8582.72,0,0
32,14,984.42,0.65,4,50,upi,card_declined,43,3529.65,1,0
49,48,1167.83,0.45,2,24,card,bank_error,12,7032.62,2,1
68,7,441.32,0.95,2,89,upi,card_declined,25,8633.69,0,0
28,36,1000.53,0.42,2,5,upi,insufficient_funds,39,5239.93,1,1
40,50,2128.04,0.49,2,54,wallet,card_declined,31,11055.17,1,0
43,24,145.28,0.95,3,54,upi,network_error,42,12947.21,0,0
51,27,899.94,0.75,1,10,upi,network_error,30,5247.12,0,1
63,37,342.62,0.88,3,82,upi,bank_error,42,15813.6,3,1
51,38,1072.17,0.41,0,75,card,insufficient_funds,36,2059.53,1,0
46,30,382.47,0.65,1,69,upi,network_error,41,4817.44,1,1
21,27,1204.54,0.99,1,6,card,expired_card,22,2115.32,1,1
34,39,3424.28,0.75,1,78,upi,bank_error,15,3741.84,1,0
52,15,552.46,0.91,0,16,card,card_declined,23,16892.64,1,1
30,26,611.49,0.98,1,60,card,insufficient_funds,34,2093.09,0,1
58,1,789.27,0.81,0,14,upi,bank_error,43,2656.1,0,0
56,56,1370.7,0.6,1,33,upi,bank_error,35,19526.82,0,1
32,4,537.36,0.59,1,69,upi,insufficient_funds,20,3204.96,0,0
46,29,840.38,0.44,2,40,upi,insufficient_funds,42,17956.59,0,0
46,57,686.33,0.66,1,78,card,bank_error,29,3898.34,1,0
28,1,791.11,0.95,0,40,netbanking,card_declined,28,8169.47,1,1
69,43,1382.0,0.69,2,9,card,insufficient_funds,9,2473.91,1,0
49,50,1612.83,0.95,4,67,card,network_error,32,5866.15,0,1
19,46,390.04,0.89,2,74,card,card_declined,8,732.81,1,0
64,22,1378.23,0.99,2,48,upi,bank_error,13,4925.21,1,0
31,11,9917.27,0.97,4,75,card,insufficient_funds,34,2493.91,1,0
37,10,3232.33,0.82,0,65,card,card_declined,47,1995.1,4,0
39,59,699.73,0.92,1,10,upi,insufficient_funds,25,4273.57,1,1
28,17,1202.71,0.85,2,6,upi,insufficient_funds,11,990.95,1,0
44,36,1071.16,0.82,0,72,upi,insufficient_funds,24,4737.69,1,0
20,56,1512.65,0.83,1,62,upi,bank_error,4,13088.15,1,1
34,47,816.03,0.83,0,31,wallet,insufficient_funds,35,2234.06,0,1
61,26,908.32,0.63,0,6,netbanking,network_error,36,3477.01,1,1
45,48,657.49,0.65,3,34,card,card_declined,2,3717.22,1,0
46,21,2360.92,0.58,1,67,upi,card_declined,30,11432.14,0,1
38,13,1363.32,0.49,2,62,upi,expired_card,40,5900.96,2,0
64,9,1370.58,0.68,2,86,card,network_error,6,3408.88,2,0
33,11,2573.1,0.94,3,12,card,insufficient_funds,42,3274.44,0,1
54,11,2599.88,0.79,2,38,upi,insufficient_funds,7,5754.47,3,0
37,6,2278.22,0.43,6,83,upi,card_declined,13,7694.12,0,0
23,1,2545.84,0.89,3,7,upi,bank_error,43,7323.42,1,1
36,54,3274.33,0.96,0,64,card,insufficient_funds,20,10783.08,2,0
22,6,557.45,0.9,0,87,wallet,insufficient_funds,5,10421.26,1,0
20,13,889.74,0.84,4,77,upi,card_declined,24,3016.69,1,0
18,22,1801.3,0.49,0,4,wallet,insufficient_funds,42,20967.26,0,0
55,56,590.0,0.61,2,21,card,bank_error,34,16225.03,0,1
32,31,850.41,0.74,1,78,upi,insufficient_funds,23,16144.03,0,1
51,22,1256.51,0.45,4,36,upi,card_declined,9,31174.74,0,0
52,37,933.47,0.46,1,7,card,insufficient_funds,26,9616.29,2,1
66,47,1148.5,0.96,0,77,card,network_error,26,18343.55,0,1
42,27,491.88,0.82,1,35,card,network_error,18,2338.39,0,1
41,50,1068.03,0.57,4,49,wallet,bank_error,36,7525.21,2,0
29,52,1204.5,0.6,2,11,upi,network_error,17,3536.19,1,0
35,14,3396.51,0.63,1,89,card,insufficient_funds,5,4886.35,1,0
32,47,908.65,0.45,1,24,upi,insufficient_funds,6,12732.91,1,0
61,58,695.63,0.84,0,22,upi,expired_card,34,650.46,0,0
33,5,1806.35,0.51,1,43,card,card_declined,31,4590.5,0,0
44,58,118.83,0.88,0,51,wallet,insufficient_funds,37,2736.4,1,0
25,36,878.18,0.91,3,49,netbanking,insufficient_funds,20,6985.41,1,1
63,32,765.4,0.78,0,22,card,insufficient_funds,12,1185.68,1,0
42,34,1316.39,0.86,1,79,upi,insufficient_funds,11,2084.03,0,0
34,7,2623.75,0.5,1,18,upi,expired_card,30,5562.88,1,0
46,42,3248.33,0.75,0,44,card,network_error,40,1473.42,0,0
25,48,1303.57,0.81,1,32,netbanking,bank_error,14,13808.95,0,1
32,10,370.12,0.8,0,58,netbanking,card_declined,46,2849.65,1,0
44,50,765.15,0.47,1,56,upi,card_declined,21,3827.1,0,0
63,17,826.18,0.61,1,74,card,insufficient_funds,23,29322.79,1,0
67,30,1418.07,0.6,1,9,card,network_error,36,1263.21,0,0
69,21,1140.67,0.74,0,63,card,network_error,5,21807.36,0,0
24,13,677.35,0.86,1,89,card,insufficient_funds,46,7481.65,1,1
20,1,456.62,0.74,1,4,wallet,insufficient_funds,46,6700.91,0,1
46,1,597.05,0.85,1,38,netbanking,card_declined,3,3442.42,1,1
61,47,581.88,0.46,0,42,card,insufficient_funds,32,14665.61,1,0
41,33,3412.17,0.93,1,7,upi,card_declined,28,4615.23,0,1
20,38,639.85,0.72,1,42,card,card_declined,4,11031.83,0,0
37,25,1143.78,0.42,0,60,card,network_error,39,6260.94,0,0
63,26,2160.1,0.79,2,20,card,network_error,26,957.53,0,1
32,13,1256.93,0.71,1,63,card,network_error,31,10477.3,1,0
42,59,512.76,0.53,0,21,card,insufficient_funds,10,16882.78,2,1
47,28,2185.41,0.86,1,5,card,expired_card,12,2557.26,1,1
31,33,1405.19,0.96,1,30,upi,card_declined,17,5960.26,0,0
24,37,237.5,0.59,1,63,card,card_declined,46,10365.57,2,1
34,41,2622.82,0.7,3,59,upi,network_error,8,11017.6,0,0
61,30,2021.04,0.48,2,38,netbanking,card_declined,11,1360.51,1,0
37,57,1389.85,0.96,0,36,card,card_declined,8,10294.37,0,1
53,49,3443.81,0.59,3,38,upi,insufficient_funds,30,2873.02,1,0
26,48,1988.88,0.52,1,23,card,bank_error,19,3532.2,1,1
55,8,2415.25,0.69,4,23,upi,card_declined,18,14149.24,3,1
65,49,2265.34,0.43,3,58,card,card_declined,8,22259.6,1,0
39,47,1862.98,0.55,1,48,upi,card_declined,16,5654.35,0,0
19,56,313.06,0.44,3,6,upi,network_error,26,7923.89,1,1
41,1,340.35,0.48,1,46,card,insufficient_funds,21,10396.15,1,1
25,12,1989.4,0.47,4,87,card,card_declined,42,4484.86,0,0
28,5,2597.11,0.92,1,15,upi,network_error,7,16328.33,3,1
30,24,669.4,0.96,2,1,card,bank_error,43,9312.92,1,0
34,6,502.89,0.68,2,74,card,bank_error,2,2042.72,0,1
25,25,1317.98,0.78,1,33,upi,bank_error,21,6880.36,1,1
38,1,396.85,0.82,1,24,card,expired_card,4,6264.12,0,0
35,25,974.35,0.63,3,70,card,network_error,26,2362.55,0,0
47,1,855.28,0.62,0,14,upi,card_declined,21,13955.47,3,0
35,32,937.18,0.81,3,83,upi,insufficient_funds,11,1406.22,3,0
63,42,4101.47,0.63,1,70,upi,insufficient_funds,12,9236.19,0,1
64,42,703.6,0.75,3,84,netbanking,insufficient_funds,42,30704.34,2,0
48,3,1138.41,0.71,2,89,wallet,card_declined,12,2759.23,1,0
55,49,437.68,0.71,2,84,card,network_error,28,7505.9,1,0
49,19,2118.07,0.9,2,38,upi,network_error,40,6576.67,0,0
28,43,967.09,0.82,1,11,upi,card_declined,47,6706.26,1,1
62,29,2501.93,0.98,1,63,netbanking,insufficient_funds,45,43396.27,0,1
42,50,196.37,0.87,3,32,netbanking,insufficient_funds,14,2855.64,0,0
50,2,1052.91,0.49,2,29,upi,bank_error,41,1526.76,0,0
55,9,1202.9,0.84,1,30,upi,bank_error,20,9983.97,0,1
58,56,2075.73,0.8,2,29,card,insufficient_funds,29,2429.44,1,1
25,17,699.66,0.79,1,86,card,network_error,40,3128.06,0,1
28,46,1902.22,0.69,2,11,upi,insufficient_funds,10,1860.71,1,1
39,36,758.08,0.44,2,49,card,insufficient_funds,27,5847.4,0,0
68,17,1171.02,0.97,0,84,card,network_error,33,31488.88,1,1
41,49,2090.93,0.91,2,78,wallet,expired_card,40,7368.52,1,1
58,12,572.01,0.69,2,64,wallet,card_declined,36,3816.96,1,0
34,20,1841.64,0.5,0,38,card,insufficient_funds,17,3588.49,0,0
29,50,1386.35,0.89,1,60,netbanking,card_declined,43,3937.15,1,1
63,3,868.21,0.66,2,68,wallet,card_declined,43,3327.6,0,0
49,43,686.95,0.63,0,7,upi,bank_error,26,9242.89,0,1
32,57,252.0,0.8,1,74,card,network_error,47,6580.34,0,1
33,50,1036.72,0.86,1,7,wallet,expired_card,46,3615.33,2,0
39,4,869.22,0.44,1,5,card,insufficient_funds,8,3753.34,1,0
45,17,1715.38,0.86,4,68,netbanking,expired_card,6,3104.21,0,1
37,50,1598.14,0.84,2,47,card,card_declined,40,2764.79,1,0
50,37,2319.44,0.75,0,36,upi,bank_error,32,1572.28,2,1
27,46,2379.65,0.6,1,15,card,insufficient_funds,6,3585.03,0,0
57,42,9985.37,0.5,1,39,upi,card_declined,28,1707.84,0,0
49,15,1571.15,0.46,1,38,netbanking,insufficient_funds,18,2373.32,1,0
67,33,600.44,0.4,3,36,card,insufficient_funds,38,12645.95,0,0
50,16,1955.37,0.52,3,2,upi,bank_error,6,5498.49,2,0
19,11,3374.94,0.65,0,15,netbanking,network_error,10,6286.14,3,1
50,55,1529.09,0.55,1,84,wallet,expired_card,13,2528.11,0,0
50,20,247.89,0.59,2,55,netbanking,insufficient_funds,39,4861.49,0,0
58,38,1617.69,0.63,2,77,upi,expired_card,14,4738.66,0,0
30,24,705.63,0.58,2,60,upi,card_declined,33,7943.09,2,0
47,54,434.7,0.83,3,25,card,card_declined,32,5714.9,0,1
50,16,1249.73,0.7,2,14,upi,card_declined,17,4829.33,0,0
30,30,376.88,0.41,2,9,card,bank_error,17,2488.86,0,0
69,34,2244.42,0.54,1,49,card,insufficient_funds,37,2701.26,1,0
43,1,1829.17,0.83,0,35,card,bank_error,1,2830.42,0,0
39,24,1032.08,0.58,3,86,upi,bank_error,1,2110.07,1,0
56,24,746.16,0.95,1,5,card,insufficient_funds,24,6836.19,2,1
19,9,964.04,0.83,1,78,card,bank_error,20,5029.63,1,0
55,22,540.43,0.57,0,17,card,bank_error,41,3803.12,0,1
56,12,1039.06,0.71,3,69,card,network_error,40,5560.05,0,1
43,17,149.74,0.8,0,77,netbanking,insufficient_funds,39,2258.19,2,0
63,25,1166.89,0.52,1,54,upi,card_declined,11,2250.99,0,1
67,28,1187.91,0.55,1,47,upi,insufficient_funds,25,2264.24,0,0
32,15,1981.49,0.7,0,49,card,insufficient_funds,26,8076.39,1,0
51,30,1352.71,0.95,0,74,upi,expired_card,35,10057.86,1,1
59,51,2173.59,0.61,2,62,upi,network_error,28,3925.04,0,1
61,27,1608.28,0.64,4,23,card,network_error,18,13129.14,0,0
66,22,2265.54,0.51,4,16,wallet,insufficient_funds,10,6176.86,0,1
57,10,6870.54,0.76,3,81,wallet,insufficient_funds,26,3511.37,0,0
28,58,1471.46,0.84,3,7,wallet,bank_error,18,5987.67,1,0
20,31,1247.4,0.66,4,43,card,network_error,34,11211.81,1,1
23,27,2517.28,0.85,5,78,netbanking,bank_error,21,8609.53,0,0
26,12,790.16,0.58,1,44,card,card_declined,41,2731.21,1,0
23,46,1008.85,0.82,3,9,upi,bank_error,41,4447.41,0,0
26,31,1472.47,0.56,2,71,wallet,expired_card,36,3671.41,3,0
56,32,1153.66,0.87,0,78,card,card_declined,28,1362.96,2,0
48,32,1150.03,0.9,1,80,card,expired_card,44,2140.16,0,0
49,41,2058.73,0.88,2,60,card,bank_error,17,8863.35,1,1
58,59,334.54,0.53,2,10,upi,insufficient_funds,9,5121.48,2,0
67,45,4552.45,0.82,0,5,upi,card_declined,43,4325.88,1,0
29,35,1540.91,0.72,1,51,upi,bank_error,23,5915.19,0,0
25,53,828.67,0.99,1,7,upi,bank_error,25,5722.57,0,1
25,46,3427.67,0.62,2,22,netbanking,network_error,43,8095.76,2,0
67,21,1179.06,0.86,0,24,wallet,insufficient_funds,26,10420.53,0,1
45,10,1201.02,0.62,0,42,card,card_declined,22,3127.37,0,0
37,16,943.61,0.64,2,22,card,network_error,18,6740.27,2,0
64,7,3063.72,0.47,0,35,wallet,card_declined,1,3094.5,0,0
24,4,1089.48,0.54,0,55,upi,bank_error,39,1543.16,0,0
28,27,741.82,0.5,2,3,upi,expired_card,14,8468.99,1,0
37,52,2206.45,0.5,3,71,wallet,insufficient_funds,29,3128.53,0,0
33,55,2510.08,0.41,0,19,upi,card_declined,15,3783.06,1,0
21,25,3376.6,0.88,4,42,upi,card_declined,47,2861.57,2,1
23,31,1708.75,0.68,2,46,card,network_error,15,4493.48,0,0
39,11,2446.43,0.88,1,72,wallet,card_declined,46,2028.17,0,0
43,48,914.63,0.77,0,87,card,insufficient_funds,17,9307.02,0,0
20,20,2248.59,0.9,1,20,card,expired_card,17,8987.95,0,0
58,36,1844.14,0.7,2,33,wallet,insufficient_funds,39,6719.66,0,0
59,54,1589.73,0.46,1,6,upi,card_declined,27,6925.91,0,0
31,54,368.71,0.77,1,15,upi,card_declined,31,5792.06,1,1
28,55,835.71,0.81,1,69,upi,bank_error,37,2509.45,3,1
35,17,1062.1,0.78,1,78,card,card_declined,45,3583.48,2,1
29,45,1591.0,0.88,0,73,upi,card_declined,16,11784.49,0,1
40,11,5887.08,0.84,2,31,upi,expired_card,1,1251.25,3,0
29,30,2001.14,0.66,0,6,card,insufficient_funds,15,4479.44,1,0
30,35,622.03,0.89,1,1,upi,card_declined,6,6016.09,0,1
42,41,783.55,0.82,1,19,card,network_error,32,2929.72,2,1
62,38,2901.27,0.47,2,15,upi,insufficient_funds,37,6248.77,0,0
68,22,759.79,0.72,1,34,upi,card_declined,16,2744.25,0,0
36,53,2237.45,0.84,2,64,upi,insufficient_funds,6,3303.89,0,0
63,43,1190.41,0.73,3,83,netbanking,insufficient_funds,44,8821.35,1,0
53,48,976.06,0.97,0,49,card,network_error,11,4776.1,0,1
62,51,767.9,0.46,0,75,upi,card_declined,11,4383.73,2,0
25,27,130.0,0.83,1,82,card,insufficient_funds,25,9427.43,1,0
46,37,1600.11,0.89,2,88,upi,insufficient_funds,11,4148.29,2,1
49,46,525.06,0.82,3,46,card,insufficient_funds,19,11906.99,1,0
68,49,406.32,0.63,2,51,upi,insufficient_funds,1,10461.98,0,1
61,35,1304.33,0.63,1,73,card,insufficient_funds,10,4110.5,1,0
35,4,2254.49,0.75,3,11,wallet,insufficient_funds,6,3462.44,1,0
23,16,334.37,0.64,2,4,upi,insufficient_funds,31,7273.22,0,0
35,16,2213.6,0.93,4,82,card,network_error,16,11760.59,0,0
36,21,582.75,0.47,2,87,upi,bank_error,38,3895.09,0,0
39,26,1727.19,0.78,0,41,upi,bank_error,5,18858.23,1,1
54,57,1644.62,0.48,2,64,wallet,insufficient_funds,45,6917.24,2,0
49,36,948.94,0.72,4,1,upi,insufficient_funds,42,4565.09,0,1
58,19,1119.81,0.83,1,89,card,insufficient_funds,11,1858.45,1,0
20,58,831.02,0.5,5,9,wallet,insufficient_funds,5,2361.41,0,0
45,17,1318.8,0.82,2,39,card,network_error,12,5014.67,0,0
27,45,1310.67,0.48,0,65,upi,bank_error,14,12566.22,4,1
68,26,574.37,0.77,1,17,upi,bank_error,10,2434.58,1,1
52,22,423.91,0.7,0,67,card,card_declined,3,6821.89,1,0
46,55,2221.3,0.58,1,87,wallet,card_declined,20,2016.12,0,1
32,58,1264.97,0.47,2,1,card,insufficient_funds,14,14037.11,0,0
50,56,2016.03,0.84,1,24,card,card_declined,26,1426.54,1,0
24,28,685.89,0.63,1,77,card,network_error,25,1972.71,2,1
29,1,615.78,0.45,2,20,netbanking,network_error,19,6873.42,1,0
66,44,540.08,0.86,1,64,card,network_error,47,5092.55,0,0
47,36,966.3,0.54,3,20,card,bank_error,16,8640.38,1,0
38,43,1290.41,0.84,2,76,card,card_declined,42,2211.82,0,0
48,37,749.44,0.74,0,81,card,card_declined,6,3871.27,0,0
41,2,3279.27,0.52,0,85,upi,card_declined,6,10055.06,0,0
37,17,699.59,0.45,0,40,card,insufficient_funds,33,5490.81,1,0
54,40,1305.26,0.76,3,88,card,insufficient_funds,10,2099.59,2,0
21,38,591.03,0.42,2,30,card,card_declined,27,5030.77,2,0
45,21,684.59,0.44,3,23,upi,network_error,22,5748.09,0,1
61,9,1032.32,0.82,2,23,card,network_error,17,4760.69,1,1
37,13,612.26,0.72,1,56,upi,card_declined,29,20661.08,2,0
41,11,1167.47,0.6,1,47,card,expired_card,2,6717.93,0,0
67,16,1492.45,0.72,0,17,netbanking,insufficient_funds,24,11700.43,0,1
66,16,2357.51,0.75,2,2,card,network_error,24,13729.32,4,0
68,59,514.95,0.74,0,88,upi,network_error,34,2261.73,1,1
49,2,1233.35,0.79,2,33,netbanking,card_declined,28,3113.04,1,0
58,42,1050.1,0.96,1,15,wallet,insufficient_funds,15,8780.38,0,1
53,44,300.75,0.63,2,32,upi,network_error,20,5842.97,1,0
51,8,497.63,0.58,1,34,card,bank_error,25,8973.5,0,0
53,43,1529.14,0.42,2,60,card,insufficient_funds,7,3009.98,0,0
19,42,425.45,0.49,0,86,card,bank_error,26,4242.47,1,0
32,13,1041.7,0.46,2,31,netbanking,card_declined,41,3883.3,0,0
51,57,248.21,0.6,0,15,card,expired_card,7,4367.34,0,1
53,17,1020.38,0.77,2,20,upi,bank_error,36,3146.88,1,0
23,39,260.48,0.43,2,87,upi,insufficient_funds,40,4753.61,0,0
56,24,718.23,0.84,2,31,netbanking,insufficient_funds,42,23079.87,2,0
59,3,807.21,0.64,2,2,upi,insufficient_funds,45,33114.66,1,0
68,30,1195.26,0.98,2,13,card,card_declined,22,12877.9,0,0
68,52,918.93,0.74,3,16,upi,bank_error,12,2848.2,0,1
29,13,461.68,0.86,2,15,card,insufficient_funds,29,1985.16,2,0
20,19,467.76,0.92,0,25,upi,bank_error,22,29973.21,1,1
62,7,354.29,0.93,1,76,wallet,network_error,35,1625.65,0,0
35,9,1267.17,0.71,1,28,wallet,insufficient_funds,26,4425.95,2,0
57,19,1228.62,0.64,2,12,card,insufficient_funds,9,12746.69,3,0
38,45,1752.13,0.74,0,85,card,network_error,8,3497.88,0,1
32,54,772.71,0.64,0,76,upi,network_error,40,6243.61,1,0
50,40,325.69,0.54,2,54,upi,insufficient_funds,1,3580.48,3,0
52,22,879.01,0.59,1,58,card,bank_error,28,2825.32,0,0
43,18,1105.15,0.54,2,16,upi,insufficient_funds,20,11202.21,2,0
25,23,485.26,0.56,2,62,card,card_declined,46,1500.74,1,0
53,2,518.59,0.46,2,74,upi,card_declined,27,3344.29,0,0
65,50,1503.64,0.66,1,10,netbanking,bank_error,15,3636.29,0,0
47,50,1176.66,0.54,1,66,upi,insufficient_funds,2,12412.62,0,1
40,11,2423.6,0.67,2,52,card,insufficient_funds,14,3522.6,0,0
59,31,3660.92,0.88,2,30,wallet,insufficient_funds,45,2788.65,1,0
61,33,383.0,0.67,1,16,card,insufficient_funds,41,5777.52,1,1
31,14,817.94,0.97,2,10,card,network_error,11,2203.06,1,0
31,16,1195.77,0.49,1,15,card,insufficient_funds,2,15674.84,1,0
19,11,1414.46,0.91,2,26,card,network_error,6,3366.74,0,1
54,33,2233.03,0.55,1,61,card,expired_card,27,4953.02,0,0
22,7,1826.28,0.96,2,15,upi,card_declined,8,6282.14,0,0
55,31,2433.05,0.54,1,6,upi,expired_card,6,5391.81,0,0
62,48,1144.76,0.85,2,81,upi,expired_card,40,3423.74,0,0
58,46,706.31,0.44,2,1,netbanking,insufficient_funds,46,1636.08,0,0
64,47,4293.98,0.78,3,87,wallet,insufficient_funds,18,6788.93,2,0
31,14,1220.88,0.53,0,35,card,insufficient_funds,28,4308.23,0,0
56,28,925.84,0.8,2,89,card,bank_error,22,4511.53,0,0
42,53,517.73,0.78,1,1,upi,card_declined,7,5192.39,1,0
37,43,1226.14,0.95,0,89,upi,bank_error,16,11565.36,0,0
19,16,2215.3,0.78,2,38,card,card_declined,42,434.37,0,0
56,19,772.53,0.64,0,80,upi,insufficient_funds,40,2536.17,4,0
23,17,998.88,0.52,0,41,upi,expired_card,43,8577.47,1,1
34,59,1305.59,0.79,1,12,wallet,network_error,9,7742.01,1,1
42,26,1526.18,0.47,2,64,upi,card_declined,35,3495.7,0,0
45,6,914.26,0.9,0,10,upi,insufficient_funds,4,3915.18,0,0
19,43,832.53,0.55,3,27,upi,insufficient_funds,47,1487.8,2,0
52,49,766.98,0.71,3,39,card,insufficient_funds,13,5976.15,0,1
54,9,505.42,0.76,4,71,upi,network_error,11,22764.83,2,0
22,50,639.62,0.62,1,70,upi,expired_card,38,5006.41,3,1
18,17,627.69,0.8,1,45,card,network_error,46,9780.48,1,1
57,31,372.59,0.55,0,11,upi,card_declined,15,7485.0,1,1
29,12,2197.47,0.42,2,24,card,card_declined,45,3391.47,0,0
53,23,1410.5,0.98,3,57,upi,expired_card,35,2901.82,0,0
62,54,1211.43,0.59,0,40,card,network_error,26,8049.52,1,0
40,54,2733.08,0.83,0,89,card,expired_card,40,2759.2,0,0
64,5,1812.56,0.7,2,37,card,insufficient_funds,5,11857.74,0,0
48,43,630.98,0.8,1,3,card,insufficient_funds,5,7016.36,2,0
28,36,2493.33,0.47,1,68,upi,insufficient_funds,19,5163.48,0,0
27,59,2165.88,0.71,1,68,card,card_declined,35,3177.05,0,0
20,36,501.43,0.64,1,1,card,bank_error,12,5447.37,0,1
31,3,2063.06,0.67,2,79,netbanking,insufficient_funds,34,6021.55,1,0
33,58,790.71,0.98,1,45,wallet,bank_error,38,2437.98,2,1
27,24,2203.94,0.48,1,31,upi,network_error,24,5595.04,1,1
46,55,865.61,0.85,2,37,upi,insufficient_funds,44,12936.99,1,0
27,57,754.96,0.6,1,69,upi,card_declined,15,3937.21,2,0
29,17,811.44,0.57,1,43,card,card_declined,42,4070.58,0,0
47,39,555.29,0.56,5,85,wallet,card_declined,24,2633.54,0,0
58,26,389.07,0.61,1,4,upi,insufficient_funds,32,8660.47,3,0
18,4,190.7,0.61,1,71,card,insufficient_funds,38,2398.78,0,0
22,55,524.12,0.56,5,29,card,network_error,44,1061.34,0,0
37,45,6914.92,0.8,2,11,upi,network_error,14,3690.13,0,0
25,12,1532.69,0.43,2,33,card,card_declined,31,3175.72,2,0
60,1,4043.86,0.6,1,53,card,bank_error,38,9985.68,2,0
29,21,877.66,0.57,3,17,upi,expired_card,5,8681.37,0,0
18,19,790.11,0.85,0,12,card,bank_error,36,3177.71,2,1
37,21,3646.7,0.49,4,1,upi,card_declined,30,2211.16,0,0
45,52,1426.58,0.96,1,56,wallet,insufficient_funds,14,1719.68,0,1
60,18,561.89,0.5,1,23,card,network_error,34,4825.78,1,1
54,43,1707.94,0.62,0,7,card,bank_error,1,3521.37,0,1
64,52,2632.32,0.52,1,78,wallet,card_declined,42,9074.27,0,0
54,3,403.63,0.57,2,41,card,network_error,1,6973.89,0,0
29,49,1518.17,0.86,2,53,card,bank_error,42,3927.82,0,0
54,44,422.75,0.69,3,7,netbanking,card_declined,37,5528.94,1,0
66,32,2534.44,0.5,1,78,card,bank_error,27,25317.95,1,0
66,10,1288.83,0.43,2,66,card,card_declined,11,2817.2,0,0
61,40,1704.05,0.54,2,84,card,card_declined,39,2846.81,1,0
45,15,941.8,0.97,2,81,wallet,insufficient_funds,12,1696.99,1,0
64,5,315.1,0.91,4,74,upi,expired_card,7,3658.54,1,0
32,4,805.12,0.66,2,53,upi,bank_error,21,5365.38,1,0
23,58,2102.51,0.69,2,5,upi,card_declined,41,6820.03,0,1
61,28,4427.28,0.94,4,36,card,expired_card,37,3082.16,0,0
37,53,1336.22,0.75,1,44,wallet,network_error,33,5970.18,1,1
67,52,678.28,0.93,0,11,upi,insufficient_funds,30,742.7,0,0
31,51,1595.58,0.7,2,64,card,bank_error,31,1670.9,1,0
19,53,1974.22,0.52,0,21,wallet,network_error,14,7140.77,1,0
26,4,1203.43,0.84,0,4,wallet,bank_error,31,7708.15,2,1
54,15,1152.69,0.72,2,89,upi,insufficient_funds,35,17578.27,2,0
37,17,1273.5,0.8,3,35,wallet,bank_error,30,3061.61,0,1
43,44,1130.58,0.49,1,35,card,card_declined,5,4184.73,1,0
46,3,1350.79,0.79,0,35,upi,insufficient_funds,1,3753.02,0,0
18,10,3941.41,0.63,4,39,card,insufficient_funds,24,7538.41,1,0
52,47,264.2,0.6,3,33,upi,insufficient_funds,25,2628.75,1,0
23,42,928.05,0.8,4,77,wallet,insufficient_funds,31,6138.78,1,0
54,56,570.98,0.76,2,68,upi,insufficient_funds,10,10074.57,0,0
22,23,2506.3,0.79,2,44,upi,insufficient_funds,17,10541.27,1,0
50,18,993.65,0.98,2,51,card,bank_error,34,19615.28,2,0
66,1,1622.61,0.82,0,38,upi,bank_error,28,1662.83,0,0
68,35,2978.32,0.78,0,42,card,expired_card,23,6909.07,0,0
31,53,514.55,0.77,3,45,card,card_declined,19,2377.86,1,1
29,58,758.04,0.64,0,30,upi,card_declined,28,1316.47,0,1
59,31,2770.71,0.9,1,35,upi,card_declined,39,1273.8,0,0
37,59,500.32,0.63,0,28,card,insufficient_funds,20,8292.14,0,0
67,44,776.16,0.82,0,41,upi,network_error,13,3116.57,0,0
41,1,357.72,0.58,5,45,upi,insufficient_funds,46,2503.51,1,0
60,3,2847.95,0.49,1,48,upi,network_error,12,10970.82,3,0
51,3,730.06,0.48,1,55,card,card_declined,45,3620.69,1,0
42,37,1402.22,0.78,0,8,upi,bank_error,15,5693.16,0,1
67,19,1760.21,0.6,0,26,upi,bank_error,4,1311.67,1,1
46,29,624.99,0.57,3,29,upi,bank_error,33,6093.75,0,0
56,25,289.22,0.76,0,55,netbanking,expired_card,36,5536.52,0,0
48,33,940.47,0.42,0,66,upi,card_declined,28,8250.63,0,0
64,36,929.75,0.55,1,70,wallet,insufficient_funds,44,3330.91,0,0
60,29,1051.16,0.6,1,48,wallet,network_error,21,6930.54,0,0
67,58,1055.23,0.83,4,80,upi,insufficient_funds,6,2403.61,1,0
40,26,773.45,0.73,2,7,card,insufficient_funds,3,5511.97,1,1
61,4,752.74,0.91,1,75,card,network_error,28,19271.1,1,1
55,49,1350.72,0.6,1,80,netbanking,card_declined,38,2260.21,0,0
37,14,616.03,0.58,0,6,card,bank_error,12,3454.19,1,1
40,50,1025.85,0.42,3,37,card,network_error,31,6088.27,2,0
62,27,739.47,0.97,1,9,wallet,network_error,45,3530.2,0,1
69,33,1348.74,0.7,1,3,upi,expired_card,41,5422.12,1,0
33,22,2382.73,0.7,1,53,card,card_declined,23,2912.78,1,0
67,48,2451.77,0.95,2,8,wallet,bank_error,4,4763.01,0,0
59,3,2704.04,0.57,3,40,upi,insufficient_funds,37,3368.33,1,0
25,23,867.95,0.6,0,17,upi,bank_error,22,6660.02,1,0
67,21,920.55,0.79,1,70,card,bank_error,43,2369.93,1,0
38,41,451.12,0.87,3,47,upi,insufficient_funds,5,2732.42,0,0
18,23,862.83,0.82,1,11,upi,network_error,12,1807.06,1,1
25,4,884.67,0.87,0,10,upi,expired_card,37,7713.87,0,1
46,21,711.94,0.75,0,61,card,bank_error,14,15237.39,2,1
49,37,709.63,0.92,0,2,upi,insufficient_funds,30,10530.6,2,1
55,43,334.16,0.73,1,29,upi,network_error,23,11683.43,0,0
22,31,428.66,0.54,0,70,netbanking,expired_card,34,5920.74,3,0
64,21,1131.37,0.73,1,51,upi,insufficient_funds,37,6367.65,1,0
39,26,1161.48,0.83,0,73,card,bank_error,22,4036.41,0,1
64,41,1537.85,0.79,4,66,card,card_declined,47,5461.66,1,0
51,58,914.86,0.55,4,68,upi,network_error,3,5376.69,1,0
18,35,1105.62,0.42,5,57,upi,insufficient_funds,20,2196.21,1,0
43,38,2631.62,0.55,3,41,card,insufficient_funds,28,5479.57,3,0
60,24,1056.77,0.99,1,64,card,card_declined,46,930.14,0,0
27,11,704.54,0.51,2,4,card,insufficient_funds,18,2389.07,1,0
47,41,476.44,0.68,2,1,card,bank_error,7,12636.69,1,0
67,29,1916.46,0.78,2,75,card,expired_card,34,4154.09,2,0
35,47,332.84,0.93,1,7,netbanking,bank_error,46,11647.07,0,1
34,55,609.79,0.86,1,82,upi,card_declined,43,5545.31,2,0
43,3,1469.98,0.95,1,8,wallet,card_declined,12,935.28,2,0
25,1,288.71,0.76,0,79,netbanking,bank_error,34,12348.55,0,1
64,52,713.34,0.92,1,58,upi,card_declined,46,5075.42,0,0
57,54,1200.41,0.56,1,10,upi,card_declined,21,5256.55,3,0
66,19,838.54,0.66,2,66,netbanking,card_declined,37,1625.61,0,0
29,46,551.21,0.91,3,79,card,network_error,38,7683.39,0,0
44,49,723.85,0.6,0,22,card,network_error,34,11246.62,0,1
25,22,1942.81,0.92,1,52,card,network_error,46,12422.07,1,1
42,14,3951.95,0.62,2,49,card,card_declined,15,5709.75,1,0
63,49,1209.11,0.62,1,67,card,insufficient_funds,30,20784.5,2,1
21,57,272.65,0.59,0,4,card,bank_error,9,3409.32,2,1
50,59,1632.18,0.73,2,89,card,bank_error,18,1609.19,0,1
18,14,830.92,0.48,2,57,upi,insufficient_funds,17,12863.95,0,0
36,44,509.38,0.42,3,69,upi,card_declined,20,6504.98,2,0
48,16,626.29,0.94,3,76,upi,insufficient_funds,2,493.6,1,0
33,33,645.19,0.96,1,53,card,network_error,36,17494.14,0,0
31,13,408.47,0.45,1,55,card,card_declined,2,3375.01,0,0
65,38,1049.27,0.73,1,24,card,insufficient_funds,32,15544.61,1,0
22,49,3943.02,0.72,1,83,upi,expired_card,45,4766.5,0,0
58,12,508.04,0.62,1,12,netbanking,insufficient_funds,25,3115.6,0,1
43,55,3858.92,0.74,2,55,card,insufficient_funds,46,4690.14,2,0
45,51,1268.62,0.67,0,47,card,insufficient_funds,20,6923.16,3,0
19,38,1027.59,0.69,0,27,card,bank_error,1,8322.38,2,1
67,39,875.35,0.85,1,18,card,network_error,24,3320.94,1,1
23,33,623.72,0.72,0,89,card,card_declined,24,2184.6,0,0
26,33,1345.2,0.59,0,51,card,network_error,32,4788.2,1,1
50,29,1580.32,0.75,2,87,card,card_declined,14,2717.05,0,0
58,5,200.82,0.78,0,60,wallet,network_error,42,1716.59,2,1
42,6,6503.7,0.8,1,57,netbanking,insufficient_funds,10,4263.16,2,0
65,31,308.68,0.77,3,67,upi,insufficient_funds,30,3095.47,0,0
30,16,760.8,0.8,2,2,netbanking,network_error,8,2778.95,1,1
26,31,182.95,0.59,1,11,card,insufficient_funds,33,2216.13,1,0
30,25,909.11,0.67,1,13,card,expired_card,18,12900.14,0,0
48,48,793.91,0.8,2,40,card,card_declined,30,1491.69,1,1
58,46,766.48,0.85,0,6,upi,insufficient_funds,16,7090.86,1,1
28,33,1357.0,0.66,3,12,netbanking,network_error,20,6901.27,0,0
21,13,924.57,0.62,3,43,card,insufficient_funds,35,9225.54,1,0
51,52,1598.62,0.83,2,72,card,expired_card,46,6836.99,1,0
55,10,461.22,0.53,2,73,netbanking,card_declined,35,2740.82,1,0
63,24,1157.67,0.41,2,4,card,bank_error,9,8619.18,1,0
21,10,704.74,0.68,0,37,upi,insufficient_funds,9,1375.22,0,1
55,41,846.21,0.5,1,36,upi,card_declined,31,13505.39,0,0
36,31,1325.1,0.63,1,32,card,insufficient_funds,43,8856.79,0,1
23,13,770.46,0.57,0,57,upi,insufficient_funds,39,757.08,0,0
51,3,1018.8,0.87,3,12,card,bank_error,32,5568.01,2,0
35,59,488.84,0.6,1,18,card,expired_card,46,4331.36,1,1
30,50,2361.04,0.78,0,61,wallet,card_declined,14,6914.43,1,1
58,52,1826.05,0.8,5,31,card,insufficient_funds,43,2165.59,1,1
40,34,1176.13,0.67,3,40,card,insufficient_funds,36,1982.46,1,0
36,49,925.32,0.45,1,46,card,insufficient_funds,7,7076.88,0,0
62,28,1019.37,0.82,0,39,card,insufficient_funds,32,11821.98,0,1
28,19,2325.79,0.45,2,63,card,insufficient_funds,27,3290.64,1,0
18,23,1737.71,0.46,0,55,card,network_error,8,3243.68,3,1
41,45,2353.34,0.52,0,40,upi,network_error,16,4202.67,0,1
24,32,863.23,0.57,0,29,card,network_error,21,2310.07,1,1
42,13,1538.22,0.91,1,11,netbanking,expired_card,8,872.07,2,0
38,33,2520.15,0.8,1,39,card,insufficient_funds,46,3748.4,0,1
32,34,573.47,0.63,3,82,upi,card_declined,46,17125.21,2,0
18,33,548.76,0.99,2,44,card,insufficient_funds,13,1466.11,1,1
29,56,1329.61,0.55,2,20,card,network_error,2,870.15,0,0
24,5,461.99,0.77,0,86,card,bank_error,4,18668.46,0,1
32,56,307.64,0.91,1,85,netbanking,bank_error,4,15848.66,0,0
38,3,2495.52,0.88,4,27,card,network_error,42,4843.94,0,1
36,7,2819.26,0.45,0,38,card,network_error,31,7889.85,0,0
46,24,480.1,0.82,5,87,card,bank_error,36,4997.15,0,0
42,22,402.47,0.55,0,76,upi,card_declined,17,1048.81,1,0
50,45,694.2,0.61,0,11,wallet,bank_error,6,7856.48,1,1
66,23,2635.86,0.69,1,36,card,card_declined,43,9447.24,1,0
49,30,822.61,0.87,0,32,upi,insufficient_funds,3,6243.55,0,0
66,18,1171.79,0.5,3,62,upi,bank_error,2,1298.32,2,0
52,32,1376.7,0.47,1,16,wallet,insufficient_funds,13,390.82,0,0
61,56,1238.55,0.49,2,42,upi,expired_card,24,2045.39,1,0
55,53,3120.82,0.53,1,31,card,insufficient_funds,23,1322.95,3,0
43,7,662.54,0.44,1,70,card,bank_error,23,1729.95,0,1
28,33,1020.92,0.96,1,13,upi,insufficient_funds,39,4248.04,0,1
52,5,1290.39,0.59,0,36,upi,insufficient_funds,34,37160.61,0,0
25,49,1059.66,0.51,2,75,card,card_declined,29,3682.61,0,0
63,28,467.14,0.78,3,11,upi,card_declined,33,2282.58,0,0
31,8,391.2,0.87,2,48,upi,bank_error,26,5542.46,1,1
27,15,385.51,0.85,1,20,card,expired_card,17,4869.47,1,1
19,52,1823.25,0.83,2,29,upi,card_declined,12,13139.0,2,1
63,4,617.52,0.43,1,19,wallet,card_declined,38,1066.73,2,0
26,34,1523.08,0.87,2,6,card,network_error,24,1853.86,0,0
20,5,1165.28,0.7,1,56,upi,network_error,6,10362.39,3,1
38,33,554.24,0.79,0,81,card,bank_error,23,15026.19,0,0
43,57,564.01,0.97,3,82,card,card_declined,10,7849.76,1,0
25,5,1204.49,0.89,2,18,wallet,bank_error,2,4539.27,1,0
65,38,1157.92,0.9,1,76,upi,insufficient_funds,40,28237.35,0,0
19,34,1547.54,0.51,2,42,upi,bank_error,37,12405.17,2,1
23,58,796.12,0.69,3,60,card,card_declined,23,8147.98,1,0
45,26,606.26,0.97,3,56,card,expired_card,4,14203.9,1,0
46,1,1184.3,0.75,2,3,card,network_error,36,3415.64,0,1
43,4,2962.96,0.46,0,82,upi,bank_error,32,7787.69,2,0
42,39,294.81,0.84,0,80,upi,insufficient_funds,47,2022.93,0,1
29,54,626.82,0.43,1,39,card,expired_card,13,13047.05,1,0
22,26,1657.9,0.85,4,43,card,bank_error,37,5954.15,0,0
51,33,1276.07,0.93,1,28,upi,expired_card,15,4927.28,1,1
65,33,1674.91,0.66,0,42,wallet,network_error,21,16044.45,1,1
54,8,811.79,0.65,2,9,upi,network_error,39,4506.53,0,0
32,20,354.84,0.58,0,84,upi,insufficient_funds,14,6706.84,0,0
61,16,3533.5,0.93,1,18,upi,insufficient_funds,44,3678.47,1,0
53,21,2341.82,0.73,1,89,card,insufficient_funds,6,3998.39,2,0
32,45,1078.23,0.75,3,21,card,bank_error,23,2480.62,0,1
60,55,608.4,0.8,4,26,upi,insufficient_funds,39,11275.47,0,1
65,56,777.9,0.58,0,23,upi,insufficient_funds,34,9755.02,1,1
40,26,1287.37,0.66,3,10,upi,bank_error,45,9512.28,3,0
23,23,919.53,0.84,0,44,card,expired_card,19,1334.54,2,0
63,18,1085.56,0.99,1,13,card,expired_card,31,3894.58,2,1
67,31,3384.96,0.42,0,53,upi,card_declined,31,2168.88,1,0
61,52,2093.46,0.43,0,37,upi,expired_card,19,2319.33,1,0
60,42,483.21,0.66,3,56,card,network_error,15,4811.87,1,0
62,12,1157.3,0.8,3,59,upi,insufficient_funds,32,9735.88,0,0
38,1,761.85,0.63,2,12,upi,network_error,22,4445.08,2,0
40,42,1350.95,1.0,0,3,upi,card_declined,46,1308.46,0,1
60,9,1049.08,0.52,1,14,upi,insufficient_funds,25,9411.81,0,0
33,3,8755.08,0.4,5,35,netbanking,card_declined,5,5134.95,1,0
64,51,1481.02,0.51,0,30,upi,bank_error,22,1640.12,3,1
32,26,998.32,0.93,1,71,card,bank_error,33,3838.12,0,0
42,9,3984.25,0.49,1,66,wallet,bank_error,14,4474.75,1,0
53,42,1266.34,0.69,1,18,card,expired_card,41,8277.91,0,0
28,51,378.76,0.65,3,26,card,network_error,18,8162.8,1,0
68,16,1005.15,0.8,1,81,card,insufficient_funds,30,11061.44,0,0
32,24,1685.12,0.43,0,46,netbanking,insufficient_funds,35,2621.77,1,1
21,50,1539.43,0.8,0,12,upi,insufficient_funds,22,5298.16,0,0
38,14,2216.36,0.61,2,58,upi,card_declined,32,5312.9,0,1
30,3,1221.21,0.96,1,57,card,network_error,19,21240.79,2,1
39,34,1162.33,0.91,3,32,upi,bank_error,45,3541.58,0,1
36,33,410.87,0.64,1,64,card,bank_error,27,5706.59,0,0
51,50,3196.77,1.0,0,74,netbanking,network_error,33,8193.41,2,0
31,24,885.43,0.43,7,66,card,network_error,5,3137.32,0,0
21,9,552.43,0.87,0,37,card,insufficient_funds,10,4060.23,0,1
65,13,6901.79,0.66,1,14,wallet,bank_error,43,4719.7,1,0
69,2,3554.82,0.66,0,10,upi,network_error,7,2203.73,1,1
63,7,801.57,0.5,1,65,card,card_declined,11,1894.84,1,1
44,48,293.99,0.71,3,64,card,insufficient_funds,16,6711.47,0,0
46,21,663.2,0.45,1,41,netbanking,bank_error,31,4333.59,2,1
64,19,3312.29,0.77,2,21,card,card_declined,18,4436.34,1,0
45,25,1241.03,0.54,1,69,card,bank_error,28,9085.91,1,0
52,47,426.41,0.83,1,9,card,insufficient_funds,42,1197.97,0,1
25,22,1898.44,0.76,1,9,upi,insufficient_funds,27,7858.68,0,0
33,11,946.81,0.85,2,18,wallet,card_declined,4,6076.43,1,0
59,33,696.39,0.85,1,69,wallet,insufficient_funds,17,1593.52,1,0
53,32,734.37,0.52,2,62,wallet,insufficient_funds,2,7367.73,0,0
47,21,2736.61,0.4,5,16,upi,expired_card,30,7550.39,0,0
35,39,1607.84,0.62,0,4,upi,insufficient_funds,11,6299.93,1,1
19,20,387.52,0.95,1,21,upi,network_error,33,8282.47,0,0
66,8,1418.04,0.75,1,44,upi,network_error,31,2825.0,1,1
30,42,1182.43,0.84,1,78,netbanking,insufficient_funds,21,3031.0,1,0
21,37,817.06,0.93,1,76,netbanking,card_declined,37,10574.0,0,0
43,9,847.78,0.94,1,27,card,insufficient_funds,28,583.33,0,1
42,25,598.52,0.72,2,34,wallet,card_declined,6,4933.75,1,0
47,25,689.68,0.72,2,4,netbanking,insufficient_funds,45,5336.56,1,0
28,33,1343.2,0.91,2,51,upi,insufficient_funds,43,1300.64,0,0
24,2,902.98,0.88,1,2,netbanking,card_declined,21,3465.84,0,0
48,19,1606.76,0.82,2,32,upi,insufficient_funds,46,4723.26,1,1
61,46,633.03,0.76,2,2,upi,expired_card,26,3084.86,1,0
27,20,1799.47,0.77,2,58,upi,insufficient_funds,7,6426.51,2,0
56,42,2752.08,0.62,0,22,upi,network_error,41,5707.78,0,0
30,41,1091.44,0.9,4,19,card,bank_error,9,4770.47,0,1
48,42,1578.83,0.77,1,20,netbanking,bank_error,26,2315.57,1,0
24,29,1622.54,0.53,1,18,netbanking,network_error,38,802.63,0,1
66,6,771.65,0.54,2,50,wallet,expired_card,7,13480.49,0,1
59,17,1626.78,0.92,1,14,card,card_declined,42,796.19,3,0
59,25,224.1,0.78,2,20,card,card_declined,28,1326.97,2,1
53,38,169.59,0.64,1,45,upi,card_declined,37,1873.71,1,0
37,4,870.76,0.51,1,88,netbanking,network_error,2,5728.57,0,0
21,30,1708.59,0.77,1,47,upi,network_error,8,3935.4,0,0
24,20,1033.25,0.51,4,57,upi,expired_card,1,7507.18,0,0
18,3,1848.47,0.68,1,31,upi,network_error,23,17976.32,1,0
61,23,472.85,0.81,1,52,card,bank_error,45,5464.46,0,1
62,51,2034.46,0.74,3,79,upi,expired_card,44,1764.57,0,0
59,18,3429.5,0.95,1,46,card,bank_error,36,8805.18,0,0
64,26,673.52,0.42,2,7,card,expired_card,42,10656.83,1,1
30,56,1881.26,0.57,2,49,upi,expired_card,6,2874.88,1,0
39,36,1114.29,0.43,2,23,upi,bank_error,15,5896.03,0,1
38,8,1494.11,0.52,2,41,card,network_error,15,3125.91,0,0
39,17,3424.7,0.47,1,4,upi,insufficient_funds,27,5734.73,0,1
45,31,1379.0,0.84,1,82,card,insufficient_funds,19,3119.05,2,1
26,37,1872.65,0.62,1,31,card,card_declined,2,5266.8,1,0
43,45,452.99,0.96,1,47,card,bank_error,8,3724.81,0,0
26,57,1832.71,0.41,0,18,card,insufficient_funds,38,21556.39,0,1
32,33,3384.65,0.79,3,74,card,insufficient_funds,11,1054.64,0,0
27,27,574.53,0.98,0,7,card,insufficient_funds,22,3504.52,1,1
41,45,874.7,0.51,3,38,card,insufficient_funds,40,20079.85,0,0
59,4,1772.75,0.67,4,45,upi,bank_error,21,16106.61,0,0
25,22,1500.34,0.82,1,28,card,insufficient_funds,39,4673.38,0,0
41,26,423.35,0.78,2,59,netbanking,expired_card,19,1755.88,1,0
33,32,1230.82,0.74,0,18,netbanking,insufficient_funds,14,6030.39,2,1
66,24,868.81,0.6,2,9,netbanking,card_declined,8,3670.5,2,0
43,46,556.65,0.84,0,16,upi,insufficient_funds,6,6943.15,0,1
44,35,2834.75,0.79,1,62,card,insufficient_funds,46,6547.4,2,0
54,37,1100.83,0.5,2,40,card,network_error,32,5423.84,1,1
21,32,2182.3,0.98,2,89,upi,card_declined,23,3753.63,1,0
67,7,482.32,0.73,3,58,upi,card_declined,5,3694.32,1,0
41,33,1656.17,0.72,2,66,upi,insufficient_funds,39,9427.72,0,1
36,31,2305.8,0.91,1,69,upi,network_error,4,1918.49,2,1
53,55,925.65,0.78,0,19,wallet,expired_card,11,8951.58,0,1
56,12,774.31,0.44,1,78,wallet,insufficient_funds,2,4916.41,2,0
27,11,440.1,0.7,2,27,netbanking,card_declined,14,2540.76,0,0
42,24,597.27,0.87,2,30,card,card_declined,8,13211.33,1,0
35,8,798.84,0.82,2,45,wallet,bank_error,7,1254.7,0,0
36,32,553.83,0.98,2,78,upi,insufficient_funds,17,3819.26,1,0
53,57,640.62,0.41,0,31,upi,bank_error,45,11293.81,0,0
27,38,1224.97,0.56,1,36,card,bank_error,37,4311.52,0,0
50,22,1332.02,0.73,3,39,upi,insufficient_funds,22,6256.5,2,0
67,34,2353.34,0.77,3,50,upi,card_declined,35,8078.94,1,0
22,19,643.39,0.56,1,38,card,network_error,11,13122.73,0,0
64,52,1114.58,0.9,1,11,card,network_error,26,494.63,3,1
66,20,818.61,0.5,1,81,upi,network_error,46,9796.87,0,0
52,56,779.1,0.4,2,74,card,card_declined,44,5967.89,0,0
61,14,878.93,0.97,0,16,card,bank_error,41,8444.11,3,1
51,33,955.92,0.63,1,51,upi,insufficient_funds,14,9142.94,1,0
50,10,1306.72,0.97,2,75,card,insufficient_funds,10,943.12,1,0
38,16,870.22,0.57,3,39,card,bank_error,26,11256.69,1,0
34,4,2589.27,0.44,3,85,card,network_error,25,5500.83,0,0
39,27,332.59,0.86,2,23,wallet,network_error,22,4640.45,1,1
65,28,2293.35,0.9,1,65,card,bank_error,37,3150.46,0,0
54,43,847.29,0.7,3,49,upi,card_declined,15,1877.91,0,0
32,16,960.85,0.44,0,61,card,card_declined,6,5054.3,1,0
52,59,1089.28,0.79,1,54,card,bank_error,19,5704.35,0,1
45,52,1797.14,0.51,1,13,card,card_declined,28,4779.37,0,0
24,33,592.17,0.91,0,72,wallet,insufficient_funds,27,14397.99,1,1
49,48,692.42,0.56,1,83,card,card_declined,42,6071.39,1,0
28,19,1556.81,0.91,3,24,upi,bank_error,35,3853.83,3,0
27,21,334.04,0.66,1,49,upi,insufficient_funds,17,8122.53,3,0
26,22,1070.72,0.76,2,37,upi,expired_card,25,3354.0,1,0
31,9,627.4,0.87,1,89,upi,insufficient_funds,4,842.62,3,0
30,9,541.44,0.42,0,26,card,expired_card,9,9855.76,0,0
42,9,348.3,0.89,2,42,upi,card_declined,36,1288.71,0,0
19,27,1882.98,0.48,3,3,wallet,network_error,21,16744.52,2,0
52,17,1225.59,0.62,0,61,netbanking,insufficient_funds,37,2948.81,1,1
24,44,684.99,0.68,1,43,upi,insufficient_funds,36,1688.37,0,0
38,57,977.32,0.94,1,73,upi,insufficient_funds,4,4557.12,2,1
35,45,510.29,0.41,0,65,card,bank_error,44,5356.18,1,1
20,8,753.46,0.74,1,18,upi,expired_card,6,16594.65,1,0
59,16,954.47,0.79,0,67,card,insufficient_funds,38,9372.97,1,1
56,18,1146.84,0.59,4,14,card,bank_error,14,7544.17,2,0
58,59,1442.95,0.57,1,64,upi,bank_error,9,3193.42,0,0
66,33,309.79,0.69,1,32,card,insufficient_funds,35,16181.42,1,0
28,1,1446.1,0.51,3,68,card,expired_card,11,25193.15,2,0
56,12,327.72,0.68,0,60,card,insufficient_funds,21,3061.58,2,0
41,6,1483.37,0.86,1,21,wallet,card_declined,39,2808.92,2,0
63,41,944.53,0.91,1,27,netbanking,card_declined,11,14557.08,1,1
36,55,2354.35,0.63,3,5,upi,network_error,18,5698.9,0,1
21,5,683.94,0.77,1,67,card,card_declined,18,9292.96,1,0
43,59,1894.27,0.4,1,86,upi,insufficient_funds,23,20539.98,1,0
55,16,484.36,0.73,3,84,upi,network_error,25,22786.34,2,0
59,18,1181.01,0.99,4,41,card,bank_error,28,9192.27,2,0
49,49,263.33,0.59,1,2,wallet,network_error,47,10576.72,2,1
56,18,2034.78,0.76,0,43,upi,card_declined,19,6766.05,2,1
62,1,3673.17,0.86,3,1,wallet,insufficient_funds,27,21444.04,0,0
63,19,672.66,0.77,2,23,upi,network_error,16,8440.37,1,0
53,54,1194.93,0.65,2,63,upi,network_error,7,5746.34,1,0
57,8,1496.2,0.49,4,48,upi,network_error,42,12741.37,0,0
54,3,370.49,0.68,2,25,card,bank_error,11,1261.17,0,0
50,58,649.13,0.58,1,67,netbanking,expired_card,5,2345.57,0,0
53,25,621.6,0.82,1,77,card,expired_card,28,3973.16,1,0
20,58,5913.21,0.67,1,47,upi,card_declined,6,1362.6,0,0
26,5,2280.3,0.91,2,89,card,insufficient_funds,21,1927.24,0,0
25,55,942.03,0.52,3,56,card,insufficient_funds,40,4391.48,0,0
50,40,1891.88,0.65,5,59,upi,expired_card,41,2138.86,0,0
23,19,1271.4,0.73,4,16,upi,network_error,32,4138.28,0,0
58,18,1660.92,0.48,1,47,netbanking,card_declined,12,4342.73,0,0
56,50,524.55,0.75,1,54,wallet,insufficient_funds,38,12505.86,1,0
21,53,2867.98,0.57,3,47,card,bank_error,11,1892.37,0,0
30,31,640.71,0.54,2,52,card,card_declined,34,5062.28,1,0
66,33,664.36,0.49,1,18,upi,insufficient_funds,34,4566.35,0,0
19,47,1657.65,0.61,2,81,card,insufficient_funds,20,8557.63,2,0
22,18,1396.93,0.96,3,46,upi,bank_error,35,1951.01,0,0
61,57,1114.55,0.42,3,89,upi,insufficient_funds,39,5451.67,2,0
44,39,1973.81,0.91,2,26,card,card_declined,28,14646.08,0,0
49,16,486.51,0.64,2,18,netbanking,network_error,44,7339.9,0,0
38,16,3988.01,0.74,1,49,upi,card_declined,36,6327.99,1,1
25,47,772.43,0.71,1,65,card,card_declined,19,1402.63,1,1
55,38,1030.82,0.96,0,7,card,bank_error,4,10217.23,0,1
25,41,4031.44,0.86,0,30,netbanking,bank_error,15,6179.94,0,1
67,7,667.4,0.99,0,25,card,card_declined,37,2006.74,0,0
20,14,2244.26,0.88,4,25,wallet,card_declined,36,3554.66,1,0
61,43,943.86,0.58,0,27,upi,card_declined,26,6988.58,0,0
20,53,608.33,0.98,0,35,card,card_declined,9,5148.42,0,1
39,48,838.31,0.99,3,82,upi,card_declined,41,4380.29,0,0
23,25,1630.1,0.47,3,30,card,card_declined,14,15441.82,1,0
19,32,2230.51,0.94,0,14,netbanking,card_declined,47,1985.36,1,0
40,38,1284.24,0.8,1,35,upi,bank_error,24,3377.88,1,1
61,22,358.32,0.95,1,34,wallet,insufficient_funds,45,3354.57,0,1
19,59,1711.07,0.95,0,84,upi,network_error,3,8473.72,0,1
55,16,992.78,0.93,0,15,card,card_declined,9,4928.89,0,1
34,52,506.87,0.93,0,7,upi,expired_card,34,2907.84,0,0
52,29,1397.55,0.47,1,13,upi,card_declined,23,4217.04,1,1
51,16,2425.24,0.49,1,40,wallet,insufficient_funds,25,6306.03,0,0
40,12,1101.8,0.47,0,60,card,bank_error,18,5653.49,0,0
47,17,2092.96,0.45,0,34,upi,network_error,30,2877.11,0,0
69,37,1515.77,0.61,0,13,card,card_declined,17,892.3,0,1
25,27,1529.53,0.81,0,4,card,bank_error,9,2550.8,1,0
39,25,885.51,0.61,1,13,upi,bank_error,4,6624.7,1,0
61,13,1945.14,0.83,2,48,upi,card_declined,11,11611.64,0,0
53,8,2079.59,0.89,1,13,card,card_declined,29,5968.03,0,0
22,56,1910.02,0.8,4,87,card,expired_card,31,3080.24,2,0
30,5,880.38,0.68,0,33,card,card_declined,38,6475.2,1,0
46,12,2185.4,0.58,2,23,upi,insufficient_funds,21,11318.64,3,1
48,41,1437.15,0.47,2,67,card,card_declined,47,7854.6,0,1
64,3,555.22,0.7,0,32,upi,bank_error,4,14815.1,1,1
33,35,839.63,0.83,3,55,card,expired_card,36,2939.82,2,1
59,33,756.51,0.73,1,3,upi,bank_error,4,2259.28,0,0
47,57,272.73,0.83,1,12,card,insufficient_funds,36,13156.97,1,1
33,22,2213.63,0.6,1,56,wallet,insufficient_funds,25,9036.32,0,0
29,50,9612.61,0.44,0,68,upi,insufficient_funds,47,14139.86,0,0
34,56,2555.09,0.86,2,33,upi,bank_error,28,6606.03,1,1
33,44,1229.06,0.53,0,32,netbanking,insufficient_funds,36,1054.02,3,0
29,9,764.27,0.77,3,17,card,network_error,22,2955.19,0,1
25,41,573.89,0.88,0,52,upi,network_error,47,4680.71,1,1
37,18,1218.59,0.48,4,73,netbanking,network_error,46,2570.65,0,0
20,50,2159.89,0.76,1,5,upi,network_error,15,6809.87,0,1
33,29,683.89,0.81,0,21,card,card_declined,21,3165.63,0,0
47,39,6601.04,0.85,3,3,card,insufficient_funds,11,1643.73,0,0
62,27,416.22,0.49,1,67,card,expired_card,21,10631.21,0,0
40,36,1283.25,0.9,0,37,upi,insufficient_funds,41,7586.39,0,1
45,45,1151.94,0.46,1,35,card,insufficient_funds,12,2918.35,0,0
68,17,1101.73,0.71,2,33,card,insufficient_funds,14,3385.34,1,1
57,56,736.42,0.67,2,54,upi,insufficient_funds,3,3201.81,1,1
22,34,1161.8,0.53,1,3,upi,card_declined,20,9348.46,1,0
37,46,800.44,0.58,4,48,upi,bank_error,38,8864.32,0,0
57,3,2701.39,0.5,7,18,wallet,card_declined,35,2892.52,0,0
61,5,3410.25,0.66,2,3,card,card_declined,24,3770.43,2,1
18,14,835.49,0.42,2,5,upi,insufficient_funds,25,13665.09,0,0
47,3,346.72,0.93,1,9,card,bank_error,2,6824.49,1,1
38,23,1369.71,0.5,1,76,card,bank_error,11,7280.63,1,0
37,39,1335.57,0.93,2,16,netbanking,bank_error,12,17590.73,1,1
23,30,1180.45,0.92,1,73,upi,card_declined,16,6596.83,0,0
39,50,1592.51,0.67,0,50,wallet,network_error,23,3828.22,1,1
35,45,2884.39,0.7,2,57,upi,card_declined,45,3685.19,2,0
25,23,1964.67,0.58,1,57,card,card_declined,16,3441.44,1,0
56,27,1590.82,1.0,1,86,upi,insufficient_funds,34,10606.63,0,0
49,54,1858.9,0.8,1,17,upi,insufficient_funds,30,9186.55,1,1
50,10,1307.71,0.97,1,65,card,bank_error,9,7212.83,2,1
33,25,565.77,0.65,2,57,card,network_error,23,5906.04,0,0
29,13,3026.98,0.93,0,63,netbanking,insufficient_funds,4,8759.16,1,0
55,16,1178.28,0.67,3,67,card,bank_error,43,1884.45,0,0
69,41,565.57,0.92,1,5,upi,insufficient_funds,28,4956.56,0,1
51,34,497.91,0.48,2,22,card,expired_card,42,4146.1,1,0
31,55,576.83,0.78,2,1,netbanking,network_error,7,1681.12,2,0
53,37,462.71,0.81,2,47,netbanking,insufficient_funds,25,9095.06,2,1
50,22,1751.48,0.79,0,49,upi,card_declined,37,5347.64,1,1
40,17,970.12,0.67,0,4,upi,insufficient_funds,7,6230.26,1,0
67,23,1887.87,0.81,2,22,upi,insufficient_funds,21,5232.52,0,0
62,54,2486.5,0.54,2,88,upi,insufficient_funds,43,2414.67,4,0
19,36,2074.65,0.76,1,55,netbanking,insufficient_funds,40,1723.9,1,1
58,49,1709.26,0.73,2,32,wallet,bank_error,34,1257.63,1,1
38,9,1341.13,0.59,0,66,card,card_declined,40,2949.35,0,0
19,52,959.82,0.87,2,69,card,network_error,37,5596.4,1,0
44,2,1005.71,0.45,0,71,card,insufficient_funds,8,15449.87,1,0
26,32,1650.86,0.5,0,8,upi,bank_error,2,984.61,0,0
18,56,559.52,0.68,3,36,upi,card_declined,21,940.5,1,0
28,50,1056.04,0.94,2,12,card,insufficient_funds,20,3101.16,1,1
20,53,651.98,0.75,2,28,card,card_declined,13,8596.25,0,0
69,59,2492.61,0.91,4,2,upi,insufficient_funds,12,7299.49,1,0
40,22,1811.55,0.71,2,78,card,insufficient_funds,3,4167.6,0,0
43,43,4896.22,0.87,0,19,card,network_error,3,1012.31,0,0
21,13,645.23,0.6,6,85,card,insufficient_funds,2,1368.84,0,0
35,8,695.53,0.89,1,49,netbanking,insufficient_funds,46,11956.17,1,0
23,59,1141.67,0.64,2,37,card,card_declined,14,6245.4,0,0
52,1,659.96,0.74,1,52,upi,insufficient_funds,3,10483.12,1,1
39,17,1597.72,0.51,0,85,wallet,insufficient_funds,28,9272.95,1,0
60,12,1058.21,0.95,2,60,card,card_declined,8,26145.45,1,0
32,4,779.01,0.82,4,42,upi,insufficient_funds,30,3465.14,1,0
39,53,2348.01,0.92,1,7,wallet,bank_error,11,3663.64,1,1
54,13,300.45,0.52,2,42,card,card_declined,15,6592.88,0,0
69,31,1602.75,0.44,2,57,wallet,insufficient_funds,17,12137.53,1,1
59,41,745.61,0.6,1,16,card,insufficient_funds,47,1319.66,0,1
29,59,1942.5,0.71,1,25,card,bank_error,10,3178.51,0,1
64,7,2297.05,0.88,1,38,netbanking,card_declined,39,4371.09,2,0
66,23,222.86,0.64,0,44,upi,card_declined,30,5169.82,2,0
59,24,945.64,0.56,3,38,upi,card_declined,16,8595.21,1,0
55,5,1142.23,0.62,1,45,upi,card_declined,18,14925.66,1,0
35,5,210.51,0.82,0,30,upi,insufficient_funds,30,9719.35,0,0
62,17,1286.17,0.6,1,81,card,expired_card,1,5379.31,2,1
52,30,757.76,0.99,1,16,card,card_declined,47,5579.62,1,1
47,9,471.53,0.5,1,4,upi,expired_card,39,5331.47,1,0
41,6,695.52,0.85,1,84,card,insufficient_funds,40,22165.26,0,0
59,25,616.27,0.75,2,35,upi,insufficient_funds,45,9434.0,0,0
47,19,735.39,0.54,2,61,wallet,bank_error,1,2142.14,1,0
31,16,1248.36,0.85,3,5,card,card_declined,36,4358.54,1,0
23,21,2179.55,0.67,2,78,netbanking,insufficient_funds,35,2690.35,1,0
20,2,1038.48,0.81,2,41,card,insufficient_funds,25,11967.25,0,0
33,10,2373.05,0.8,1,41,wallet,card_declined,44,1305.32,0,1
24,16,527.33,0.47,2,28,wallet,network_error,19,3123.97,1,0
69,37,1220.51,0.9,3,10,upi,card_declined,33,3381.95,0,1
31,15,4791.64,0.81,0,52,upi,bank_error,6,3419.64,0,0
26,13,360.18,0.87,2,32,upi,card_declined,38,2512.75,0,0
32,13,350.68,0.67,1,76,wallet,insufficient_funds,25,3902.78,0,0
38,32,2686.46,0.52,1,45,card,insufficient_funds,30,11107.31,1,0
52,45,1279.68,0.6,1,16,card,bank_error,27,6231.37,0,0
19,47,719.78,0.94,1,64,card,bank_error,47,7153.97,1,1
44,46,497.32,0.96,1,35,netbanking,insufficient_funds,18,10542.18,0,1
19,8,1069.35,0.69,0,80,card,insufficient_funds,11,9076.44,0,0
52,43,1204.12,0.58,1,17,upi,bank_error,25,1204.79,0,0
35,18,1208.3,0.84,1,87,card,insufficient_funds,22,5030.09,0,1
31,56,493.93,0.86,3,42,netbanking,insufficient_funds,29,4864.89,5,1
37,36,866.22,0.89,3,22,card,bank_error,25,1696.49,2,1
35,26,736.82,0.42,1,50,wallet,bank_error,23,16309.22,0,1
27,10,1724.19,0.41,1,21,card,card_declined,10,1908.95,2,0
42,31,514.75,0.61,2,46,card,insufficient_funds,31,3326.2,0,0
19,33,1156.58,0.49,1,57,upi,bank_error,39,4302.6,2,0
42,29,6932.38,0.88,1,5,card,card_declined,46,9985.84,0,0
50,5,490.73,0.72,0,52,upi,insufficient_funds,24,3933.54,0,0
53,13,649.96,0.9,1,31,netbanking,card_declined,25,2512.24,0,0
48,1,1026.9,0.51,1,33,upi,bank_error,6,16552.68,2,1
31,23,139.83,0.78,4,47,wallet,insufficient_funds,45,6357.66,0,0
18,40,403.92,0.75,3,3,upi,card_declined,26,1594.39,0,0
63,3,1363.06,0.6,1,53,wallet,card_declined,23,5438.26,2,0
33,3,969.74,0.71,2,83,card,bank_error,18,8515.52,0,1
63,7,2294.56,0.75,4,56,netbanking,network_error,33,6414.5,0,0
69,36,928.26,0.93,1,18,card,expired_card,11,8137.93,1,1
20,35,872.79,0.43,0,28,upi,network_error,4,6577.48,0,0
52,15,670.48,0.89,3,15,upi,network_error,42,2848.45,2,0
58,40,862.65,0.99,2,50,netbanking,insufficient_funds,30,1335.18,2,1
23,3,469.6,0.84,3,33,upi,bank_error,28,13254.52,0,1
42,29,989.08,0.84,1,28,card,network_error,3,4447.26,1,0
30,30,555.64,0.53,2,46,netbanking,expired_card,47,6414.35,0,0
51,39,469.87,0.71,2,72,netbanking,expired_card,20,4281.37,2,0
25,18,700.91,0.82,0,1,card,card_declined,28,3915.41,1,1
38,11,1503.88,0.76,0,71,netbanking,card_declined,37,10579.62,0,0
51,43,1211.46,0.63,4,55,upi,card_declined,10,4336.4,2,0
21,49,1749.92,0.96,1,58,netbanking,card_declined,47,8626.43,2,1
42,38,574.63,0.71,2,78,card,insufficient_funds,20,1442.44,0,0
32,40,1086.55,0.98,3,21,card,expired_card,36,1584.91,1,0
21,1,3609.25,0.74,3,56,upi,expired_card,13,2746.03,1,0
62,29,2916.85,0.88,2,70,card,bank_error,18,752.54,1,0
29,10,449.33,0.85,3,17,upi,network_error,24,5491.4,0,0
49,28,541.38,0.8,0,78,upi,card_declined,30,2014.75,0,1
49,57,3598.34,0.41,4,7,upi,card_declined,16,3711.36,1,0
45,31,1504.3,0.45,1,79,upi,card_declined,11,3482.79,1,0
30,19,959.57,0.75,1,72,upi,bank_error,39,2933.42,1,0
48,3,887.41,0.95,2,60,card,card_declined,28,1552.94,0,0
31,36,1285.91,0.76,0,48,card,expired_card,2,7198.14,1,1
37,43,1297.24,0.54,0,10,netbanking,card_declined,15,8228.66,0,1
35,15,755.05,0.59,0,41,netbanking,card_declined,33,7690.64,1,0
46,33,978.24,0.77,1,19,card,expired_card,27,3910.54,0,0
23,41,736.75,0.76,3,62,netbanking,network_error,22,4337.42,0,0
49,43,1234.13,0.97,3,66,card,insufficient_funds,30,1748.49,1,1
46,51,654.39,0.72,2,8,card,bank_error,20,4023.98,0,0
60,45,451.5,0.61,1,30,card,expired_card,24,3756.7,1,0
19,26,3080.24,0.71,1,36,upi,expired_card,1,5993.83,0,0
40,16,1044.5,0.87,2,50,card,card_declined,38,2483.08,1,0
36,36,3597.3,0.72,0,82,netbanking,card_declined,39,4784.42,0,0
48,33,283.55,0.6,0,2,wallet,bank_error,46,3856.34,1,1
68,20,397.57,0.6,1,5,wallet,network_error,24,8145.49,1,0
22,13,1520.44,0.85,1,46,card,bank_error,1,15704.73,1,0
36,33,1045.12,0.44,2,77,wallet,insufficient_funds,15,8878.19,1,0
51,5,487.66,0.56,2,40,upi,bank_error,16,4565.35,0,0
27,37,2429.76,0.49,1,57,upi,card_declined,5,3672.99,0,0
42,14,596.5,0.97,1,11,wallet,card_declined,5,6636.32,1,0
19,27,2537.63,0.45,1,72,upi,insufficient_funds,22,1197.76,0,0
28,23,1043.88,0.85,1,38,upi,bank_error,11,3356.02,0,0
67,14,518.56,0.78,3,17,upi,insufficient_funds,33,6501.78,0,0
48,40,686.69,0.78,1,75,upi,card_declined,15,2050.82,0,0
32,4,2865.53,0.86,0,26,wallet,card_declined,19,4634.52,1,1
26,39,890.32,0.64,2,39,netbanking,insufficient_funds,40,8184.79,0,0
40,52,2166.0,0.64,0,67,upi,expired_card,42,8257.72,2,0
36,19,2922.83,0.57,0,25,card,bank_error,47,1857.12,1,1
26,47,1036.6,0.76,4,88,card,insufficient_funds,27,1885.35,0,0
52,54,938.01,0.96,2,87,card,card_declined,19,3248.92,1,0
38,4,825.94,0.95,0,30,card,network_error,41,10294.27,0,1
26,30,1403.14,0.82,1,46,upi,card_declined,8,3266.51,0,0
45,19,3146.83,0.94,1,41,netbanking,bank_error,27,4964.13,3,1
63,31,464.55,0.98,2,50,card,card_declined,27,5076.73,1,1
68,31,1278.45,0.88,0,44,netbanking,bank_error,37,5223.01,1,0
24,9,1240.31,0.64,2,10,upi,insufficient_funds,45,5639.37,1,0
33,53,310.15,0.69,2,73,card,insufficient_funds,11,11700.84,1,1
33,13,589.2,0.96,2,2,upi,network_error,11,4536.12,0,1
50,14,680.09,0.8,0,21,upi,bank_error,46,2772.07,0,0
21,55,1872.11,0.89,0,75,upi,card_declined,1,6068.6,2,0
21,46,2115.96,0.47,2,74,card,insufficient_funds,45,791.29,1,1
56,54,295.08,0.52,1,25,card,expired_card,4,4056.07,0,0
57,10,1715.47,0.61,1,69,card,insufficient_funds,1,1554.87,0,0
34,48,1567.05,0.51,0,22,wallet,expired_card,36,3836.44,2,0
54,31,1643.97,0.94,1,69,card,insufficient_funds,7,10443.99,1,0
56,37,1220.39,0.53,0,73,upi,network_error,42,1062.32,1,1
69,23,2133.05,0.73,1,11,wallet,bank_error,34,2295.17,0,1
46,27,2490.07,0.45,0,44,netbanking,insufficient_funds,38,5225.14,0,1
69,6,349.43,0.49,3,5,card,bank_error,9,8156.01,0,0
53,26,1059.86,0.55,1,6,netbanking,insufficient_funds,7,10803.61,2,1
55,2,917.69,0.99,2,16,upi,network_error,39,3796.94,3,1
56,45,734.42,0.88,0,46,card,insufficient_funds,19,2379.43,0,1
67,13,797.79,0.8,4,24,upi,insufficient_funds,39,4885.2,1,0
54,51,1249.81,0.95,2,14,netbanking,network_error,16,4159.08,0,1
69,50,442.47,0.97,1,24,card,network_error,18,9024.92,0,1
52,19,1753.62,0.67,0,76,netbanking,card_declined,7,8198.48,0,0
24,1,846.93,0.6,1,23,card,insufficient_funds,25,5339.17,0,1
44,40,2022.83,0.59,2,39,upi,card_declined,31,2436.85,1,0
45,32,710.56,0.42,1,6,card,insufficient_funds,23,3145.16,0,0
39,22,684.11,0.57,0,21,upi,card_declined,23,5186.25,0,1
31,48,565.76,0.61,2,73,card,network_error,33,11991.01,1,1
24,29,713.34,0.42,0,46,card,bank_error,44,2888.61,2,0
54,2,625.78,0.93,1,41,card,card_declined,34,6414.91,0,0
39,40,1486.71,0.91,2,59,netbanking,insufficient_funds,9,8322.11,2,0
22,38,2282.38,0.55,2,69,card,bank_error,19,19833.83,0,0
19,48,1438.72,0.88,0,42,upi,insufficient_funds,33,10061.41,1,1
44,55,1038.78,0.88,0,59,upi,network_error,32,3453.34,1,1
38,11,1541.98,0.6,3,35,card,insufficient_funds,12,760.01,1,0
55,17,1069.03,0.82,2,41,upi,expired_card,14,2192.85,1,0
32,55,1118.79,0.57,2,67,upi,card_declined,13,3097.75,2,0
38,51,884.79,0.44,0,83,upi,card_declined,10,2709.23,1,0
27,43,1969.66,0.7,2,83,wallet,expired_card,33,2928.78,0,0
40,8,181.97,0.66,1,65,card,bank_error,28,1413.72,1,0
56,22,246.41,0.48,3,86,netbanking,insufficient_funds,21,6148.82,1,0
22,4,2250.84,0.69,0,19,netbanking,insufficient_funds,21,4916.66,0,1
18,11,955.69,0.97,2,79,card,insufficient_funds,29,1215.12,0,1
30,8,2084.04,0.84,0,19,upi,bank_error,41,33331.21,0,0
38,9,716.48,0.84,2,25,upi,bank_error,32,13793.71,0,0
43,26,3540.31,0.85,1,39,upi,insufficient_funds,15,8640.46,0,1
67,2,996.69,0.85,3,33,upi,card_declined,22,4548.26,0,0
62,16,1502.03,0.41,2,80,card,card_declined,25,4021.07,0,0
38,31,801.91,0.95,5,40,upi,card_declined,44,6612.93,3,0
35,6,585.23,0.9,2,12,card,card_declined,18,7463.28,0,1
54,53,324.2,0.56,2,30,upi,card_declined,36,1921.67,0,0
62,21,1900.73,0.73,2,70,netbanking,insufficient_funds,15,7297.93,0,0
49,26,1446.34,0.77,2,42,card,insufficient_funds,16,4979.47,1,0
53,59,1170.97,0.48,1,14,upi,expired_card,13,9874.62,1,1
34,19,494.21,0.55,7,5,upi,bank_error,26,15246.57,0,0
52,28,2953.74,0.41,2,36,card,bank_error,44,1651.26,1,0
66,8,1180.99,0.92,3,59,upi,network_error,10,7794.95,0,0
28,14,1793.68,0.41,0,57,card,bank_error,3,5817.86,1,0
38,24,1094.34,0.59,1,87,upi,insufficient_funds,45,10959.22,0,0
69,48,511.53,0.45,3,60,upi,card_declined,44,5718.12,0,0
43,44,2196.69,0.87,2,78,upi,card_declined,10,4137.93,3,0
21,37,1503.48,0.95,2,63,card,card_declined,26,4585.26,1,0
51,56,965.85,0.74,3,49,card,expired_card,47,1645.97,2,0
69,26,1485.59,0.48,4,65,upi,card_declined,17,3897.29,0,0
65,31,1943.57,0.73,4,52,card,card_declined,5,8252.39,0,0
35,56,1740.88,0.86,2,9,card,network_error,36,7885.73,0,1
57,51,330.98,0.83,2,16,netbanking,bank_error,45,4204.92,1,1
52,32,386.39,0.85,2,35,card,network_error,46,16116.57,2,1
58,50,1831.69,0.57,1,74,upi,card_declined,16,4421.91,0,0
46,41,673.65,0.44,2,16,upi,network_error,22,10538.12,1,1
69,2,526.35,0.49,3,33,card,card_declined,3,1689.9,1,0
46,25,1422.93,0.97,0,51,card,card_declined,7,7131.67,0,1
55,52,515.29,0.77,2,61,upi,card_declined,21,5190.85,0,0
59,44,784.15,0.84,0,79,card,insufficient_funds,25,3830.95,0,0
38,2,1991.39,0.94,3,59,card,card_declined,37,7784.24,2,1
59,42,379.97,0.91,1,72,card,card_declined,11,5791.17,1,0
30,1,420.82,0.53,2,4,card,insufficient_funds,7,6989.13,1,0
66,36,355.07,0.43,1,2,wallet,insufficient_funds,22,7630.04,1,0
58,57,600.15,0.96,0,71,card,bank_error,12,3047.39,1,1
34,12,1162.0,0.99,1,58,upi,insufficient_funds,10,20024.37,1,0
26,9,711.13,0.74,1,62,card,card_declined,46,16629.57,0,0
58,36,3141.15,0.93,2,25,upi,card_declined,19,4678.82,0,0
18,41,1508.27,0.54,0,71,upi,network_error,42,7300.66,0,0
19,28,1082.28,0.47,2,25,upi,insufficient_funds,16,2641.75,2,0
65,38,2662.94,0.7,0,66,netbanking,expired_card,4,1749.98,1,1
46,33,432.0,0.89,0,26,card,expired_card,6,7848.87,1,1
50,42,2011.43,0.79,3,55,card,bank_error,6,15815.91,0,0
27,46,929.47,0.78,1,3,wallet,insufficient_funds,18,3921.88,1,0
67,22,797.33,0.41,4,46,netbanking,network_error,35,6168.08,1,0
57,25,1682.02,0.59,1,29,card,bank_error,40,2432.15,0,0
38,18,821.59,0.96,2,58,netbanking,insufficient_funds,27,1440.55,0,0
45,6,1245.55,0.48,2,11,upi,expired_card,3,3330.25,3,0
28,18,1022.56,0.84,0,21,card,insufficient_funds,6,4697.55,0,0
51,52,1359.02,0.86,2,43,netbanking,insufficient_funds,29,10804.66,1,1
25,16,768.96,0.84,2,4,upi,bank_error,45,1842.6,0,1
39,15,2097.99,0.99,1,69,netbanking,card_declined,28,2146.57,2,0
25,48,262.19,0.65,0,70,card,network_error,28,2142.3,2,0
66,8,1717.5,0.81,0,22,upi,card_declined,26,14206.15,1,0
32,13,291.82,0.52,0,6,card,insufficient_funds,20,18221.59,2,1
34,55,647.16,0.64,3,78,upi,bank_error,16,22817.0,1,1
40,43,1580.74,0.69,0,22,card,insufficient_funds,24,14099.0,3,0
41,57,267.85,0.53,4,16,card,insufficient_funds,13,6172.83,1,0
62,7,1232.18,0.94,0,36,upi,card_declined,32,4840.91,0,0
36,17,419.92,0.83,1,50,card,card_declined,43,8740.93,0,1
22,50,556.49,0.57,0,58,wallet,insufficient_funds,8,4283.42,0,1
49,32,538.86,0.48,0,71,upi,network_error,36,16639.59,1,1
61,22,428.23,0.57,1,87,upi,card_declined,11,7738.0,3,0
18,55,326.78,0.77,1,51,card,card_declined,13,3885.12,2,0
40,51,4674.28,0.9,1,78,upi,network_error,46,3050.61,0,0
54,57,965.14,0.7,2,47,upi,card_declined,29,5578.21,0,1
25,13,461.19,0.46,1,53,netbanking,bank_error,29,4425.44,1,0
30,47,739.9,0.55,2,6,netbanking,bank_error,34,8522.37,1,0
25,23,1125.14,0.61,1,25,card,bank_error,19,6138.37,1,1
40,54,841.27,0.78,4,3,upi,insufficient_funds,16,5332.21,1,0
60,29,451.79,0.55,6,13,upi,card_declined,42,32703.73,2,0
18,22,584.37,0.54,0,53,upi,card_declined,31,9480.97,0,0
62,1,2514.93,0.57,2,67,netbanking,insufficient_funds,43,7727.2,0,0
68,29,410.8,0.76,4,31,netbanking,bank_error,27,2960.33,1,0
41,48,271.0,0.7,0,67,upi,insufficient_funds,14,1163.76,0,0
52,5,835.84,0.9,4,81,upi,card_declined,29,51921.36,3,0
41,58,283.67,0.82,1,55,netbanking,insufficient_funds,23,4077.65,0,0
34,35,580.08,0.8,1,66,netbanking,network_error,47,1767.21,0,0
22,55,456.53,0.49,1,5,card,expired_card,28,4410.06,0,0
37,10,459.33,0.43,3,9,upi,bank_error,38,7574.3,1,0
38,19,1151.33,0.71,4,29,wallet,card_declined,10,7244.56,1,0
57,37,1312.83,0.44,2,35,card,expired_card,26,1644.13,0,0
48,7,623.82,0.62,1,35,card,card_declined,23,353.64,0,0
63,46,1026.52,0.42,1,50,card,bank_error,39,13978.43,0,0
53,35,602.44,0.51,2,30,card,insufficient_funds,18,17473.04,0,0
28,45,1451.84,0.47,1,15,wallet,card_declined,4,15166.57,1,1
69,13,389.8,0.88,1,29,card,insufficient_funds,11,4469.33,1,0
32,10,1231.11,0.61,1,25,upi,expired_card,43,2171.65,1,1
36,2,1298.23,0.45,1,75,netbanking,insufficient_funds,40,8973.34,1,0
24,6,5626.18,0.56,1,57,netbanking,insufficient_funds,40,5530.55,2,0
68,8,321.14,0.81,2,51,card,bank_error,13,7489.45,0,1
45,36,7037.67,0.85,3,68,upi,card_declined,25,5291.15,0,0
68,25,1862.51,0.47,1,58,card,bank_error,7,2482.93,1,0
60,44,3940.73,0.87,1,12,card,card_declined,30,7194.67,0,1
22,47,2066.65,0.62,0,69,card,network_error,43,5242.37,0,0
22,40,566.53,0.81,0,37,card,expired_card,6,2750.81,0,1
47,7,1738.0,0.8,2,25,card,insufficient_funds,41,4347.29,2,0
49,46,688.17,0.88,3,68,card,insufficient_funds,32,6643.4,1,1
25,23,1031.01,0.82,1,24,card,network_error,37,3194.44,0,0
27,19,481.89,0.42,3,36,netbanking,card_declined,21,16965.36,2,0
55,46,681.92,0.71,5,2,upi,bank_error,29,1764.65,0,1
64,22,2054.7,0.5,2,35,upi,insufficient_funds,25,960.74,2,0
49,13,1490.06,0.98,1,8,netbanking,card_declined,10,6778.74,1,1
65,21,2246.12,0.55,4,73,card,insufficient_funds,19,1986.41,0,0
45,1,412.21,0.65,4,28,upi,network_error,4,7131.61,1,0
34,59,296.1,0.52,2,60,card,expired_card,29,9744.24,0,0
48,19,2371.32,0.48,2,54,card,insufficient_funds,17,3110.02,0,0
25,33,2251.54,0.76,1,44,card,card_declined,34,12107.84,3,1
57,4,1271.66,0.7,1,10,card,card_declined,5,1940.05,1,1
42,42,1470.65,0.62,0,5,card,expired_card,6,7800.95,1,1
26,3,2009.27,0.45,0,47,wallet,network_error,38,632.19,0,0
19,27,1245.22,0.84,1,31,upi,insufficient_funds,35,4279.82,3,1
32,52,1596.66,0.4,1,29,upi,bank_error,4,4540.88,1,0
67,41,1939.87,0.67,1,3,upi,bank_error,47,6031.51,1,0
20,35,1027.15,0.78,1,26,netbanking,network_error,27,5847.36,0,1
66,28,860.99,0.66,2,2,card,expired_card,41,26206.91,1,0
53,6,1432.87,0.48,1,79,upi,insufficient_funds,1,16581.08,1,0
21,6,5352.02,0.87,1,77,wallet,insufficient_funds,16,1854.57,1,0
31,55,605.84,0.59,2,56,upi,expired_card,25,6906.11,1,0
58,57,811.17,0.48,2,14,upi,insufficient_funds,40,2902.99,1,0
58,44,320.7,0.73,3,76,netbanking,insufficient_funds,4,15474.94,5,0
42,23,1486.77,0.41,2,15,upi,network_error,36,7091.05,1,0
67,33,756.76,0.59,2,85,wallet,insufficient_funds,11,4349.44,1,0
27,16,411.48,0.85,1,45,card,insufficient_funds,18,18133.18,0,1
38,24,1048.89,0.95,2,47,netbanking,insufficient_funds,23,11784.56,0,0
53,5,3122.04,0.76,1,20,upi,card_declined,44,4020.08,1,0
29,41,857.12,0.53,1,18,card,network_error,5,4323.23,1,1
44,42,913.83,0.53,2,79,netbanking,insufficient_funds,39,9470.89,2,0
57,13,3038.12,0.76,2,61,wallet,card_declined,47,4520.65,0,0
19,47,1092.8,0.64,3,76,card,insufficient_funds,17,2067.8,2,0
30,12,470.9,0.51,2,5,wallet,insufficient_funds,41,3546.43,1,0
49,5,1776.32,0.87,1,58,card,insufficient_funds,13,6532.41,0,0
48,37,2409.6,0.52,1,81,card,insufficient_funds,4,6350.7,0,0
33,31,953.12,0.59,2,77,card,insufficient_funds,43,1409.77,1,0
49,28,1201.52,0.44,2,60,wallet,bank_error,30,3716.36,1,0
49,28,437.98,0.82,5,13,upi,bank_error,46,2574.57,2,0
51,30,596.21,0.57,2,80,card,expired_card,15,15875.73,0,0
28,18,868.59,0.54,1,40,upi,insufficient_funds,8,5214.49,0,0
27,44,1157.31,0.58,3,67,card,network_error,6,7278.04,2,0
32,27,710.65,0.92,2,52,upi,expired_card,4,2679.8,2,0
34,35,845.95,0.71,1,2,card,insufficient_funds,26,8631.07,1,1
57,26,1005.59,0.49,4,89,card,insufficient_funds,25,2863.9,0,0
35,57,545.33,0.86,2,53,netbanking,card_declined,21,4572.26,1,1
26,39,908.54,0.53,2,67,upi,card_declined,29,2022.74,2,0
42,49,2463.06,0.65,0,11,upi,card_declined,10,6460.1,2,0
57,51,722.55,0.74,1,11,upi,insufficient_funds,20,604.2,1,1
31,18,583.68,0.75,3,10,card,card_declined,42,44608.08,0,0
42,33,4720.11,0.44,3,28,upi,expired_card,20,10166.24,2,0
67,25,1284.24,0.9,0,11,card,card_declined,25,3903.84,2,0
39,56,638.43,0.69,0,7,card,insufficient_funds,7,13638.27,2,1
69,31,1720.64,0.99,1,29,upi,bank_error,5,8316.96,1,1
47,37,1311.96,0.83,1,65,upi,card_declined,7,2911.57,2,0
37,59,735.73,1.0,1,52,netbanking,card_declined,47,3575.65,0,1
38,2,1059.69,0.67,1,15,upi,card_declined,30,1570.68,1,0
61,33,894.26,0.48,2,7,wallet,insufficient_funds,28,4037.48,0,0
49,39,2193.07,0.84,4,68,upi,network_error,17,3229.16,0,0
68,43,1766.83,0.87,2,55,upi,insufficient_funds,27,3497.7,1,0
63,43,244.68,0.91,3,3,card,expired_card,18,2582.69,2,0
66,32,4154.87,0.58,2,20,upi,card_declined,20,5930.75,1,0
38,18,896.21,0.71,2,3,upi,bank_error,2,3104.95,0,0
52,17,3661.6,0.91,1,29,upi,bank_error,45,2149.68,0,1
49,34,1810.28,0.92,2,20,card,card_declined,22,6656.63,0,0
47,39,1304.74,0.42,3,10,card,insufficient_funds,18,5928.78,0,1
56,7,1026.68,0.8,0,61,card,card_declined,8,1456.56,0,1
66,42,7563.91,0.76,0,37,card,insufficient_funds,11,4776.37,0,0
29,54,906.73,0.45,0,84,card,card_declined,23,8236.57,3,0
58,53,685.44,0.96,2,51,netbanking,card_declined,31,2030.46,4,1
64,35,730.03,0.67,2,42,netbanking,card_declined,21,4356.81,0,0
35,30,1097.45,0.8,1,73,netbanking,card_declined,26,1593.66,2,0
38,12,1096.11,0.93,0,75,upi,network_error,44,33031.02,1,1
30,35,2214.58,0.48,1,30,upi,insufficient_funds,24,13074.4,1,0
38,11,1864.55,0.91,1,45,netbanking,insufficient_funds,36,2436.63,0,0
25,44,1866.17,0.83,1,87,card,insufficient_funds,36,7790.51,0,0
63,57,934.71,0.9,1,24,card,expired_card,17,3900.8,0,0
57,4,1760.87,0.7,1,31,upi,bank_error,42,4764.22,0,1
63,25,1894.87,0.42,0,23,upi,expired_card,47,11680.29,2,1
24,48,1037.4,0.8,1,53,upi,bank_error,34,10937.69,1,1
40,32,1333.34,0.62,1,42,card,insufficient_funds,14,3370.59,4,0
61,20,1893.2,0.64,3,36,upi,card_declined,27,2444.15,0,1
49,50,1271.33,0.66,1,34,upi,bank_error,25,10766.34,0,0
28,31,1359.14,0.7,0,85,card,card_declined,8,2975.22,0,0
39,4,2936.48,0.8,1,26,upi,bank_error,8,21062.41,0,1
39,54,1278.33,0.84,3,71,upi,network_error,46,24149.19,0,0
60,38,716.65,0.87,0,25,card,bank_error,37,6033.03,2,0
42,53,427.53,0.8,0,3,card,card_declined,20,2984.9,1,1
39,47,1187.03,0.88,2,43,upi,card_declined,42,716.34,1,1
45,1,869.55,0.47,0,82,netbanking,insufficient_funds,18,3371.71,1,0
46,3,1931.05,0.9,2,6,upi,insufficient_funds,33,1499.75,0,0
30,37,3308.96,0.63,1,54,card,bank_error,2,4206.26,0,0
35,22,533.37,0.72,0,52,upi,card_declined,39,8674.01,2,0
19,17,589.87,0.66,1,13,card,network_error,6,4835.32,2,0
46,14,1078.24,0.69,1,66,card,expired_card,7,6190.51,1,0
38,41,626.44,0.57,2,56,upi,card_declined,47,3266.4,0,0
32,35,938.78,0.5,0,47,upi,bank_error,42,2025.79,2,1
69,58,753.46,0.46,0,77,card,bank_error,46,12867.11,0,1
44,13,541.62,0.67,2,65,card,network_error,3,2310.08,4,0
67,35,1954.95,0.48,0,66,card,bank_error,35,1520.03,0,0
48,43,1155.97,0.55,1,68,netbanking,insufficient_funds,41,6010.17,1,0
32,2,3949.16,0.48,0,13,card,insufficient_funds,31,2227.32,0,0
68,56,1409.94,0.47,2,30,card,insufficient_funds,40,6164.82,1,0
40,47,2702.61,0.93,1,76,wallet,bank_error,39,6695.96,0,1
41,13,658.42,0.8,2,33,card,network_error,14,7747.29,1,0
61,51,652.72,0.95,2,38,card,bank_error,36,3543.06,2,0
30,54,5190.63,0.79,0,43,card,insufficient_funds,20,4395.72,2,1
39,16,716.06,0.91,0,3,card,insufficient_funds,18,2812.13,0,1
60,18,564.31,0.73,2,43,upi,card_declined,28,9093.27,0,0
54,7,483.05,0.68,2,73,card,insufficient_funds,47,3417.34,3,0
50,45,4192.39,0.72,1,71,card,bank_error,38,1367.44,2,0
20,36,904.8,0.59,2,4,wallet,card_declined,38,3534.45,1,0
36,41,1454.44,0.79,3,32,card,expired_card,34,5307.47,0,0
40,30,1219.23,0.94,2,1,upi,card_declined,23,3242.21,1,1
46,42,660.91,0.87,1,13,netbanking,card_declined,32,2995.84,1,0
47,41,891.22,0.68,3,36,wallet,network_error,15,7080.57,1,0
56,7,1982.23,0.97,3,26,card,card_declined,29,8256.88,1,0
61,15,464.94,0.99,1,77,wallet,bank_error,38,1370.49,0,1
64,40,1757.97,0.7,4,22,upi,card_declined,11,13119.27,0,0
42,19,2992.39,0.92,2,88,upi,card_declined,16,2969.43,2,1
54,43,1345.69,0.4,2,11,upi,expired_card,44,5215.24,2,0
64,37,2788.84,0.44,0,25,card,network_error,38,6796.23,2,0
25,2,419.9,0.41,0,79,card,bank_error,39,9118.08,1,0
59,42,304.59,0.86,2,45,upi,bank_error,44,2623.0,1,0
33,48,1299.65,0.45,1,36,card,insufficient_funds,31,5161.08,2,0
25,55,727.46,0.41,3,34,upi,insufficient_funds,5,3082.91,0,0
18,13,2028.67,0.49,2,34,card,insufficient_funds,4,3382.56,0,0
61,40,882.44,0.58,0,32,upi,card_declined,26,6207.12,1,1
22,41,1215.65,0.68,4,25,card,card_declined,46,2360.14,1,0
20,43,1160.6,0.44,1,67,card,network_error,10,7666.2,1,0
18,43,1186.8,0.7,0,59,upi,bank_error,27,3434.59,0,0
21,55,750.06,0.55,3,57,card,bank_error,7,4591.73,1,0
57,58,421.89,0.56,1,29,upi,card_declined,5,4583.35,1,0
52,31,940.65,0.89,2,21,upi,card_declined,35,2714.46,0,1
49,16,3026.1,0.99,1,73,card,network_error,34,5726.79,1,1
59,42,716.1,0.68,1,85,card,network_error,28,39225.08,2,0
51,56,713.34,0.59,1,21,card,insufficient_funds,35,15697.53,1,1
60,44,1224.58,0.96,2,71,upi,insufficient_funds,5,2906.88,2,1
42,57,481.08,0.7,2,47,netbanking,bank_error,15,781.72,1,0
27,6,2213.75,0.84,2,32,card,network_error,33,1007.76,2,0
38,28,514.29,0.65,1,22,card,network_error,28,912.52,0,0
63,32,895.6,0.52,1,42,card,bank_error,28,2696.34,1,0
56,44,6484.93,0.79,2,11,card,insufficient_funds,20,3214.49,0,0
44,10,492.85,0.8,2,58,wallet,card_declined,28,2644.23,1,0
44,50,3073.77,0.68,1,78,card,insufficient_funds,15,779.73,0,0
19,18,1193.77,0.56,1,41,card,network_error,21,3816.47,0,0
58,4,1317.67,0.9,2,86,upi,insufficient_funds,35,10978.65,0,0
65,9,622.32,0.57,0,25,upi,network_error,41,17415.2,2,1
30,7,1918.17,0.8,0,16,upi,card_declined,4,7180.22,0,0
26,50,848.82,0.63,3,66,card,card_declined,27,4285.83,0,0
69,8,491.05,0.68,4,70,upi,bank_error,45,1697.07,1,0
53,43,3038.02,0.53,0,34,upi,card_declined,10,8221.89,2,1
39,7,837.07,0.79,2,46,card,insufficient_funds,14,959.85,0,0
59,41,298.4,0.54,0,48,card,bank_error,47,2309.35,0,0
43,40,908.6,0.69,2,37,netbanking,network_error,13,1668.54,0,1
29,3,1930.72,0.6,3,22,card,card_declined,2,7254.2,0,0
34,17,1726.5,0.98,0,80,upi,card_declined,43,7833.69,0,0
31,2,700.21,0.99,0,7,upi,card_declined,41,2482.47,2,0
31,15,553.22,0.85,4,47,upi,network_error,41,4197.45,1,0
51,46,421.44,0.99,1,77,upi,insufficient_funds,47,10902.46,0,1
37,29,1079.3,0.47,0,17,upi,bank_error,45,2354.1,0,0
28,50,1218.89,1.0,5,3,netbanking,network_error,29,2628.57,0,1
33,48,1801.32,0.46,1,12,card,card_declined,1,12234.06,0,1
68,52,987.99,0.65,1,70,upi,network_error,17,4925.95,0,1
48,22,967.71,0.54,3,76,upi,insufficient_funds,44,8721.56,0,0
23,4,902.4,0.97,4,75,upi,insufficient_funds,28,5249.93,0,0
36,57,1220.35,0.78,1,19,wallet,card_declined,19,11355.95,0,1
54,52,998.68,0.76,0,31,upi,insufficient_funds,33,6302.34,1,1
21,6,2116.17,1.0,0,2,card,network_error,4,3130.65,1,1
64,38,1363.2,0.77,0,18,netbanking,bank_error,26,5244.68,1,1
21,26,1182.75,0.79,0,55,upi,bank_error,24,12213.59,4,0
37,11,1065.06,0.43,2,4,upi,expired_card,7,3679.03,3,0
27,26,567.21,0.92,2,22,upi,bank_error,43,10943.13,1,0
41,17,1096.13,0.98,3,78,card,insufficient_funds,26,3936.37,0,0
52,24,697.45,0.98,3,78,upi,network_error,16,3406.1,1,0
43,28,1397.7,0.53,2,34,card,insufficient_funds,14,9233.79,2,1
54,35,947.47,0.54,3,48,netbanking,insufficient_funds,37,2549.72,1,0
55,31,3515.79,0.62,1,70,upi,expired_card,12,15004.85,1,1
38,13,453.34,0.59,1,76,card,insufficient_funds,45,11968.86,3,0
57,54,125.17,0.58,3,24,card,insufficient_funds,11,1951.52,0,0
56,35,1322.61,0.76,2,45,card,card_declined,1,10321.64,1,0
38,16,699.05,0.88,1,10,netbanking,insufficient_funds,35,9983.69,0,1
27,15,1227.51,0.96,1,46,card,insufficient_funds,32,4448.23,1,0
55,43,461.76,0.44,0,36,upi,insufficient_funds,33,5482.92,0,0
63,18,4172.5,0.57,1,51,card,insufficient_funds,5,1541.81,0,0
21,47,836.68,0.55,3,32,netbanking,bank_error,33,12026.89,0,0
62,37,668.1,0.61,0,32,card,insufficient_funds,2,2694.11,0,0
37,48,4118.91,0.65,2,15,upi,insufficient_funds,33,962.1,0,0
34,48,1974.84,0.63,1,9,card,insufficient_funds,24,3121.6,0,0
24,49,2900.56,0.97,2,58,card,insufficient_funds,40,2402.54,0,0
21,41,972.12,0.66,3,36,card,insufficient_funds,13,5819.27,1,0
46,27,1133.24,0.73,0,22,upi,expired_card,33,15618.33,0,1
31,55,722.19,0.85,2,13,wallet,bank_error,7,6276.29,1,1
20,35,665.52,0.84,0,41,card,expired_card,35,9175.75,0,0
41,52,1449.2,0.75,2,78,upi,bank_error,19,29368.14,1,0
54,45,847.32,0.92,0,26,card,expired_card,34,3979.87,1,1
33,54,5190.44,0.77,2,61,upi,insufficient_funds,34,957.25,1,1
69,35,1977.85,0.92,2,44,upi,expired_card,26,2287.75,3,1
21,28,4098.12,0.58,1,89,upi,expired_card,6,6277.6,0,0
41,39,230.42,0.48,0,86,upi,insufficient_funds,26,2320.56,2,0
51,38,4133.15,0.89,1,30,netbanking,bank_error,35,9482.91,1,1
47,9,206.55,0.63,0,77,card,bank_error,23,1943.38,0,0
35,12,453.67,0.79,0,37,netbanking,network_error,27,1936.15,3,0
36,15,321.55,0.84,2,58,upi,card_declined,10,1679.44,0,0
48,21,1300.02,0.6,2,83,card,card_declined,36,31278.95,1,0
36,52,1082.75,0.7,0,35,card,network_error,30,4157.26,1,1
66,35,1913.03,0.94,1,49,netbanking,insufficient_funds,34,3745.55,0,1
63,42,1030.78,0.93,2,59,upi,card_declined,39,9724.76,2,0
36,33,2585.23,0.85,1,7,upi,insufficient_funds,33,8267.24,0,0
39,51,570.84,0.86,2,35,card,network_error,9,15902.28,1,0
41,19,2627.31,0.94,1,39,card,network_error,1,22745.68,1,1
62,55,1073.29,0.84,3,6,wallet,network_error,33,12853.91,1,1
29,23,5705.02,0.6,0,78,wallet,insufficient_funds,7,7368.37,2,0
47,13,2018.95,0.47,2,65,upi,bank_error,9,3434.27,0,0
55,44,886.64,0.65,1,85,upi,card_declined,16,10544.0,0,1
48,1,1070.79,0.45,1,27,upi,network_error,30,13798.8,0,1
53,51,541.11,0.47,3,86,upi,card_declined,18,3716.09,0,0
36,29,1410.29,0.97,2,11,upi,card_declined,24,4150.99,1,0
65,24,886.31,0.81,1,9,wallet,bank_error,14,12915.59,1,0
62,16,1820.59,0.91,2,10,upi,network_error,46,522.93,1,1
53,25,429.83,0.79,2,54,upi,card_declined,29,8033.65,1,0
47,55,870.64,0.65,0,43,card,expired_card,37,2716.97,1,0
66,23,487.03,0.42,0,50,wallet,insufficient_funds,38,2650.1,1,1
50,28,508.7,0.97,3,46,upi,insufficient_funds,19,2655.63,1,0
35,47,1676.12,0.44,1,63,wallet,card_declined,6,1308.26,0,0
69,16,2409.45,0.77,2,49,upi,insufficient_funds,5,3911.61,1,0
66,43,214.27,0.46,0,31,card,insufficient_funds,11,9279.59,0,1
45,56,4037.22,0.57,1,63,upi,card_declined,7,2496.28,0,0
64,38,2930.3,0.51,1,8,netbanking,network_error,10,5447.3,1,0
28,11,427.23,0.73,2,40,card,card_declined,18,1869.93,2,0
62,3,1956.26,0.93,0,60,netbanking,card_declined,40,1046.78,0,1
50,15,794.62,0.78,0,51,upi,card_declined,33,380.71,1,0
34,1,1023.85,0.8,3,5,card,insufficient_funds,15,5942.9,0,0
23,7,1671.44,0.95,0,31,card,bank_error,11,10325.38,0,1
21,1,1534.56,0.85,1,7,card,insufficient_funds,18,6912.87,0,0
37,49,734.29,0.92,2,45,card,card_declined,29,1687.28,1,1
65,32,732.11,0.65,1,47,netbanking,insufficient_funds,3,17187.13,0,0
64,9,762.99,0.92,4,14,upi,bank_error,30,8771.6,1,0
44,29,2440.55,0.79,0,25,card,card_declined,13,11574.94,1,1
32,26,297.89,0.48,3,85,card,insufficient_funds,26,11093.4,1,0
23,23,979.13,0.42,0,47,card,insufficient_funds,19,8438.94,0,0
64,45,3297.05,0.55,0,46,wallet,bank_error,11,3888.29,0,1
31,43,1794.7,0.63,0,45,upi,card_declined,5,2541.67,3,1
28,29,2288.55,0.9,4,31,card,network_error,25,7304.99,0,1
56,52,988.67,0.84,0,52,upi,network_error,29,3033.58,1,1
26,38,485.66,0.97,0,4,wallet,card_declined,22,5847.48,1,1
43,33,1140.23,0.74,1,46,upi,bank_error,45,5032.5,1,1
33,7,677.05,0.85,2,29,card,insufficient_funds,25,3205.65,0,0
22,12,5226.41,0.57,1,49,netbanking,bank_error,32,5885.34,2,0
69,31,981.69,0.81,4,65,upi,expired_card,35,6785.74,0,0
27,32,1713.38,0.82,2,1,card,bank_error,17,4185.27,0,1
67,54,3610.76,0.91,2,68,wallet,insufficient_funds,26,769.38,1,1
20,20,508.91,0.72,5,84,netbanking,insufficient_funds,3,4514.09,4,0
30,55,222.34,0.79,0,59,upi,insufficient_funds,36,3153.39,0,0
60,51,1545.36,0.52,2,37,upi,network_error,33,1850.12,0,0
66,17,1763.1,0.84,4,78,card,insufficient_funds,31,21568.66,2,0
47,36,820.68,0.9,0,52,netbanking,bank_error,7,2600.21,2,1
62,3,488.15,0.76,0,78,card,expired_card,20,13782.51,3,0
23,1,1362.22,0.47,0,2,upi,bank_error,46,4955.05,0,1
34,50,1078.55,0.59,1,21,card,network_error,43,4349.74,0,1
62,27,1374.08,0.69,1,29,card,network_error,19,7788.44,0,1
68,53,496.18,0.81,4,76,wallet,insufficient_funds,45,20349.28,1,1
36,47,1376.58,0.59,0,82,upi,bank_error,40,4949.62,1,0
59,40,1946.28,0.9,0,38,netbanking,network_error,5,3275.94,1,0
52,33,382.17,0.62,3,32,netbanking,card_declined,32,7890.99,1,0
63,20,3048.15,0.43,2,41,wallet,bank_error,46,11331.82,1,0
43,14,1310.47,0.88,3,22,wallet,bank_error,17,7431.86,0,1
68,36,1989.54,0.79,2,42,upi,insufficient_funds,44,9903.56,0,0
22,5,447.98,0.88,1,12,wallet,bank_error,8,11502.26,1,0
46,23,1768.36,0.61,0,57,card,card_declined,35,11842.2,0,1
54,45,346.8,0.41,2,85,upi,card_declined,6,4789.43,3,0
37,56,564.66,0.44,1,8,netbanking,insufficient_funds,44,14842.08,0,0
66,15,1318.64,0.47,1,28,wallet,bank_error,4,3887.52,0,0
38,6,904.0,0.88,1,57,upi,card_declined,34,14663.68,0,0
27,33,1117.95,0.58,1,53,card,bank_error,1,17880.47,0,1
22,55,4226.67,1.0,2,86,upi,expired_card,28,9962.91,1,0
53,19,1105.74,0.86,2,80,upi,bank_error,27,11451.08,1,0
23,13,1802.25,0.76,3,76,upi,bank_error,21,11015.03,1,0
43,29,1046.56,0.99,0,17,netbanking,bank_error,25,5274.57,1,1
21,6,1025.08,0.59,2,21,netbanking,insufficient_funds,24,7893.89,1,1
56,15,552.92,0.5,2,51,card,insufficient_funds,28,18091.73,0,0
56,16,1418.97,0.84,1,7,upi,network_error,2,2221.42,0,1
67,24,6469.38,0.57,4,61,card,insufficient_funds,7,13861.36,2,0
52,23,1166.2,0.98,1,84,upi,bank_error,11,729.61,3,0
18,48,909.68,0.99,6,54,card,bank_error,30,3170.56,1,0
41,10,2435.97,0.96,2,41,netbanking,insufficient_funds,44,5566.54,0,0
53,54,2243.88,0.97,1,60,card,insufficient_funds,19,4684.56,0,0
23,41,1491.21,0.77,3,44,card,network_error,6,11197.93,0,0
58,41,883.72,0.82,1,77,upi,expired_card,41,1444.39,1,0
63,49,2443.29,0.46,3,29,card,card_declined,16,7853.64,0,0
61,17,1193.51,0.86,1,43,card,card_declined,19,2521.1,2,1
48,49,2078.98,0.52,2,37,upi,card_declined,26,10280.19,0,1
37,56,618.0,0.9,0,61,card,network_error,15,1993.84,1,1
41,44,727.27,0.98,1,59,card,expired_card,34,6649.33,2,1
42,45,1173.58,0.53,0,61,card,insufficient_funds,14,15019.97,1,0
53,30,461.9,0.45,1,72,card,card_declined,5,2826.8,0,0
38,44,846.47,0.69,2,20,upi,card_declined,38,4857.7,1,0
47,46,447.79,0.87,3,44,card,card_declined,20,4478.78,0,0
41,10,371.92,0.86,3,56,upi,bank_error,38,3701.44,0,0
61,55,6034.18,0.82,2,48,upi,card_declined,12,4583.03,0,0
59,19,716.03,0.89,2,74,wallet,bank_error,37,1406.11,0,0
47,29,761.49,0.5,1,15,card,card_declined,7,7320.84,1,1
39,2,1159.97,0.79,0,76,wallet,network_error,34,3990.88,1,0
45,36,521.54,0.76,2,56,card,expired_card,32,4400.32,0,1
24,19,771.88,0.49,0,56,netbanking,network_error,9,10126.73,3,1
52,7,3960.34,0.65,2,46,card,card_declined,37,2977.46,1,0
45,26,1409.05,0.91,3,57,wallet,insufficient_funds,9,5150.89,0,1
31,15,2186.94,0.98,2,45,netbanking,network_error,19,662.91,1,0
27,47,3299.46,0.8,1,80,card,network_error,39,25205.35,0,0
33,56,1270.87,0.95,1,42,card,insufficient_funds,12,13952.47,0,0
33,38,939.29,0.48,0,62,upi,card_declined,8,3736.84,0,0
48,3,401.94,0.99,1,8,upi,bank_error,12,22650.21,1,1
59,38,838.8,0.42,0,84,upi,bank_error,37,6867.13,0,1
42,16,978.73,0.72,1,14,upi,insufficient_funds,16,857.2,0,1
30,2,623.22,0.57,0,26,upi,bank_error,41,2560.9,0,0
23,31,3234.59,0.89,6,41,card,network_error,3,7567.45,2,0
61,28,2372.28,0.53,2,29,card,card_declined,8,3252.64,0,0
26,7,2186.11,0.41,3,63,card,insufficient_funds,11,3296.27,0,0
62,30,1010.96,0.65,1,13,card,expired_card,18,6845.48,0,1
53,43,532.12,0.44,3,86,card,bank_error,10,10493.39,0,0
60,58,2778.32,0.57,2,59,upi,insufficient_funds,33,2648.69,0,1
37,7,1386.8,0.79,1,47,netbanking,card_declined,15,23318.89,1,0
35,36,1884.01,0.58,1,88,card,bank_error,23,4355.45,0,0
60,29,1691.67,0.55,5,21,upi,bank_error,42,4774.8,3,0
38,24,1362.99,0.49,1,12,card,insufficient_funds,12,4524.33,0,0
21,52,4445.87,0.48,0,24,wallet,expired_card,28,1781.26,3,1
67,39,692.17,0.72,4,21,upi,insufficient_funds,3,2761.1,1,0
50,4,883.37,0.81,2,4,upi,card_declined,1,1516.55,1,1
44,29,3459.26,0.67,2,25,upi,expired_card,35,1659.99,0,0
24,44,1161.47,0.47,2,8,card,card_declined,1,2163.95,2,0
23,5,1004.1,0.79,1,36,card,insufficient_funds,36,3566.29,0,0
32,55,918.64,0.73,1,34,upi,network_error,30,2415.84,0,0
35,29,1764.3,0.63,3,50,wallet,insufficient_funds,30,3244.26,1,0
49,30,934.02,0.6,1,28,card,card_declined,10,5307.43,3,0
28,29,863.43,0.51,0,62,upi,network_error,47,2653.96,0,1
37,26,1744.06,0.49,1,74,upi,bank_error,41,4726.28,1,0
41,19,1170.61,0.6,3,44,upi,expired_card,14,17920.24,1,0
32,26,540.98,0.42,0,32,upi,card_declined,24,3142.76,3,1
65,37,1121.49,0.66,1,8,card,bank_error,20,3870.64,0,0
24,27,2910.77,0.76,2,54,upi,insufficient_funds,20,6579.42,0,0
38,30,1873.78,0.96,2,17,card,card_declined,33,10488.86,0,0
59,51,3173.49,0.78,2,12,upi,network_error,12,3380.61,0,0
43,53,657.27,0.77,2,67,card,card_declined,5,2586.87,2,0
61,30,2319.63,0.62,2,75,card,expired_card,23,8549.01,1,0
31,3,696.48,0.48,1,78,card,network_error,16,8977.26,0,1
54,59,462.81,0.67,0,71,netbanking,network_error,41,2871.52,3,1
38,58,625.06,0.76,0,26,card,card_declined,46,6102.68,0,1
35,43,1202.29,0.83,1,33,card,insufficient_funds,27,13023.89,3,1
22,7,2251.98,0.9,0,44,card,bank_error,9,17663.18,0,1
20,49,1362.79,0.55,5,32,card,insufficient_funds,14,12546.74,0,0
40,57,985.06,0.54,1,38,upi,card_declined,29,6762.15,0,0
43,9,532.43,0.74,1,84,upi,card_declined,14,3620.06,0,0
54,53,1796.74,0.74,4,10,wallet,insufficient_funds,31,3980.67,1,0
41,41,2152.82,0.53,4,79,wallet,insufficient_funds,7,4436.67,0,0
66,42,1351.27,0.75,1,79,card,insufficient_funds,41,5239.29,1,1
36,13,524.99,0.61,2,70,card,bank_error,44,9196.23,1,0
68,15,1931.59,0.78,0,89,card,bank_error,9,3964.4,3,1
42,54,2589.11,0.57,2,1,netbanking,network_error,14,3938.36,0,1
38,5,3207.07,0.76,3,70,card,card_declined,19,9143.31,0,0
29,29,807.23,0.86,2,77,upi,insufficient_funds,34,1794.64,2,0
58,35,1488.34,0.99,2,75,upi,bank_error,10,6965.53,2,1
50,27,754.33,0.95,4,88,card,insufficient_funds,47,5141.07,1,0
67,27,574.99,0.7,0,84,upi,insufficient_funds,16,4573.84,0,0
21,8,3321.74,0.69,1,25,card,card_declined,47,2485.41,0,0
59,32,1628.15,0.66,0,52,upi,card_declined,37,3631.13,2,0
24,20,2710.59,0.42,1,52,card,insufficient_funds,23,7183.19,2,0
39,10,465.27,0.5,2,12,card,insufficient_funds,37,4937.24,0,0
50,13,1341.97,0.44,1,46,card,bank_error,31,9948.4,1,0
34,29,1565.26,0.82,1,9,netbanking,expired_card,2,9312.1,1,1
41,35,612.45,0.65,2,45,netbanking,network_error,22,1911.19,1,0
51,54,3107.23,0.44,0,36,netbanking,card_declined,42,847.47,1,1
45,8,923.47,0.81,0,9,card,card_declined,4,5506.99,3,1
60,29,1506.5,0.79,2,40,card,network_error,33,3760.99,1,1
58,31,746.07,0.83,1,34,card,expired_card,22,4099.47,1,0
56,41,475.29,0.76,2,88,upi,bank_error,31,4847.98,2,1
39,30,2077.96,0.5,3,53,card,insufficient_funds,12,2604.62,1,1
66,22,1429.89,0.44,3,45,card,insufficient_funds,33,5753.81,0,0
34,21,1294.75,0.89,0,33,card,network_error,20,6189.12,1,1
51,12,902.6,0.53,3,29,upi,bank_error,41,3229.93,1,0
23,11,1402.88,0.73,0,38,card,card_declined,9,6142.4,1,1
63,2,2660.76,0.69,2,48,wallet,network_error,23,2000.12,2,0
23,50,679.48,0.95,0,77,upi,insufficient_funds,33,3818.51,2,1
51,41,1623.26,0.73,1,82,card,bank_error,19,3742.36,0,0
18,2,1263.63,0.75,1,59,card,network_error,33,14963.0,1,0
27,34,963.83,0.59,0,62,card,card_declined,5,6013.25,2,1
38,3,346.58,0.98,1,35,card,card_declined,21,11834.17,1,0
22,16,1087.47,0.77,2,47,card,network_error,32,5014.78,0,1
19,51,1756.15,0.4,1,59,upi,insufficient_funds,41,2980.95,3,1
39,4,1375.79,0.73,0,59,upi,card_declined,19,4382.57,2,0
65,23,400.59,0.62,1,2,card,insufficient_funds,46,2396.23,1,1
19,57,2625.27,0.42,6,89,upi,bank_error,22,4235.75,0,0
27,50,3475.68,0.66,2,60,wallet,insufficient_funds,18,14148.07,0,0
51,20,1015.72,0.86,0,6,upi,insufficient_funds,36,8235.39,2,1
33,25,5528.95,0.7,1,25,wallet,card_declined,25,8156.82,1,0
65,30,613.58,0.78,1,53,card,card_declined,36,9277.35,0,0
68,18,450.13,0.78,1,84,upi,card_declined,16,4566.55,1,0
56,42,538.95,0.8,3,78,upi,bank_error,26,4829.69,1,0
39,11,1301.92,0.63,2,4,wallet,insufficient_funds,13,4503.78,0,1
29,29,315.81,0.62,0,72,card,card_declined,32,9117.39,3,0
41,17,882.15,0.4,1,56,wallet,card_declined,3,4192.52,0,0
64,26,8554.26,0.49,3,2,upi,insufficient_funds,36,2153.31,0,0
57,56,382.73,0.97,1,17,card,insufficient_funds,37,3219.26,1,1
55,57,747.72,0.91,1,68,card,bank_error,19,32457.18,1,1
27,23,530.99,0.57,4,48,card,card_declined,14,10744.02,2,0
52,56,898.41,0.64,2,27,card,bank_error,21,3124.34,0,0
68,52,859.45,0.96,1,83,upi,insufficient_funds,32,1068.43,0,1
66,48,686.29,0.55,2,34,upi,network_error,24,7439.58,2,1
49,20,982.98,0.72,2,41,upi,expired_card,16,8795.04,1,1
24,45,1708.28,0.41,1,6,upi,card_declined,37,14260.14,0,0
38,2,2892.11,0.77,3,6,wallet,network_error,8,5210.42,0,0
37,24,898.66,0.96,0,28,card,bank_error,29,4007.19,1,1
43,31,1101.08,0.93,0,8,card,insufficient_funds,5,10210.7,1,1
21,27,1516.68,0.7,0,1,upi,card_declined,14,9009.88,0,0
63,2,461.72,0.79,2,80,card,bank_error,24,9758.01,3,0
69,57,985.5,0.74,1,83,card,insufficient_funds,10,1825.24,1,0
39,14,769.8,0.44,2,18,upi,network_error,5,13753.36,2,0
32,4,2135.28,0.5,2,80,upi,card_declined,45,5897.43,2,0
57,49,3737.89,0.98,2,47,netbanking,network_error,44,4557.34,0,1
38,13,636.55,0.55,3,80,wallet,network_error,11,3340.21,3,0
32,36,2686.5,0.63,0,11,card,network_error,33,13516.61,1,1
39,35,395.1,0.71,4,6,wallet,bank_error,29,1734.24,2,1
69,44,1262.02,0.99,1,14,card,insufficient_funds,34,1149.68,0,1
45,54,1315.53,0.81,1,22,netbanking,bank_error,2,1603.14,0,0
31,55,388.1,0.78,1,87,card,card_declined,45,12052.69,1,0
44,8,614.07,0.71,1,31,wallet,network_error,41,3488.19,1,1
58,2,573.64,0.82,1,28,card,insufficient_funds,41,671.1,0,0
57,6,437.91,0.8,2,19,upi,insufficient_funds,24,3535.16,0,0
45,31,169.63,0.94,1,86,card,expired_card,39,12321.11,2,0
43,54,948.54,0.73,1,1,card,insufficient_funds,21,1885.22,0,1
66,10,1032.0,0.65,2,67,card,card_declined,8,5688.31,0,0
19,44,1026.35,0.88,4,72,upi,insufficient_funds,10,2375.93,0,0
42,21,1874.31,0.88,2,13,card,network_error,45,23469.71,1,1
20,42,282.45,0.5,4,51,upi,network_error,11,3072.29,0,0
25,10,839.88,0.54,1,1,card,bank_error,14,1615.67,1,1
61,23,6581.28,0.98,0,29,upi,bank_error,5,5498.27,1,1
50,3,2040.05,0.67,2,13,card,expired_card,25,3562.84,2,1
59,32,2048.22,0.71,3,42,upi,card_declined,26,2669.22,1,0
69,20,538.28,0.59,2,29,wallet,card_declined,38,8165.64,2,0
52,10,956.1,0.69,1,16,wallet,card_declined,44,4704.55,1,0
23,29,219.22,0.85,3,60,card,insufficient_funds,45,2944.25,0,0
56,41,1652.16,0.69,3,34,card,bank_error,34,2703.31,1,0
69,52,2922.54,0.59,0,40,card,bank_error,30,2268.11,0,0
40,51,397.48,0.46,0,67,netbanking,insufficient_funds,17,4709.27,0,0
42,46,487.25,0.96,2,55,card,bank_error,36,4080.03,1,1
67,34,1072.32,0.92,1,58,card,bank_error,33,3308.51,0,1
60,37,1220.85,0.87,3,52,card,bank_error,31,4101.01,1,0
36,20,750.54,0.82,1,64,netbanking,insufficient_funds,18,2036.3,5,0
22,8,619.7,0.71,2,4,wallet,card_declined,12,5788.22,1,0
68,7,624.37,0.94,1,48,upi,card_declined,6,2362.2,1,0
28,6,1059.63,0.88,1,72,netbanking,insufficient_funds,11,38940.13,0,1
29,11,1652.92,0.89,1,18,upi,card_declined,26,4168.01,3,0
27,44,1059.43,0.59,2,86,upi,insufficient_funds,41,3927.23,1,0
25,18,990.88,0.65,3,10,upi,bank_error,8,8786.13,1,0
41,51,320.06,0.82,2,14,card,insufficient_funds,32,7439.75,1,0
45,42,2012.11,0.62,1,51,card,card_declined,23,1348.24,0,0
58,57,1057.88,0.7,0,46,upi,bank_error,5,9246.75,1,1
53,29,807.84,0.79,1,66,card,bank_error,30,2387.12,4,0
54,25,1311.07,0.66,1,61,upi,expired_card,4,3371.68,1,0
38,21,607.49,0.88,1,2,upi,network_error,37,2868.89,1,1
25,46,819.67,0.47,3,35,upi,card_declined,47,4209.36,0,1
26,3,1182.41,0.83,1,34,netbanking,card_declined,6,11883.65,1,1
64,18,681.99,0.49,2,70,card,insufficient_funds,22,2358.9,1,0
32,24,346.55,0.96,0,68,card,insufficient_funds,26,3090.89,1,0
65,47,309.23,0.59,1,65,card,bank_error,29,4585.4,0,0
63,38,1498.19,0.88,3,35,card,card_declined,29,6949.78,1,1
57,10,1073.01,0.71,1,48,card,insufficient_funds,5,6210.01,0,0
35,27,1046.78,0.45,2,47,card,network_error,45,4669.82,0,0
59,12,486.26,0.75,0,11,card,network_error,19,2535.15,1,1
37,7,1080.97,0.95,4,62,card,insufficient_funds,3,5311.37,1,0
23,17,828.55,0.49,0,4,card,card_declined,40,23975.02,3,1
29,1,720.51,0.59,2,86,upi,network_error,14,2751.31,1,0
19,58,1040.51,0.66,2,33,upi,network_error,47,12431.07,0,0
24,50,1349.52,0.57,2,34,card,card_declined,40,5935.84,1,0
33,26,3732.87,0.97,0,74,upi,card_declined,40,6954.59,1,0
20,15,1628.97,0.63,3,35,card,insufficient_funds,45,3973.67,2,0
62,51,1998.78,0.79,3,53,wallet,insufficient_funds,23,1187.37,1,1
20,33,2376.2,0.53,1,28,card,card_declined,27,9055.01,1,0
44,37,642.38,0.53,1,23,netbanking,insufficient_funds,37,1473.11,1,1
67,47,876.01,0.51,3,49,card,bank_error,13,5605.11,0,0
60,31,582.05,0.66,0,76,wallet,network_error,44,2195.82,1,1
57,35,680.43,0.72,3,2,netbanking,network_error,22,13134.08,1,0
55,1,812.59,0.41,3,77,card,card_declined,11,2969.95,0,0
50,8,669.17,0.9,1,26,card,card_declined,15,5816.93,0,0
45,12,1282.89,0.71,4,17,card,insufficient_funds,29,1230.44,0,0
18,59,1484.73,0.49,3,43,card,insufficient_funds,15,1679.55,1,1
25,54,439.53,0.44,0,59,card,network_error,25,2411.96,0,1
54,57,881.43,0.44,1,86,upi,expired_card,21,5845.42,2,1
49,19,888.21,0.55,0,66,card,bank_error,43,9240.24,0,1
65,25,391.24,0.7,2,74,upi,expired_card,9,3730.81,2,0
60,57,641.43,0.92,1,39,upi,bank_error,25,1588.29,3,0
54,32,2021.14,0.94,4,26,card,bank_error,28,3164.9,0,0
21,12,2003.01,0.9,2,22,card,bank_error,23,5675.6,1,1
47,13,350.57,0.6,5,75,upi,network_error,29,9800.6,0,0
23,28,1526.13,0.58,2,22,card,insufficient_funds,30,8360.14,0,0
63,1,391.82,0.99,1,88,card,insufficient_funds,25,4440.68,0,0
36,51,827.96,0.81,0,58,upi,bank_error,20,11373.24,1,1
49,6,1024.41,0.58,0,29,card,card_declined,35,13104.36,0,1
26,8,1857.42,0.6,0,10,card,insufficient_funds,1,8315.53,0,0
29,4,970.48,0.66,0,25,netbanking,card_declined,46,1077.22,0,0
28,5,539.31,0.77,0,21,wallet,expired_card,39,726.49,1,1
63,25,478.78,0.94,1,61,netbanking,bank_error,24,2761.64,0,0
33,22,1233.48,0.52,2,39,card,card_declined,29,1715.2,0,0
18,28,703.69,0.45,2,77,card,insufficient_funds,25,21056.65,1,0
62,39,823.79,0.64,1,66,upi,expired_card,19,5693.29,5,0
38,23,2163.16,0.55,2,6,wallet,card_declined,19,2783.91,1,1
47,4,1486.87,0.75,0,1,card,insufficient_funds,33,7591.86,0,0
30,52,3330.33,0.82,1,28,netbanking,bank_error,40,1339.68,0,0
51,4,537.68,0.59,1,86,upi,network_error,23,12290.6,0,0
21,47,667.52,0.81,2,11,wallet,insufficient_funds,39,13883.43,0,1
45,59,1247.11,0.61,0,39,card,insufficient_funds,35,3188.05,0,0
55,21,3917.3,0.78,3,69,card,insufficient_funds,28,4374.46,2,0
48,37,628.66,0.78,0,18,upi,bank_error,37,3100.69,1,0
44,56,1126.52,0.57,0,20,upi,card_declined,41,6305.88,1,0
22,41,2765.18,0.78,2,76,upi,card_declined,3,3396.16,0,0
42,2,1135.63,0.63,0,85,wallet,insufficient_funds,44,5490.35,0,0
20,59,2239.49,0.6,1,58,netbanking,card_declined,12,5913.2,1,0
50,7,4316.68,0.57,1,50,card,insufficient_funds,8,1735.42,0,0
21,49,1348.28,0.61,3,41,upi,network_error,34,18803.62,0,0
42,16,1511.62,0.87,2,18,card,card_declined,6,10496.77,0,0
37,17,1844.68,0.55,0,34,wallet,bank_error,47,4400.56,1,0
51,20,582.27,0.81,1,66,card,expired_card,2,2260.92,2,0
43,58,388.74,0.94,3,78,upi,insufficient_funds,21,5934.62,0,0
22,23,1225.27,0.61,1,65,card,insufficient_funds,11,13009.04,1,0
52,34,707.98,0.42,0,27,upi,card_declined,33,1130.09,2,0
45,11,2291.43,0.41,3,30,card,network_error,13,2748.89,0,0
46,34,1366.5,0.48,3,86,upi,expired_card,43,5119.8,1,0
26,33,2264.41,0.47,2,76,netbanking,bank_error,15,16244.49,0,0
69,26,472.88,0.85,2,1,card,insufficient_funds,12,5050.7,1,0
55,2,2210.72,0.58,0,41,upi,insufficient_funds,23,4067.48,0,0
67,23,219.39,0.79,1,62,wallet,network_error,18,6298.87,2,0
23,41,500.83,0.43,0,1,card,expired_card,44,11287.95,0,1
36,22,1707.13,0.58,3,5,card,expired_card,25,5536.08,0,0
61,58,771.4,0.54,1,48,upi,insufficient_funds,29,2792.6,1,0
28,34,825.17,0.57,2,5,netbanking,bank_error,20,9621.8,1,0
19,15,1182.12,0.51,1,71,upi,insufficient_funds,19,9935.16,3,0
64,10,2967.18,0.77,1,84,upi,insufficient_funds,38,17862.34,0,0
61,15,285.65,0.8,0,26,card,insufficient_funds,36,6076.0,1,1
61,42,2628.31,0.49,0,49,wallet,insufficient_funds,14,3737.89,0,0
26,29,2738.65,0.84,1,70,card,bank_error,34,3169.72,0,1
38,57,770.42,0.55,0,61,card,insufficient_funds,42,2885.33,1,0
41,23,674.24,0.57,0,3,card,card_declined,43,1880.75,3,0
51,59,1009.71,0.9,1,39,card,insufficient_funds,30,5913.93,2,1
39,17,664.26,0.94,1,78,upi,insufficient_funds,10,29997.63,0,0
20,9,1395.97,0.89,3,49,upi,bank_error,44,35601.85,0,0
29,50,1529.21,0.49,4,14,netbanking,bank_error,8,1767.42,2,0
45,36,369.54,1.0,0,20,card,card_declined,2,6992.63,2,1
47,9,575.79,0.8,0,58,upi,card_declined,43,4558.52,0,0
43,16,478.38,0.71,4,44,card,bank_error,22,3887.54,1,0
65,36,1274.46,0.97,1,9,card,expired_card,24,6164.3,2,0
38,48,2019.56,0.89,1,63,netbanking,network_error,6,19501.15,1,0
45,51,517.29,0.82,1,62,card,card_declined,5,8938.01,1,0
43,33,2009.6,0.9,3,6,card,network_error,30,9241.99,1,0
50,55,574.01,0.63,0,66,card,card_declined,30,1795.58,0,0
38,31,1813.54,0.81,2,43,card,card_declined,32,7031.0,0,0
52,6,899.09,0.51,1,64,card,card_declined,3,4761.69,1,1
69,10,804.97,0.99,2,44,card,bank_error,12,13938.57,1,1
51,16,2439.91,0.75,0,5,upi,insufficient_funds,26,2024.43,1,1
58,4,3832.93,0.89,0,13,card,insufficient_funds,12,1642.94,3,0
68,54,281.68,0.64,1,15,netbanking,insufficient_funds,34,8603.73,1,1
64,22,1668.37,0.86,1,34,card,network_error,42,10840.25,1,1
35,13,1241.57,0.63,1,56,upi,network_error,9,6900.34,1,0
28,16,1738.05,0.75,0,73,card,insufficient_funds,8,22091.27,1,0
40,52,400.63,0.87,1,30,card,network_error,22,2546.33,1,1
65,29,513.36,0.47,5,56,card,network_error,47,3821.41,0,0
39,6,685.4,0.61,3,86,card,card_declined,9,1127.93,0,0
34,26,1273.02,0.73,0,25,card,insufficient_funds,38,3252.88,0,0
22,11,656.64,0.6,4,68,upi,bank_error,24,2987.76,0,0
61,24,874.7,0.59,5,47,card,network_error,12,6325.8,0,0
28,29,1961.31,0.57,1,28,upi,expired_card,12,7889.88,0,0
47,3,4601.65,0.54,0,37,card,bank_error,46,3847.48,1,1
32,52,1865.79,0.91,3,74,card,insufficient_funds,18,12167.04,0,0
44,10,2001.35,0.95,1,73,card,card_declined,17,5116.62,1,0
52,1,965.56,0.82,2,36,upi,card_declined,40,49122.15,1,1
50,52,587.91,0.42,3,1,wallet,insufficient_funds,37,4185.93,1,1
37,43,872.91,0.87,4,75,card,bank_error,31,10082.08,1,0
33,26,1053.07,0.72,1,25,card,insufficient_funds,9,1295.11,1,0
51,58,486.82,0.85,2,75,card,insufficient_funds,39,19002.26,1,0
19,12,1940.27,0.66,2,41,upi,insufficient_funds,32,3916.89,0,0
52,14,3176.75,0.42,3,55,card,bank_error,37,20159.75,1,1
57,25,1194.75,0.81,0,69,upi,network_error,19,3685.85,0,1
45,8,2342.21,0.67,3,87,wallet,expired_card,42,3638.15,0,0
64,43,2555.24,0.92,4,57,upi,insufficient_funds,36,7271.42,0,0
56,4,531.52,0.84,0,83,upi,insufficient_funds,3,5693.0,2,1
23,28,324.91,0.62,1,3,upi,bank_error,24,1367.1,0,1
26,7,773.32,0.83,4,8,upi,network_error,36,938.04,0,1
37,10,1172.76,0.7,2,48,card,insufficient_funds,26,9578.11,2,0
18,51,474.71,0.52,0,59,upi,network_error,20,6966.97,0,1
25,57,2967.74,0.65,1,36,upi,card_declined,14,8121.32,1,0
40,58,4290.51,0.53,2,55,upi,insufficient_funds,32,10003.31,0,0
20,36,1243.19,0.4,2,79,card,network_error,8,2740.07,0,0
21,2,551.56,0.55,2,77,card,insufficient_funds,37,3201.57,1,0
42,26,1541.34,0.53,4,41,netbanking,bank_error,37,1658.54,0,0
64,53,550.34,0.4,1,74,card,network_error,11,3867.19,1,0
55,50,2441.01,0.87,1,59,netbanking,bank_error,6,9966.25,1,0
32,14,932.62,0.45,4,34,wallet,card_declined,37,3551.11,1,0
38,58,1824.53,0.67,1,30,netbanking,card_declined,32,4944.52,1,0
52,16,2061.79,0.65,0,89,card,expired_card,33,7299.39,2,0
63,54,1598.1,0.51,3,62,netbanking,card_declined,46,2298.87,0,0
69,43,3826.46,0.98,2,70,upi,network_error,17,3213.05,0,0
31,42,1242.39,0.76,1,55,card,network_error,34,9535.79,0,0
53,17,771.06,0.89,0,81,card,card_declined,35,1504.63,0,0
29,46,251.76,0.7,1,22,card,bank_error,38,4861.71,0,1
34,22,221.68,0.83,0,22,card,card_declined,22,8469.82,2,1
56,4,1730.95,0.98,3,82,card,bank_error,44,6663.81,2,0
26,19,964.21,0.61,3,13,wallet,bank_error,38,7289.14,1,1
52,2,619.69,0.7,4,82,netbanking,network_error,2,3656.87,1,0
30,39,502.84,0.71,0,23,upi,bank_error,32,2592.4,1,1
32,9,1842.11,1.0,1,18,card,card_declined,23,7671.43,3,1
35,19,550.88,0.54,2,74,card,bank_error,13,6694.02,3,0
68,16,3433.94,0.81,1,66,upi,insufficient_funds,28,7835.76,0,1
50,54,5685.59,0.48,4,14,upi,insufficient_funds,16,1717.08,1,1
23,25,584.04,0.96,2,32,wallet,network_error,13,2020.04,1,1
44,48,1752.64,0.75,2,30,netbanking,card_declined,24,3143.08,0,0
40,18,1492.21,0.92,2,19,netbanking,network_error,4,3753.85,1,1
44,23,549.3,0.94,0,69,card,insufficient_funds,38,6477.88,0,1
51,53,551.48,0.73,3,48,card,bank_error,32,2379.7,0,1
63,21,1006.45,0.81,2,74,card,card_declined,46,4580.23,2,0
55,11,494.29,0.82,2,5,card,insufficient_funds,45,9201.22,0,1
31,39,2354.02,0.68,1,78,upi,card_declined,26,4530.9,0,0
53,41,923.09,0.66,0,39,wallet,expired_card,43,10717.14,1,1
25,4,500.48,0.51,3,43,card,bank_error,15,4428.83,0,0
52,25,1030.41,0.63,2,19,netbanking,card_declined,16,8200.77,2,1
36,32,1520.05,0.99,2,75,card,insufficient_funds,1,29043.68,0,0
47,30,660.43,0.56,1,39,upi,bank_error,28,14377.87,0,0
31,45,271.74,0.86,3,86,upi,bank_error,17,1177.69,0,0
37,59,1198.06,0.44,1,59,card,insufficient_funds,16,10078.0,0,0
66,26,467.83,0.68,0,52,upi,insufficient_funds,31,11099.47,0,0
42,57,629.15,0.44,1,50,card,network_error,37,11330.44,2,0
57,36,1522.9,0.69,5,75,card,card_declined,16,1860.62,0,0
41,51,726.67,0.42,1,86,upi,network_error,46,7124.76,1,0
31,34,993.49,0.77,2,10,card,card_declined,4,2874.55,0,0
43,9,3032.48,0.75,1,83,netbanking,insufficient_funds,43,3988.18,0,0
55,12,857.12,0.88,1,15,netbanking,network_error,24,7668.62,0,1
40,2,4513.92,0.75,4,60,card,insufficient_funds,27,2059.89,2,0
39,38,1840.77,0.96,0,35,card,card_declined,35,6750.92,0,0
65,5,571.37,0.87,3,35,card,network_error,34,2368.68,1,0
36,5,785.68,0.48,2,1,card,insufficient_funds,21,761.42,0,0
63,52,453.12,0.56,3,47,upi,card_declined,45,12158.49,2,0
68,22,1713.37,0.42,1,63,card,expired_card,13,3454.11,2,0
20,5,2771.55,0.63,1,18,netbanking,insufficient_funds,9,4452.38,1,0
59,59,853.31,0.71,0,26,card,network_error,7,41647.36,0,1
36,4,297.98,0.97,1,60,card,card_declined,44,8609.89,0,0
26,9,1411.39,0.71,4,18,upi,insufficient_funds,29,10514.29,1,0
45,29,599.81,0.87,0,63,upi,expired_card,23,5089.54,1,0
37,22,666.83,0.56,0,41,wallet,card_declined,18,2267.06,0,1
62,27,1363.85,0.49,4,82,upi,insufficient_funds,24,7602.44,2,0
24,10,2597.72,0.89,2,43,card,insufficient_funds,5,12601.92,2,0
31,16,1840.24,0.55,0,82,wallet,card_declined,24,7829.44,0,0
26,42,1481.26,0.92,1,38,card,network_error,21,18983.23,1,1
36,42,982.33,0.5,0,27,netbanking,insufficient_funds,44,5020.42,0,0
64,51,435.15,0.91,0,49,card,bank_error,29,9220.51,1,1
69,10,1399.07,0.86,1,56,card,card_declined,33,11032.44,2,1
31,6,1812.41,0.77,1,49,upi,insufficient_funds,10,5630.29,1,0
55,49,723.02,0.91,1,41,card,insufficient_funds,41,2027.06,0,0
53,5,848.56,0.6,0,84,card,insufficient_funds,21,25044.69,0,0
57,58,2385.2,0.5,1,60,upi,bank_error,18,4470.86,2,0
34,6,833.19,0.49,4,87,card,network_error,30,5226.48,1,0
47,59,907.42,0.56,3,56,card,expired_card,36,3959.04,1,0
26,56,1030.83,0.67,1,76,card,card_declined,33,3733.15,0,0
50,59,1747.41,0.93,1,62,netbanking,card_declined,13,8532.08,1,1
69,47,1346.59,0.45,1,62,card,bank_error,5,1807.95,2,0
42,25,1278.55,0.95,3,42,upi,insufficient_funds,6,1393.57,0,0
31,59,3173.24,0.96,1,28,card,card_declined,20,5752.53,1,0
28,51,823.31,0.84,4,37,card,insufficient_funds,37,7072.68,2,0
52,50,563.76,0.94,2,20,card,insufficient_funds,12,2527.51,0,1
58,4,2242.77,0.86,1,35,upi,network_error,12,2414.97,0,0
31,40,1289.04,0.72,2,54,card,card_declined,13,3116.84,0,0
47,59,725.98,0.76,0,71,card,bank_error,5,18705.69,1,0
58,48,852.43,0.78,3,6,upi,insufficient_funds,20,7754.82,0,1
21,32,449.55,0.48,2,19,netbanking,card_declined,30,1928.75,1,0
21,56,1289.71,0.52,4,8,netbanking,bank_error,17,3789.94,1,1
45,51,394.26,0.71,1,48,card,network_error,21,2553.29,2,1
25,52,1767.67,0.47,2,66,card,expired_card,4,740.42,1,0
19,35,760.76,0.98,1,16,upi,card_declined,22,5266.44,1,0
58,10,413.3,0.7,3,24,netbanking,card_declined,7,11282.81,0,0
63,34,2363.91,0.63,5,25,card,bank_error,36,5429.29,1,0
39,36,5321.32,0.49,2,13,upi,expired_card,27,1648.77,2,0
58,6,1489.39,0.65,0,73,netbanking,card_declined,14,13745.33,1,0
33,43,898.03,0.58,2,30,card,insufficient_funds,15,2157.58,0,0
46,46,560.01,0.45,2,9,card,insufficient_funds,19,5138.79,0,0
66,16,1317.23,0.98,0,63,upi,bank_error,18,1623.77,1,0
65,59,1712.51,0.56,1,40,wallet,network_error,33,27990.21,2,0
47,53,1101.94,0.81,1,7,upi,network_error,9,5788.27,0,1
29,19,2052.49,0.45,1,80,card,expired_card,16,2192.79,1,0
52,34,3164.41,0.95,1,32,card,bank_error,20,5866.42,2,1
28,25,454.05,0.75,1,61,upi,expired_card,23,3685.1,2,0
63,31,1347.27,0.79,2,60,card,card_declined,38,22335.8,2,0
67,49,289.36,0.87,2,51,card,insufficient_funds,46,3582.43,1,1
38,41,620.28,0.76,1,40,upi,expired_card,36,1827.57,0,0
38,17,1815.12,0.44,2,79,card,insufficient_funds,6,2410.28,1,0
22,47,1061.29,0.66,2,11,card,expired_card,12,948.09,0,0
65,30,355.09,0.56,5,73,upi,card_declined,47,4962.73,2,0
37,39,2286.87,0.69,0,16,upi,insufficient_funds,22,3450.35,2,1
54,54,749.75,0.64,0,25,upi,insufficient_funds,37,5656.53,0,1
20,55,1989.47,0.9,3,32,netbanking,insufficient_funds,16,6528.95,1,0
61,31,1570.07,0.55,1,74,card,card_declined,24,2190.12,1,1
50,19,612.05,0.52,2,10,card,insufficient_funds,24,2875.92,0,1
26,35,2014.72,0.97,0,57,upi,insufficient_funds,10,25792.31,1,1
26,29,1370.64,0.97,1,84,card,card_declined,30,1938.39,1,0
21,59,1239.59,1.0,0,41,netbanking,bank_error,13,18107.93,0,0
52,1,790.21,0.74,1,65,upi,insufficient_funds,10,9044.56,0,0
34,4,506.79,0.47,5,32,card,insufficient_funds,26,58882.07,1,0
51,28,818.05,0.93,0,48,upi,network_error,5,10778.09,1,1
41,18,805.68,0.49,1,54,card,bank_error,19,5223.56,1,0
49,26,1990.48,0.49,0,75,card,insufficient_funds,17,7583.65,1,0
18,40,345.75,0.52,1,41,card,card_declined,1,7522.02,0,0
25,19,3070.21,0.79,2,83,upi,expired_card,32,10268.44,0,0
62,55,3190.45,0.46,0,61,card,card_declined,39,3345.57,2,1
40,55,700.15,0.87,0,7,upi,bank_error,38,1691.94,0,1
64,57,2925.15,0.43,1,53,upi,card_declined,1,1348.83,3,0
57,6,542.45,0.47,1,53,card,network_error,11,1939.88,0,0
29,1,2413.87,0.66,2,26,netbanking,network_error,17,13336.5,0,1
29,8,617.85,0.63,3,61,card,insufficient_funds,22,4024.75,3,0
63,33,2260.65,0.99,4,35,card,card_declined,14,15378.42,0,0
64,51,400.95,0.98,1,3,upi,insufficient_funds,44,1789.69,0,1
32,43,2340.21,0.51,1,69,wallet,network_error,23,7887.34,2,0
58,21,2702.7,0.97,0,64,card,bank_error,18,2455.99,1,1
36,24,392.01,0.82,1,11,upi,insufficient_funds,19,12995.95,1,1
43,25,3752.14,0.65,3,6,upi,insufficient_funds,27,3609.61,1,0
69,47,2237.13,0.84,0,2,upi,card_declined,18,10847.34,1,1
46,55,270.81,0.94,2,77,card,card_declined,17,2694.23,0,0
39,57,778.23,0.51,2,65,upi,insufficient_funds,26,2708.53,1,1
57,43,2267.25,0.52,3,40,card,bank_error,30,24344.59,1,0
38,19,1819.25,0.65,2,15,card,bank_error,34,19322.9,0,1
68,29,1185.89,0.5,0,30,upi,bank_error,16,1635.43,1,1
55,53,2099.75,0.62,5,6,upi,insufficient_funds,17,2274.11,1,1
37,10,594.77,0.79,1,21,netbanking,insufficient_funds,10,2427.71,1,0
46,56,1133.6,0.89,1,57,card,network_error,30,1174.21,0,1
68,12,606.74,0.58,2,55,card,insufficient_funds,30,888.29,0,0
21,33,1205.16,0.57,1,84,card,insufficient_funds,26,20996.39,0,0
24,56,2209.94,0.87,1,63,card,network_error,7,12510.83,1,0
45,7,1895.22,0.63,2,9,upi,expired_card,5,1244.35,1,0
45,17,1281.8,0.89,0,52,upi,card_declined,21,1002.42,2,0
21,58,2192.47,1.0,2,37,card,card_declined,8,16123.79,2,1
39,10,2348.95,0.99,2,70,upi,card_declined,29,10037.25,1,0
29,31,3858.86,0.8,3,74,card,network_error,32,8223.33,0,0
62,6,2483.01,0.63,1,9,upi,insufficient_funds,24,11175.16,1,0
20,17,1736.27,0.44,1,16,netbanking,card_declined,44,6063.29,3,0
39,50,2108.78,0.84,0,32,card,network_error,3,3843.2,0,1
61,37,1300.48,0.99,2,84,card,insufficient_funds,33,737.74,3,0
19,18,901.48,0.44,3,84,upi,card_declined,4,3606.19,1,0
41,26,2012.89,0.4,2,3,upi,card_declined,11,4115.69,2,1
51,49,1863.08,0.9,0,14,card,bank_error,28,5457.35,2,1
44,54,1345.3,0.46,1,21,card,card_declined,37,5797.49,1,0
58,16,956.98,0.45,1,72,wallet,card_declined,8,22068.29,1,0
18,8,920.54,0.95,3,88,upi,insufficient_funds,2,21267.96,1,0
25,24,823.78,0.45,1,47,upi,bank_error,6,2422.39,0,0
40,13,2641.22,0.47,1,21,upi,bank_error,32,2565.65,4,0
55,29,2502.13,0.74,2,42,upi,card_declined,36,4174.81,2,1
23,32,2428.07,0.85,2,17,wallet,bank_error,19,36978.69,2,1
39,24,525.16,0.64,2,40,upi,network_error,43,3414.24,0,1
42,16,852.78,0.65,1,58,card,expired_card,41,1805.77,0,0
35,11,915.83,0.78,2,4,wallet,insufficient_funds,37,8516.72,0,0
34,32,717.45,0.7,0,42,upi,insufficient_funds,18,3944.85,0,1
29,6,4039.26,0.41,1,87,card,card_declined,35,5665.0,1,0
23,59,1451.46,0.47,0,57,upi,insufficient_funds,25,3231.37,0,0
43,35,1380.26,0.75,0,36,card,bank_error,40,4629.46,0,0
44,33,791.44,0.88,0,52,upi,bank_error,38,9282.03,1,1
25,18,2005.13,0.86,1,22,netbanking,expired_card,40,4798.71,1,0
36,37,5085.13,0.84,1,89,upi,insufficient_funds,17,5476.45,1,0
59,13,1160.57,0.86,1,68,card,card_declined,2,4554.9,1,0
18,10,931.26,0.43,1,10,netbanking,insufficient_funds,22,2232.96,1,1
46,37,1029.25,0.94,1,24,wallet,bank_error,37,4956.97,2,1
62,26,875.3,0.93,2,35,card,network_error,46,3732.13,1,1
66,46,1094.44,0.72,0,78,upi,insufficient_funds,33,16174.48,4,1
52,17,714.78,0.55,1,20,wallet,network_error,20,33156.23,0,0
57,1,589.58,0.76,1,52,card,insufficient_funds,40,3470.8,1,0
31,25,1080.45,0.73,3,14,card,insufficient_funds,12,3789.14,1,0
52,34,1160.69,0.53,3,39,card,insufficient_funds,34,12738.41,2,0
65,39,905.8,0.76,0,73,card,bank_error,35,2901.26,3,1
62,10,3040.83,0.88,2,34,card,card_declined,39,7270.83,1,0
37,20,1466.81,0.88,1,84,upi,card_declined,2,5048.19,2,0
66,7,1844.05,0.44,2,67,card,insufficient_funds,28,3076.82,0,0
30,56,1878.66,0.52,3,76,upi,card_declined,19,13987.79,1,0
55,16,1179.98,0.8,2,12,card,card_declined,11,3288.96,2,1
66,37,1278.01,0.92,1,42,card,card_declined,43,3222.26,2,1
63,29,600.57,0.71,3,86,upi,card_declined,14,802.19,1,0
66,12,1735.74,0.82,1,31,upi,insufficient_funds,38,6637.34,2,0
25,17,868.42,0.41,2,71,netbanking,bank_error,24,3254.12,0,0
60,48,700.77,0.77,0,9,card,insufficient_funds,2,2345.53,0,1
37,20,2728.14,0.98,1,51,card,bank_error,42,1180.85,1,1
50,26,431.57,0.8,2,37,card,card_declined,7,6533.99,1,0
43,48,3653.18,0.95,1,22,upi,bank_error,38,6929.66,0,1
56,19,3456.29,0.74,1,9,card,network_error,9,1731.41,0,1
38,58,938.64,0.91,1,80,wallet,bank_error,33,5759.48,2,0
66,47,3826.25,0.47,2,64,netbanking,insufficient_funds,27,994.05,0,0
59,12,588.84,0.47,1,63,card,insufficient_funds,4,21177.33,1,0
60,21,2199.23,0.47,2,85,netbanking,card_declined,33,3966.14,2,0
58,42,1109.61,0.69,0,73,card,insufficient_funds,8,7132.54,2,1
26,58,309.68,0.6,3,12,upi,bank_error,40,6277.14,0,0
41,54,705.07,0.83,1,27,upi,card_declined,9,14876.83,1,1
54,34,970.54,0.94,3,47,card,bank_error,12,4561.09,1,0
66,7,1891.84,0.77,1,73,card,network_error,44,2055.23,2,1
58,45,785.28,0.53,2,28,card,bank_error,11,6772.59,0,1
34,35,905.78,0.96,1,35,upi,card_declined,16,14449.9,0,0
41,15,1601.49,0.72,2,38,card,insufficient_funds,2,12734.06,1,0
38,1,1543.28,0.83,0,41,upi,insufficient_funds,47,2374.76,0,0
68,26,1028.43,0.93,0,67,card,network_error,38,2932.68,0,1
56,35,887.14,0.99,3,56,upi,bank_error,43,5676.27,1,1
58,25,2116.49,0.7,0,9,card,insufficient_funds,37,9102.31,0,0
56,42,883.66,0.88,2,3,netbanking,expired_card,46,1196.07,2,1
30,59,476.96,0.74,2,51,wallet,card_declined,3,5777.04,1,0
28,59,832.07,0.69,0,77,wallet,bank_error,35,7434.07,1,1
63,15,1608.04,0.72,3,49,card,bank_error,47,3158.23,0,0
36,22,987.82,0.69,1,80,upi,insufficient_funds,9,6178.69,0,0
28,59,771.29,0.65,1,35,upi,expired_card,36,16918.62,2,0
30,6,455.61,0.83,0,16,netbanking,expired_card,7,7481.57,0,0
63,52,991.53,0.55,1,40,card,expired_card,26,2980.37,0,0
62,15,1286.32,0.77,0,69,upi,insufficient_funds,12,8130.65,0,0
18,24,541.76,0.83,1,8,upi,bank_error,16,2325.42,1,1
57,21,960.54,0.94,1,54,card,insufficient_funds,31,12589.75,2,0
61,7,509.93,0.6,0,33,upi,network_error,24,7404.53,2,0
36,57,1002.1,0.92,2,51,card,insufficient_funds,1,49330.98,0,0
29,29,3669.63,0.97,2,2,card,network_error,26,9923.42,0,1
25,32,1236.7,0.79,3,38,card,bank_error,27,12476.1,0,0
25,32,362.45,0.86,2,56,card,insufficient_funds,5,4298.56,1,0
62,53,1382.7,0.64,1,20,card,bank_error,38,3654.18,0,0
29,59,2747.01,0.97,1,52,upi,card_declined,47,3671.49,0,1
65,5,416.2,0.8,2,9,wallet,card_declined,27,3274.13,1,1
50,4,527.5,0.59,4,65,upi,insufficient_funds,21,26926.13,0,0
62,22,1314.02,0.64,3,66,card,card_declined,15,2186.54,1,0
43,18,1031.76,0.77,0,19,card,insufficient_funds,12,5657.42,1,0
56,35,2560.14,0.54,3,16,upi,bank_error,11,2444.47,1,0
45,17,966.38,0.85,1,69,netbanking,insufficient_funds,25,5975.28,2,0
22,50,1954.35,0.53,0,20,card,network_error,4,4250.73,1,1
25,50,3196.05,0.76,1,52,upi,network_error,45,3590.8,0,0
42,56,597.46,0.82,1,14,upi,card_declined,22,8381.2,0,0
44,24,1850.8,0.92,1,77,wallet,bank_error,43,12132.12,0,1
63,2,828.32,0.84,0,35,upi,insufficient_funds,27,11793.25,0,0
40,13,232.6,0.88,0,57,upi,bank_error,25,5442.81,1,0
47,54,1530.67,0.95,1,34,card,insufficient_funds,24,2445.72,0,0
62,15,1668.38,0.76,1,59,card,insufficient_funds,9,2493.57,2,0
64,5,370.75,0.91,0,80,upi,bank_error,42,2634.09,2,1
40,3,798.11,0.54,0,28,upi,network_error,22,5750.28,0,0
66,37,709.03,0.89,5,43,netbanking,network_error,27,6619.28,1,1
64,37,1933.31,0.53,2,35,upi,insufficient_funds,24,6492.08,1,0
37,37,370.76,0.96,4,15,card,insufficient_funds,1,5456.19,0,0
35,3,1181.73,0.6,0,3,upi,expired_card,1,5506.52,0,0
35,35,213.2,0.5,0,27,upi,card_declined,14,2800.86,1,0
19,52,1430.32,0.49,1,4,upi,card_declined,42,1058.04,0,0
21,23,1197.02,0.51,2,85,wallet,card_declined,29,4459.08,1,0
47,28,766.88,0.67,1,22,card,bank_error,20,14098.73,1,1
50,30,2980.39,0.71,2,69,upi,bank_error,33,6661.21,2,0
53,18,174.83,0.95,1,23,card,insufficient_funds,45,1795.71,0,1
35,58,1082.78,0.63,1,87,card,expired_card,39,5940.33,1,0
54,52,2535.94,0.53,0,13,card,insufficient_funds,20,1665.59,2,1
36,36,1200.11,0.85,2,60,upi,bank_error,17,6168.01,1,0
64,33,2853.34,0.48,1,27,wallet,insufficient_funds,30,5574.8,1,0
45,26,799.99,0.94,0,50,card,expired_card,13,1920.9,2,1
57,48,975.54,0.65,2,79,netbanking,network_error,22,3984.38,0,1
37,40,2600.03,0.77,2,12,card,insufficient_funds,38,2520.8,1,1
66,17,2051.22,0.51,2,10,upi,network_error,38,10971.24,3,1
50,40,5880.97,0.49,2,49,upi,insufficient_funds,9,20903.26,0,0
29,7,1178.47,0.88,0,35,upi,insufficient_funds,28,1338.48,0,0
68,57,1261.65,0.66,1,38,card,card_declined,23,4527.12,2,1
32,8,793.95,0.99,4,54,wallet,bank_error,23,2215.02,2,0
58,53,950.67,0.71,2,20,upi,bank_error,32,2785.23,1,1
56,56,2332.38,0.91,2,12,wallet,bank_error,17,10957.23,1,1
19,31,1096.43,0.99,1,3,netbanking,bank_error,40,5179.74,0,1
46,59,623.22,0.57,1,2,netbanking,card_declined,38,6779.75,2,1
58,58,842.83,0.88,0,22,card,card_declined,43,7099.74,0,1
27,12,1029.44,0.41,1,35,wallet,bank_error,28,4056.08,0,0
19,48,652.13,0.81,3,9,netbanking,insufficient_funds,21,1158.87,1,1
68,31,795.86,0.85,3,87,card,bank_error,45,7871.42,4,0
28,44,544.65,0.69,3,17,netbanking,network_error,41,733.78,0,1
30,19,815.81,0.5,1,14,upi,card_declined,30,1229.47,0,0
27,10,2480.82,0.77,2,32,upi,insufficient_funds,45,840.73,0,0
31,39,1134.42,0.94,1,59,card,insufficient_funds,19,1707.56,0,0
35,12,6142.11,0.96,2,58,card,network_error,46,3001.77,1,1
68,20,642.45,0.85,1,36,upi,card_declined,23,5922.25,1,1
26,37,1540.48,0.56,0,33,card,card_declined,6,5316.33,1,0
56,48,1281.19,0.92,1,74,card,insufficient_funds,19,3846.39,1,1
45,41,1729.02,0.93,2,64,card,card_declined,4,2633.58,0,0
20,7,717.48,0.62,3,13,netbanking,network_error,23,1313.81,2,0
37,52,847.32,0.51,4,34,upi,card_declined,5,3789.71,1,1
23,54,1458.38,0.92,3,5,upi,insufficient_funds,33,6026.14,0,1
44,58,770.26,0.93,0,70,netbanking,card_declined,12,8870.17,1,1
19,14,316.9,0.46,2,33,card,insufficient_funds,36,10432.05,1,0
46,11,2744.4,0.98,2,5,card,insufficient_funds,29,17996.59,1,1
55,7,2041.96,0.72,0,88,card,network_error,14,5103.04,0,0
20,29,818.93,1.0,1,72,wallet,network_error,7,15818.99,1,1
33,10,1277.71,0.67,1,18,upi,card_declined,43,3167.01,0,0
47,29,2218.93,0.72,1,89,upi,network_error,42,1020.04,1,0
57,9,2810.04,0.56,1,18,upi,network_error,20,10083.11,0,0
19,36,1179.66,0.94,2,26,card,insufficient_funds,47,5405.03,2,1
34,48,727.96,0.67,2,84,upi,insufficient_funds,37,4464.9,1,0
58,10,3056.38,0.89,0,20,card,insufficient_funds,14,5180.18,0,0
29,19,1171.81,0.45,2,88,card,bank_error,34,1950.06,1,1
52,56,989.26,0.87,0,84,card,insufficient_funds,41,1905.57,0,1
60,31,1318.5,0.69,2,4,card,bank_error,41,4395.05,0,1
18,17,2460.96,0.4,1,22,card,expired_card,23,7824.79,0,0
62,9,1067.25,0.54,1,89,card,expired_card,39,4097.49,0,0
32,45,2186.81,0.52,3,85,netbanking,card_declined,40,771.07,0,0
43,33,947.68,0.85,0,82,card,network_error,5,1216.53,0,0
54,34,1679.65,0.69,1,73,upi,insufficient_funds,33,2948.26,1,0
38,45,564.72,0.5,0,9,card,insufficient_funds,44,5914.61,1,1
66,24,2318.62,0.55,0,59,card,card_declined,10,4439.22,1,0
48,9,683.19,0.7,5,33,upi,bank_error,10,3463.47,1,0
42,7,1512.47,0.41,2,7,upi,network_error,11,1764.79,1,1
40,16,387.38,0.65,2,33,card,expired_card,19,6637.94,0,0
41,19,1115.85,0.81,1,66,upi,bank_error,35,20791.18,1,0
55,39,1250.98,0.71,0,72,card,network_error,15,27056.14,2,0
45,6,680.67,0.76,0,59,card,card_declined,27,3200.38,0,0
38,50,1015.52,0.6,4,35,upi,bank_error,5,1936.42,1,1
60,51,1317.47,0.51,1,32,card,insufficient_funds,45,3016.99,1,1
35,11,1626.67,0.89,4,1,card,insufficient_funds,13,1444.6,2,0
53,12,1176.27,0.94,2,52,upi,insufficient_funds,45,3425.66,0,0
52,58,2786.97,0.71,2,35,upi,network_error,23,4796.79,0,0
62,42,2467.06,0.58,2,40,upi,bank_error,16,2765.3,1,1
26,13,1073.38,0.71,3,44,card,network_error,36,1663.24,2,0
55,12,432.15,0.93,2,39,netbanking,card_declined,10,4555.25,1,1
47,21,779.81,0.81,1,20,card,network_error,32,13228.76,1,1
61,10,230.35,0.92,2,87,upi,network_error,45,6226.57,2,0
51,20,964.69,0.6,3,3,upi,expired_card,3,3810.91,1,0
49,50,2925.52,0.83,2,53,card,card_declined,42,10033.76,1,1
20,36,1907.8,0.79,3,12,wallet,card_declined,37,5041.86,0,1
20,28,1162.65,0.74,0,8,upi,insufficient_funds,8,1601.52,1,1
45,24,659.03,0.72,4,64,card,network_error,1,10788.96,0,0
61,5,1194.66,0.73,1,41,card,expired_card,19,4536.28,1,0
32,37,4874.92,0.91,1,11,card,card_declined,8,1623.32,0,0
58,12,3106.93,0.95,1,26,netbanking,card_declined,23,5555.92,0,0
40,58,987.12,0.47,3,87,card,card_declined,1,1195.66,1,0
57,35,388.63,0.74,0,38,card,network_error,30,2995.98,0,1
28,40,5144.42,0.95,3,5,card,card_declined,44,8101.63,1,1
65,54,658.4,0.48,2,32,card,network_error,4,1676.25,0,1
49,2,1589.31,0.65,1,69,card,bank_error,21,2796.72,1,0
53,50,368.3,0.45,2,15,netbanking,card_declined,21,6318.85,2,0
50,41,874.66,0.47,2,61,upi,insufficient_funds,37,4414.88,1,0
41,45,367.25,0.94,3,52,upi,bank_error,20,20375.63,0,0
56,39,486.23,0.67,3,87,netbanking,insufficient_funds,28,18750.82,0,0
51,42,574.04,0.81,2,28,card,bank_error,25,5798.22,1,1
45,9,1531.35,0.48,0,19,wallet,bank_error,33,23481.43,0,1
54,22,1025.3,0.41,1,54,card,card_declined,15,1571.93,1,0
24,47,7321.58,0.93,1,81,card,network_error,33,2139.37,0,1
21,5,2425.17,0.74,5,15,card,insufficient_funds,3,5056.57,0,0
54,12,2462.28,0.41,2,13,upi,insufficient_funds,16,12800.2,1,0
18,1,1560.2,1.0,5,87,card,card_declined,43,4000.3,1,0
18,44,1330.4,0.7,2,82,upi,card_declined,47,3442.33,0,0
64,22,2520.82,0.69,2,23,card,bank_error,26,1147.64,1,1
37,38,207.09,0.77,3,80,upi,network_error,29,2907.08,1,0
36,51,709.42,0.4,2,62,upi,expired_card,21,3197.0,2,0
46,19,423.12,0.74,1,84,wallet,insufficient_funds,31,6617.02,0,1
27,16,293.24,0.78,1,25,netbanking,expired_card,32,2779.92,2,0
35,31,640.29,0.58,1,32,upi,insufficient_funds,8,4819.13,0,0
45,51,491.05,0.84,3,21,wallet,network_error,43,4509.98,1,1
52,3,2529.91,0.63,0,1,upi,bank_error,7,1155.87,0,0
60,23,1169.28,0.83,2,28,upi,card_declined,7,3575.22,1,0
64,42,268.55,0.49,2,12,card,insufficient_funds,28,8235.15,1,0
48,59,1366.26,0.95,2,79,card,card_declined,42,1595.02,0,1
44,18,539.94,0.93,3,20,card,bank_error,19,5002.94,0,0
28,26,1145.51,0.49,1,83,upi,expired_card,27,13870.34,1,0
66,13,1444.63,0.96,0,51,card,network_error,20,11004.07,0,1
66,58,648.5,0.73,1,26,card,network_error,36,10285.01,1,0
55,18,1276.85,0.82,2,85,card,bank_error,46,5999.68,0,1
22,3,1453.1,0.9,1,43,card,insufficient_funds,31,6959.49,0,1
25,58,977.51,0.45,1,50,card,bank_error,2,2550.33,0,1
51,23,662.66,0.5,2,74,upi,bank_error,21,3027.42,1,0
65,3,1099.05,0.57,4,28,card,card_declined,41,5649.88,0,0
69,55,994.62,0.69,1,26,card,card_declined,34,6083.65,1,0
29,25,1368.63,0.61,0,77,card,bank_error,31,7424.26,2,0
55,27,911.74,0.7,1,25,card,bank_error,10,5515.7,1,1
18,58,476.08,0.51,3,31,card,bank_error,5,12009.06,0,1
48,44,974.28,0.81,3,84,card,network_error,36,15418.03,2,1
21,27,1378.39,0.43,1,79,card,insufficient_funds,30,6327.84,1,0
66,52,1248.37,0.62,3,18,card,insufficient_funds,23,6791.46,1,0
62,39,1014.7,0.51,2,40,card,bank_error,39,4894.49,0,0
67,25,780.06,0.84,1,87,upi,network_error,9,1079.41,2,0
22,24,752.32,0.93,2,67,card,insufficient_funds,20,1886.93,0,1
47,8,809.02,0.45,0,63,upi,insufficient_funds,35,8704.3,2,0
41,9,2329.27,0.87,3,11,upi,insufficient_funds,6,14275.13,0,0
20,46,564.82,0.94,3,27,card,insufficient_funds,37,9184.71,0,0
28,37,1168.75,0.98,1,37,card,bank_error,45,2383.82,1,1
62,30,454.59,0.75,2,12,upi,bank_error,45,2346.43,0,1
21,53,1873.03,0.6,2,28,card,bank_error,2,9222.68,0,1
43,19,753.48,0.59,1,6,card,insufficient_funds,18,12331.71,2,1
44,53,615.28,0.63,1,70,upi,insufficient_funds,5,7147.93,0,0
63,16,1275.14,0.77,4,44,upi,insufficient_funds,14,10857.46,0,0
60,24,195.87,0.69,5,85,upi,insufficient_funds,19,16678.89,0,0
44,44,441.58,0.79,1,89,netbanking,insufficient_funds,45,9035.56,1,0
59,21,1411.82,0.42,1,47,upi,bank_error,10,6178.79,1,0
68,36,2231.04,0.46,2,36,card,bank_error,32,7447.77,0,1
67,40,1503.66,0.99,0,82,upi,insufficient_funds,25,5566.62,0,0
23,39,1209.07,1.0,3,44,wallet,insufficient_funds,46,4165.48,1,0
32,47,5926.97,0.85,1,69,upi,insufficient_funds,33,3168.74,1,0
47,6,1546.86,0.55,0,23,wallet,expired_card,1,4876.51,0,0
59,5,527.87,0.97,0,23,card,expired_card,35,5382.79,0,0
54,14,2246.8,0.53,3,87,card,network_error,39,31384.86,1,0
54,53,700.14,0.84,1,35,card,bank_error,27,7006.8,0,0
59,45,667.96,0.47,1,69,upi,insufficient_funds,10,5149.16,0,0
54,42,417.11,0.79,0,61,card,insufficient_funds,34,6009.4,1,1
52,50,822.22,0.86,0,81,upi,insufficient_funds,5,5325.76,1,0
40,4,463.75,0.92,1,38,card,insufficient_funds,15,6070.85,4,0
23,8,1620.03,0.84,1,52,upi,network_error,33,3544.65,5,1
21,24,1004.46,0.95,2,2,netbanking,insufficient_funds,24,6274.12,4,1
35,11,422.98,0.71,3,19,card,card_declined,23,9773.28,1,1
26,17,1036.15,0.81,0,63,card,network_error,1,16509.62,0,1
66,50,2198.83,0.62,0,67,card,network_error,14,5894.52,1,1
46,21,3413.81,0.41,3,23,card,insufficient_funds,28,6507.05,0,0
30,57,313.33,0.85,2,26,upi,card_declined,38,11023.42,0,0
64,26,635.97,0.92,1,30,upi,card_declined,45,2940.4,0,1
69,43,444.72,0.5,5,19,upi,bank_error,11,16420.59,0,0
34,48,1404.57,0.42,0,39,card,card_declined,9,1981.6,0,1
62,44,409.02,0.5,0,28,card,insufficient_funds,21,3082.45,1,1
49,45,2301.84,0.94,4,73,card,network_error,7,12319.69,0,0
65,27,2546.78,0.58,0,61,card,insufficient_funds,7,7056.7,0,0
39,16,1944.35,0.54,1,48,card,card_declined,27,2096.96,0,0
21,55,663.75,0.41,1,79,card,card_declined,29,17934.42,0,0
22,26,693.66,0.58,0,13,card,insufficient_funds,11,16572.26,1,1
54,53,796.6,0.83,0,86,upi,bank_error,5,1541.45,1,1
58,33,2376.9,0.98,1,11,upi,card_declined,43,9183.3,1,0
66,31,334.08,0.59,1,88,card,insufficient_funds,12,2087.16,1,0
30,48,1436.96,0.54,0,40,netbanking,network_error,27,13037.41,0,0
51,47,570.54,0.93,3,51,card,card_declined,1,16962.69,1,1
62,6,817.63,0.91,2,70,card,card_declined,8,7077.62,0,0
39,44,1835.92,0.6,1,80,upi,card_declined,33,4451.19,0,0
40,8,379.63,0.44,2,30,card,network_error,37,2756.91,1,0
68,7,902.87,1.0,2,30,upi,insufficient_funds,42,6026.49,0,0
20,34,1002.06,0.81,1,78,netbanking,card_declined,2,2441.25,0,0
59,44,1068.3,0.96,3,54,card,bank_error,33,12292.02,0,0
51,53,1020.22,0.61,2,7,upi,insufficient_funds,4,1997.02,0,1
49,14,1619.16,0.79,2,67,card,card_declined,35,2813.29,0,0
62,16,799.2,0.8,5,10,card,bank_error,22,6724.13,0,0
68,43,1416.23,0.92,2,61,card,bank_error,39,5441.22,0,0
66,52,1381.45,1.0,3,37,upi,network_error,5,8192.09,0,1
38,9,1339.76,0.47,2,15,card,expired_card,8,5696.99,0,0
63,10,1586.82,0.78,0,50,card,card_declined,35,22568.11,2,0
61,17,1336.03,0.6,3,4,card,bank_error,34,7592.43,0,0
38,12,1029.91,0.89,0,42,card,insufficient_funds,41,12235.66,0,0
61,6,451.12,0.85,1,68,card,expired_card,20,4171.34,0,0
28,19,2835.66,0.94,3,10,upi,insufficient_funds,18,2841.88,1,1
56,43,3591.19,0.61,0,22,wallet,insufficient_funds,39,4164.37,0,0
21,41,852.71,0.51,0,31,upi,expired_card,27,4437.75,1,1
68,53,1509.43,0.41,0,76,upi,expired_card,19,4416.76,1,1
18,29,747.45,0.55,1,73,netbanking,insufficient_funds,9,2794.69,1,0
45,6,662.38,0.62,2,28,upi,card_declined,20,1903.82,0,0
41,59,1139.93,0.97,1,69,card,insufficient_funds,7,2970.48,1,0
52,25,7826.1,0.69,3,80,wallet,bank_error,16,8629.84,0,0
30,57,3350.09,0.73,2,19,wallet,card_declined,14,6496.58,0,1
64,24,3016.56,0.93,4,78,card,card_declined,9,4631.57,0,0
51,25,1576.78,0.93,3,47,upi,bank_error,7,9018.82,2,1
28,16,576.94,0.72,1,24,upi,network_error,21,1183.76,0,0
53,52,2266.0,0.47,2,56,upi,bank_error,45,11694.56,1,0
68,16,149.97,0.56,3,11,netbanking,bank_error,30,14706.93,1,0
34,6,1441.75,0.67,0,77,upi,card_declined,14,3437.43,1,0
52,37,2364.96,0.85,0,74,upi,network_error,33,3464.73,2,0
35,21,1219.31,0.83,1,54,netbanking,card_declined,27,3272.32,1,0
57,4,3503.65,0.79,2,59,card,network_error,13,1516.49,0,1
39,34,404.19,0.93,0,65,upi,network_error,2,5477.74,0,0
41,28,3362.66,0.88,0,32,upi,insufficient_funds,29,976.91,1,0
36,38,982.01,0.99,4,18,netbanking,bank_error,7,5301.24,0,1
54,41,3027.67,0.93,1,4,wallet,insufficient_funds,13,4828.94,1,1
56,28,2239.79,0.52,2,80,upi,card_declined,15,8708.15,2,0
38,17,3164.81,0.43,2,82,upi,insufficient_funds,45,3125.57,0,0
25,14,2170.75,0.65,0,85,upi,network_error,19,9202.4,0,0
45,7,1779.97,0.77,0,51,upi,bank_error,9,4166.64,0,1
22,22,2853.54,0.79,0,47,upi,card_declined,42,9378.22,1,0
34,51,1140.06,0.56,1,54,card,network_error,46,6154.97,0,0
54,1,1671.77,0.92,1,25,upi,insufficient_funds,10,9526.37,1,0
53,29,1093.86,0.6,2,10,card,card_declined,3,6175.98,2,0
36,52,678.52,0.95,1,7,card,bank_error,17,3912.26,0,0
44,31,1585.83,0.68,1,65,upi,bank_error,10,7785.18,2,0
51,30,1258.56,0.41,1,19,netbanking,card_declined,25,6178.78,1,1
28,57,2643.56,0.5,2,7,wallet,expired_card,43,6173.65,1,1
62,15,958.55,0.46,1,45,upi,insufficient_funds,1,2191.4,0,0
64,18,643.88,0.43,0,78,upi,card_declined,20,9319.72,1,0
29,35,2617.84,0.83,0,38,upi,expired_card,23,6039.16,2,1
38,50,1146.35,0.52,3,7,card,card_declined,16,2478.71,0,0
28,30,630.26,0.9,1,46,card,bank_error,42,5743.89,0,1
56,34,2899.61,0.56,2,67,upi,expired_card,35,5172.07,0,0
45,42,2097.98,0.42,1,75,card,expired_card,46,16803.15,3,0
22,11,4000.53,0.89,4,8,upi,insufficient_funds,14,2801.43,3,1
34,27,863.82,0.68,3,3,upi,insufficient_funds,12,5916.74,0,1
37,24,783.23,0.76,2,12,netbanking,expired_card,4,6219.37,1,0
58,35,512.55,0.6,0,82,upi,network_error,36,1552.8,0,0
63,39,737.43,0.43,1,43,netbanking,network_error,36,3218.55,2,1
29,8,836.77,0.62,2,7,upi,insufficient_funds,21,5070.89,0,0
23,51,1768.88,0.71,2,48,wallet,card_declined,1,707.61,1,0
34,18,572.17,0.41,1,80,netbanking,expired_card,23,8802.77,0,0
68,13,689.29,0.74,1,45,card,network_error,16,4836.61,1,0
36,45,3596.3,0.94,0,25,wallet,network_error,14,7095.76,0,1
43,24,140.94,0.53,2,4,card,network_error,41,9042.98,1,0
65,51,1534.84,0.96,3,4,upi,bank_error,13,3242.98,0,1
61,23,444.39,0.46,2,50,wallet,bank_error,2,1181.14,1,1
61,12,624.11,0.9,1,58,card,card_declined,13,543.98,0,0
69,49,2970.11,0.9,1,65,netbanking,card_declined,7,10682.02,0,0
49,30,1152.98,0.55,0,67,wallet,card_declined,14,11755.0,0,0
23,31,7044.15,0.97,1,28,netbanking,card_declined,19,4218.58,1,0
53,28,1700.66,0.65,2,75,netbanking,insufficient_funds,6,11821.35,2,0
55,22,613.53,0.48,0,37,card,network_error,14,9996.64,0,1
28,44,1620.38,0.76,1,2,card,card_declined,26,9413.18,0,1
50,28,2418.69,1.0,1,73,upi,expired_card,12,8222.39,0,0
41,13,1580.27,0.94,1,61,card,insufficient_funds,24,2591.44,1,0
40,25,943.17,0.57,1,81,netbanking,insufficient_funds,22,28134.55,0,1
32,44,335.71,0.75,4,51,card,bank_error,46,2761.31,2,1
44,51,875.06,0.47,3,31,upi,insufficient_funds,42,8575.35,1,0
28,46,3523.93,0.68,2,85,card,bank_error,21,3148.97,0,1
68,7,627.85,0.71,1,81,card,card_declined,47,11859.6,0,0
67,45,821.99,0.59,2,81,upi,insufficient_funds,30,3834.15,0,0
34,6,2198.0,0.69,1,43,upi,insufficient_funds,4,16622.05,0,0
68,24,1692.21,0.95,0,28,card,card_declined,29,9187.95,1,0
31,19,438.37,0.7,2,39,card,insufficient_funds,40,37291.42,0,0
44,19,1016.35,0.9,1,65,upi,bank_error,38,1196.93,0,1
35,36,2936.22,0.59,1,16,netbanking,expired_card,11,6155.8,0,0
45,51,1117.15,0.98,3,67,card,card_declined,40,8148.03,2,0
68,9,2986.51,0.46,0,79,upi,bank_error,44,1867.87,0,1
64,48,3107.09,0.75,0,68,card,insufficient_funds,16,14870.71,1,0
64,59,572.86,0.87,3,36,wallet,bank_error,25,1609.22,1,1
21,36,892.0,0.89,0,30,card,bank_error,4,2857.02,1,1
24,38,1737.71,0.52,0,23,card,network_error,10,7923.37,0,0
62,40,373.76,0.64,2,63,card,card_declined,34,796.03,1,0
52,59,938.11,0.77,3,69,upi,network_error,16,3349.83,1,0
65,29,1607.33,0.59,0,47,wallet,bank_error,4,11897.83,1,0
26,24,709.4,0.79,0,11,netbanking,insufficient_funds,18,2370.34,0,1
25,48,1655.2,0.63,2,19,upi,insufficient_funds,45,10173.32,0,0
69,5,720.45,0.61,0,62,card,network_error,19,8740.38,2,0
62,53,714.89,0.46,2,72,card,network_error,32,1860.23,1,0
34,54,1846.28,0.42,3,43,wallet,insufficient_funds,13,1620.05,1,0
34,42,2857.3,0.9,0,75,upi,bank_error,19,4497.86,1,0
66,55,666.79,0.69,0,9,upi,bank_error,9,4956.43,1,1
50,45,469.68,0.74,5,25,upi,insufficient_funds,32,7056.31,1,0
49,26,1068.4,0.62,2,89,card,bank_error,24,2074.41,1,0
25,14,1520.56,0.48,2,78,netbanking,insufficient_funds,36,6786.12,1,0
36,39,662.15,0.67,3,31,upi,card_declined,26,10842.28,0,0
55,29,3506.88,0.54,1,13,upi,insufficient_funds,4,4161.57,2,1
20,52,989.51,0.9,2,65,upi,card_declined,30,31288.7,1,1
22,6,658.16,0.99,1,30,netbanking,bank_error,33,2703.26,1,1
30,7,4239.46,0.93,4,73,card,insufficient_funds,33,5626.42,1,0
64,37,2661.33,0.72,2,29,card,network_error,31,4256.53,0,1
63,53,659.05,0.78,1,18,card,insufficient_funds,15,2415.02,1,1
48,18,2314.61,0.97,3,3,card,insufficient_funds,12,29687.67,0,1
33,23,692.92,0.72,1,35,upi,bank_error,11,4449.86,3,1
67,44,1876.76,0.78,1,66,upi,expired_card,41,3089.84,0,0
49,38,3805.21,0.78,2,4,wallet,expired_card,45,2102.46,1,0
39,59,470.51,0.82,2,41,upi,network_error,23,11607.19,0,1
46,1,752.62,0.78,5,79,upi,insufficient_funds,13,14132.36,1,0
39,4,764.27,0.8,2,81,netbanking,insufficient_funds,34,11937.65,0,0
60,51,1320.71,0.84,3,30,netbanking,card_declined,27,4054.51,0,0
20,44,1527.42,0.89,2,87,upi,bank_error,36,4707.19,3,1
27,47,1030.33,0.64,0,11,card,network_error,10,6028.62,1,0
59,35,337.89,0.85,2,33,card,card_declined,46,1725.76,0,0
38,23,463.26,0.46,1,38,card,card_declined,22,2312.5,0,0
33,27,590.82,0.93,1,5,wallet,bank_error,23,25336.0,0,0
29,26,1622.83,0.57,1,59,upi,insufficient_funds,34,12030.38,1,0
19,52,412.99,0.64,2,51,upi,card_declined,9,3098.45,0,0
58,8,578.49,0.88,2,65,netbanking,card_declined,2,2507.56,0,0
41,43,495.94,0.78,4,68,upi,bank_error,20,9001.6,2,0
52,16,1392.58,0.59,1,58,card,expired_card,8,24433.4,3,0
47,41,2421.69,0.54,3,48,card,network_error,28,4584.81,0,0
47,3,1221.59,0.97,3,58,netbanking,card_declined,20,4941.5,0,0
64,32,4426.89,0.45,0,37,upi,insufficient_funds,44,15835.31,1,1
52,5,1221.41,0.4,2,7,upi,card_declined,7,3638.66,2,0
36,20,1026.69,0.8,1,60,card,bank_error,9,5893.14,0,0
67,14,633.39,0.77,0,59,card,bank_error,32,5448.71,1,0
25,32,1264.07,0.84,2,10,card,card_declined,32,1724.87,2,0
43,26,614.78,0.84,1,33,upi,card_declined,45,7820.54,0,0
66,47,552.65,0.92,0,51,upi,bank_error,29,1613.13,2,1
57,6,541.7,0.95,1,78,wallet,card_declined,27,3787.47,0,0
24,59,937.34,0.87,0,36,wallet,insufficient_funds,27,682.16,1,0
47,58,772.73,0.54,2,38,upi,card_declined,15,4363.83,0,1
24,36,7032.61,0.68,1,55,netbanking,network_error,32,13447.13,1,0
20,40,1269.74,0.79,4,30,netbanking,bank_error,2,5953.95,0,1
18,51,1255.19,0.72,2,26,upi,card_declined,15,1675.06,0,0
53,59,745.18,0.5,2,42,card,insufficient_funds,44,14490.96,0,0
42,5,9375.28,0.75,0,47,card,card_declined,44,2011.34,0,0
54,13,574.35,0.93,1,19,card,insufficient_funds,11,2984.53,1,1
18,32,787.14,0.65,1,77,wallet,bank_error,9,14762.99,1,0
32,16,2207.13,0.8,1,87,netbanking,insufficient_funds,3,5191.39,2,0
54,1,1263.51,0.77,3,83,card,insufficient_funds,32,12288.77,0,0
30,13,449.83,0.63,0,80,card,network_error,34,5003.8,1,0
57,54,1117.79,0.74,2,25,upi,insufficient_funds,4,11407.37,1,1
25,11,1764.78,0.53,3,85,card,insufficient_funds,29,5035.35,0,0
22,53,1569.35,0.73,2,18,card,card_declined,47,4525.16,0,1
26,8,1742.07,0.88,0,9,upi,expired_card,15,19325.11,2,1
18,25,5064.39,0.86,0,88,card,card_declined,11,8221.0,0,0
53,40,1326.2,0.61,2,17,card,bank_error,42,2871.73,0,1
52,32,1914.0,0.47,1,4,wallet,card_declined,37,2539.9,1,0
19,24,200.95,0.88,0,55,upi,bank_error,47,19148.61,1,1
57,28,4047.66,0.56,1,54,card,card_declined,10,2876.73,0,0
40,14,1147.68,0.43,1,28,wallet,card_declined,15,6739.88,1,0
26,45,597.29,0.67,1,40,wallet,bank_error,11,9355.93,2,1
51,3,956.56,0.84,0,9,card,network_error,44,2297.13,1,0
63,36,1743.7,0.89,1,36,card,insufficient_funds,10,2811.59,0,0
31,27,2262.72,0.99,0,8,card,network_error,16,5580.59,1,1
21,20,1025.9,0.51,1,62,wallet,insufficient_funds,23,3717.01,3,0
47,47,1670.72,0.58,0,86,netbanking,card_declined,11,16346.29,0,0
48,15,912.1,0.77,2,89,card,bank_error,5,6180.65,1,1
55,27,1547.1,0.89,1,49,upi,network_error,14,1108.96,0,1
28,53,1266.98,0.54,1,70,upi,insufficient_funds,42,6402.54,1,0
52,45,1353.67,0.65,0,42,card,insufficient_funds,23,5776.83,1,1
25,41,882.12,0.65,2,2,upi,card_declined,21,12549.04,1,0
20,28,1454.71,0.86,1,31,card,insufficient_funds,31,2067.01,1,0
31,25,614.87,0.54,3,76,card,insufficient_funds,13,26696.58,0,0
30,42,1256.69,0.98,1,19,card,insufficient_funds,24,3283.93,1,1
62,44,703.36,0.71,0,65,wallet,network_error,19,10606.33,0,0
49,46,546.99,0.57,2,74,wallet,card_declined,4,7544.53,1,1
51,33,669.22,0.57,1,60,wallet,insufficient_funds,7,16243.08,0,0
62,46,948.03,0.41,4,62,wallet,bank_error,18,2489.68,1,0
36,14,757.53,0.82,2,60,card,bank_error,45,5315.61,0,1
55,8,1447.22,0.87,2,16,netbanking,card_declined,39,5007.14,0,1
33,48,1159.55,0.42,1,7,card,insufficient_funds,25,3686.2,1,0
19,14,2230.97,0.75,1,77,netbanking,card_declined,12,1191.39,1,0
57,1,1033.68,0.87,2,68,upi,expired_card,17,12763.84,0,0
34,16,1244.49,0.63,2,74,card,insufficient_funds,8,5325.56,1,0
51,18,4048.67,0.66,3,12,card,network_error,3,17115.49,1,1
59,7,806.59,0.62,3,5,card,expired_card,45,947.97,0,0
33,15,898.2,0.59,2,47,upi,bank_error,39,3898.75,1,0
55,24,2546.42,0.69,2,11,upi,insufficient_funds,38,3739.96,0,1
19,49,561.28,0.5,4,34,netbanking,insufficient_funds,31,3185.34,0,0
19,51,2753.87,0.66,1,79,card,insufficient_funds,35,4423.37,0,0
43,55,929.06,0.97,2,51,upi,bank_error,36,5836.83,0,1
30,13,611.97,0.42,1,5,upi,insufficient_funds,32,3440.46,2,0
64,9,2066.58,0.5,2,48,card,expired_card,17,5663.29,3,0
48,56,919.85,0.87,2,85,card,bank_error,10,3143.95,0,0
51,56,3932.38,0.48,1,31,netbanking,bank_error,45,13981.57,1,0
56,15,1160.74,0.56,2,40,upi,card_declined,23,6040.77,2,0
20,57,1154.84,0.67,1,7,card,bank_error,3,6792.93,0,1
25,58,727.58,0.97,1,85,card,network_error,13,1690.74,1,1
40,35,989.56,0.51,1,40,card,bank_error,34,8051.87,2,0
31,24,906.1,0.95,6,69,card,insufficient_funds,23,9827.31,1,0
44,33,2784.9,0.83,5,14,card,expired_card,28,10887.42,2,0
46,16,1343.08,0.8,1,10,card,network_error,31,1440.01,1,1
56,8,1797.02,0.83,0,82,card,card_declined,26,9234.27,0,0
56,29,1174.91,0.42,4,81,card,expired_card,8,7770.76,1,0
18,23,822.49,0.46,2,49,netbanking,insufficient_funds,21,4837.51,0,0
34,45,1421.82,0.6,0,17,card,insufficient_funds,11,5308.5,0,1
58,31,3339.32,0.44,1,86,upi,card_declined,3,5012.81,1,1
47,40,526.43,0.99,0,89,card,card_declined,7,3309.13,0,1
30,49,1470.91,0.75,0,51,upi,insufficient_funds,38,1914.13,2,0
38,54,3126.3,0.69,3,80,card,bank_error,4,2101.47,2,0
36,55,619.96,0.87,1,62,card,insufficient_funds,29,4071.55,2,0
36,14,2091.02,0.99,1,30,wallet,insufficient_funds,9,5300.67,1,0
42,59,2092.72,0.97,1,55,upi,card_declined,9,27446.7,0,0
39,53,443.19,0.88,1,34,card,card_declined,3,8347.73,0,0
48,30,2385.84,0.63,1,69,card,bank_error,17,4963.57,2,1
34,53,723.51,0.44,3,33,upi,insufficient_funds,36,3999.01,0,1
40,39,1409.79,0.46,2,5,upi,network_error,10,3961.72,0,1
49,27,2245.98,0.4,1,42,card,card_declined,45,6452.75,2,0
27,47,2540.35,0.4,0,3,upi,expired_card,23,2949.86,1,0
27,16,374.24,0.96,0,63,card,network_error,18,5793.8,3,0
53,51,3835.37,0.96,1,38,upi,expired_card,5,1303.38,0,0
25,6,2958.83,0.8,4,13,upi,bank_error,26,5442.08,0,0
69,55,2290.11,0.84,3,8,card,bank_error,17,2206.51,0,0
37,33,1412.38,0.71,2,61,upi,bank_error,18,1534.51,0,0
49,44,808.36,0.54,2,30,card,network_error,16,7363.88,0,0
67,18,513.77,0.95,1,50,card,network_error,4,3663.78,2,1
31,16,351.89,0.57,5,69,wallet,insufficient_funds,19,4086.35,1,0
67,12,1721.89,0.84,1,38,card,insufficient_funds,16,1961.18,1,0
45,20,2289.3,0.55,0,59,upi,card_declined,45,5127.46,0,0
63,45,1033.56,0.92,1,2,card,network_error,21,6198.85,0,1
69,40,794.19,0.79,1,57,card,insufficient_funds,36,14899.27,1,1
41,59,1151.64,0.79,0,7,upi,card_declined,2,9277.09,1,0
32,29,700.45,0.46,0,80,upi,expired_card,29,5820.04,3,1
39,30,1113.35,0.65,1,10,upi,insufficient_funds,11,5965.82,1,1
47,26,672.88,0.71,2,29,upi,card_declined,25,11347.98,3,1
21,22,1683.16,0.58,5,84,upi,card_declined,23,3508.93,2,0
30,33,2619.42,0.93,0,34,upi,bank_error,44,3499.45,1,0
40,58,1565.49,0.9,2,72,upi,card_declined,14,1716.7,0,1
25,53,1036.57,0.7,1,45,wallet,insufficient_funds,12,1924.81,0,0
35,39,2191.61,0.6,1,71,upi,insufficient_funds,11,9108.09,1,0
29,47,1111.24,0.88,0,58,card,insufficient_funds,4,5716.18,1,1
48,29,2143.39,0.52,3,78,card,insufficient_funds,10,837.46,1,0
31,22,702.54,0.44,1,84,upi,expired_card,13,9234.3,1,0
51,45,769.15,0.43,1,33,card,network_error,29,2628.45,1,1
35,13,548.85,0.42,2,51,card,network_error,21,6532.58,0,0
51,9,791.69,0.69,3,64,card,network_error,34,5733.15,1,1
28,24,2179.78,0.55,0,38,netbanking,card_declined,8,9264.55,1,0
58,15,595.72,0.81,0,80,card,bank_error,34,1791.61,1,0
29,36,218.5,0.79,0,12,card,bank_error,8,2108.6,0,1
66,13,820.44,0.73,3,63,upi,insufficient_funds,29,17260.25,0,0
32,27,482.21,0.61,0,65,card,card_declined,20,19068.94,1,0
48,44,770.4,0.91,2,60,netbanking,insufficient_funds,39,8337.32,1,0
66,37,4792.51,0.83,2,20,upi,expired_card,17,1914.54,0,0
46,7,588.59,0.56,0,66,upi,card_declined,39,3354.35,0,0
43,8,1708.68,0.7,3,18,card,network_error,42,3282.91,0,0
35,37,1036.75,0.49,2,42,card,insufficient_funds,28,2747.89,2,0
49,41,1423.3,0.6,3,74,card,insufficient_funds,6,3461.56,1,0
39,14,767.79,1.0,1,6,upi,insufficient_funds,37,6644.19,0,1
55,58,2472.39,0.53,3,66,wallet,bank_error,31,23056.34,0,0
34,12,1478.51,0.82,0,80,upi,insufficient_funds,7,2521.81,2,1
40,36,1507.56,0.54,1,69,upi,bank_error,45,5081.18,0,0
41,52,1175.24,0.96,1,86,wallet,bank_error,32,12893.35,2,0
67,40,2641.69,0.59,0,22,netbanking,insufficient_funds,31,5401.92,1,1
25,17,1623.12,0.61,1,22,upi,card_declined,1,24635.2,1,1
58,40,1421.74,0.76,1,65,card,bank_error,2,9038.58,0,0
23,53,1731.69,0.75,2,49,card,network_error,31,8511.93,0,1
22,29,319.9,0.75,2,77,card,card_declined,14,8699.74,2,0
61,27,1250.67,0.74,3,12,card,bank_error,24,9714.61,1,1
46,1,1048.57,0.59,2,63,card,card_declined,13,7551.68,0,0
45,52,2484.95,0.66,3,13,wallet,insufficient_funds,20,7640.03,0,1
28,34,671.34,0.76,3,62,upi,insufficient_funds,11,4532.64,2,0
18,4,1262.41,0.8,1,59,upi,expired_card,3,12008.52,0,0
60,24,4216.2,0.55,0,11,card,insufficient_funds,9,8153.87,1,0
36,21,1077.07,0.82,3,82,card,bank_error,34,4144.51,0,0
26,33,432.17,0.95,4,86,card,card_declined,10,11382.8,0,0
44,7,5022.88,0.85,0,1,upi,card_declined,15,4034.26,0,0
51,1,664.55,0.45,5,68,card,bank_error,6,1329.7,1,0
61,41,529.62,0.68,3,9,card,bank_error,11,6568.0,0,0
21,3,544.43,0.66,2,3,card,card_declined,35,6205.99,1,1
53,44,1825.05,0.6,2,72,card,network_error,39,3052.68,0,0
35,51,2720.16,0.69,6,9,card,network_error,44,6766.92,0,1
32,15,3760.41,0.66,1,82,card,network_error,29,1556.26,2,0
68,31,1108.46,0.4,0,69,netbanking,card_declined,47,17887.1,0,0
30,54,549.6,0.54,3,22,upi,bank_error,40,2177.23,0,0
36,16,735.86,0.53,2,69,upi,bank_error,30,15116.31,2,0
66,10,1122.72,0.61,3,23,upi,bank_error,15,17482.66,0,0
23,54,1080.49,0.5,1,80,upi,insufficient_funds,2,23627.58,2,0
65,29,2740.26,0.44,0,5,upi,insufficient_funds,23,5600.83,0,0
29,59,436.01,0.52,3,39,wallet,insufficient_funds,13,2349.86,1,1
68,59,502.28,0.91,2,3,card,bank_error,26,8480.55,1,0
54,6,882.83,0.88,0,26,upi,insufficient_funds,44,4283.64,2,0
34,29,1420.04,0.67,0,8,wallet,insufficient_funds,37,5049.88,0,0
40,17,804.44,0.93,1,85,card,bank_error,21,15711.26,0,0
43,53,759.87,0.54,3,52,card,insufficient_funds,21,5247.27,0,1
46,22,2493.95,0.75,1,82,card,insufficient_funds,42,4279.85,3,0
50,24,1525.94,0.49,1,69,netbanking,bank_error,5,3487.52,0,0
44,17,550.43,0.9,2,6,card,card_declined,7,5205.34,1,1
42,21,767.55,0.48,1,27,upi,bank_error,24,3275.55,3,0
27,51,1574.62,0.42,2,86,netbanking,card_declined,15,4130.59,3,0
64,50,453.63,0.56,2,22,card,card_declined,4,7490.86,0,0
40,11,1567.93,0.94,1,56,card,insufficient_funds,23,1847.32,0,0
38,56,862.07,0.48,1,43,wallet,bank_error,25,3106.04,1,1
38,7,1413.7,0.6,1,27,netbanking,expired_card,15,5094.49,1,0
60,42,1192.62,0.59,0,45,upi,insufficient_funds,45,19613.53,1,1
30,39,501.62,0.88,2,46,card,expired_card,13,7030.89,2,0
54,5,702.3,0.65,1,33,netbanking,insufficient_funds,2,9500.94,1,0
50,44,3020.51,0.77,1,28,wallet,card_declined,38,5118.05,0,0
41,48,5767.1,0.64,4,81,upi,insufficient_funds,9,6725.71,0,1
61,57,322.77,0.73,2,51,card,bank_error,23,5037.79,0,0
28,21,2276.03,0.44,1,64,upi,card_declined,13,5207.04,0,0
34,18,1348.75,0.62,2,35,card,bank_error,37,1485.01,1,0
21,35,4710.73,0.91,3,36,card,network_error,5,3596.01,0,0
64,20,741.77,0.81,3,6,upi,card_declined,17,6831.56,1,0
42,15,2056.58,0.99,0,58,card,network_error,19,11897.02,0,1
47,5,887.27,0.87,1,23,card,expired_card,22,7781.81,2,0
26,13,2689.15,0.67,1,14,upi,insufficient_funds,32,2265.14,1,1
38,51,5529.77,0.81,2,73,card,card_declined,22,7137.53,1,0
37,12,1273.02,0.87,0,56,card,expired_card,15,6893.7,2,0
36,55,494.09,0.56,2,79,card,card_declined,37,7517.58,0,0
36,21,2950.44,0.44,2,25,upi,insufficient_funds,16,5698.93,1,0
29,37,1629.19,0.64,1,20,card,insufficient_funds,33,1111.56,2,0
54,6,1428.85,0.49,1,86,upi,expired_card,35,1545.62,1,0
59,7,3321.82,0.57,0,71,card,insufficient_funds,17,2521.35,1,0
34,26,494.55,0.97,4,18,card,insufficient_funds,29,2221.14,1,1
54,42,664.26,0.91,0,17,netbanking,insufficient_funds,11,7286.64,0,1
65,48,1662.35,0.76,0,14,card,insufficient_funds,39,951.71,0,1
56,8,653.97,0.64,3,26,upi,insufficient_funds,17,17342.18,3,0
45,9,879.01,0.56,0,32,upi,bank_error,40,21420.65,1,0
58,27,2676.69,0.74,3,59,card,card_declined,28,6744.22,0,0
52,4,1484.85,0.72,0,71,card,network_error,23,4696.91,1,1
64,21,480.5,0.87,3,57,netbanking,bank_error,19,2080.89,0,1
65,31,1459.17,0.96,0,73,upi,bank_error,2,2815.66,0,1
35,21,2610.64,0.6,2,12,card,network_error,25,6444.05,1,0
31,40,1236.55,0.52,0,3,upi,bank_error,23,5734.73,0,1
52,25,2018.8,0.64,3,32,card,card_declined,22,12679.23,1,1
61,39,763.64,0.66,2,15,upi,expired_card,5,3456.02,3,0
58,15,1315.42,0.42,1,9,card,bank_error,19,3219.19,1,1
24,53,363.68,0.92,0,49,upi,insufficient_funds,14,15396.23,1,1
58,35,1704.13,1.0,1,44,upi,card_declined,28,2858.35,1,1
30,49,1411.05,0.95,1,81,upi,expired_card,8,3742.62,1,1
35,43,444.44,0.92,2,28,card,card_declined,18,10135.08,1,1
54,41,3179.93,1.0,1,45,upi,insufficient_funds,35,13415.06,1,0
30,37,1635.65,0.94,0,13,upi,bank_error,3,3985.76,0,0
53,57,675.28,0.81,1,47,upi,insufficient_funds,16,1354.55,0,1
48,42,1735.91,0.5,2,21,card,card_declined,6,35347.91,0,0
19,47,550.54,0.49,4,50,card,bank_error,37,2393.23,0,0
33,28,606.5,0.43,1,47,upi,insufficient_funds,25,6780.33,0,1
26,14,552.55,0.65,2,5,netbanking,bank_error,47,8755.11,0,0
26,4,541.49,0.89,0,7,upi,card_declined,1,4031.18,0,1
55,53,1489.7,0.69,3,38,upi,bank_error,31,2574.71,0,0
28,20,1171.65,0.62,1,37,netbanking,bank_error,33,2070.79,0,0
39,34,1851.51,0.47,2,83,card,card_declined,12,9523.91,0,0
50,12,152.36,0.43,1,32,card,bank_error,22,1242.19,1,0
53,33,833.74,0.64,2,56,card,network_error,4,5255.17,1,1
62,24,842.03,0.46,1,43,upi,card_declined,29,4568.71,0,0
40,20,1137.79,0.46,3,67,card,card_declined,32,6753.97,1,0
62,5,1117.38,0.64,0,27,upi,insufficient_funds,22,4123.06,0,1
62,38,1286.47,0.7,1,51,card,bank_error,43,9332.52,0,0
51,30,1166.98,0.51,3,48,netbanking,insufficient_funds,42,4859.04,2,0
26,24,795.4,0.81,3,72,wallet,insufficient_funds,8,4406.52,1,0
41,43,829.08,0.65,0,53,card,expired_card,16,1436.56,0,1
25,40,1056.83,0.46,0,83,upi,card_declined,44,6237.53,0,0
24,7,1561.26,0.78,0,48,netbanking,card_declined,35,6967.42,1,1
53,36,1163.94,0.61,3,10,card,card_declined,45,4967.31,2,0
35,38,632.94,0.43,0,9,card,card_declined,10,6557.11,1,1
20,16,609.91,0.97,3,86,upi,insufficient_funds,20,3540.7,4,0
45,52,1567.01,0.74,1,46,upi,bank_error,35,931.73,1,1
23,15,1863.43,0.69,1,10,upi,network_error,11,3660.73,3,1
61,46,2320.9,0.92,4,36,wallet,insufficient_funds,22,2796.04,0,0
61,23,777.71,0.96,2,10,wallet,insufficient_funds,11,6125.47,1,1
38,12,294.6,0.53,0,27,netbanking,card_declined,10,2065.87,2,0
45,29,1432.46,0.89,3,79,card,card_declined,14,11717.18,2,1
57,44,664.52,0.9,3,19,card,bank_error,17,6989.88,1,1
18,48,1020.08,0.43,0,11,netbanking,insufficient_funds,17,8607.22,3,1
53,15,1216.53,0.83,1,32,upi,bank_error,37,4311.19,1,1
38,29,1615.75,0.44,1,20,card,expired_card,40,5750.03,1,0
60,45,2049.27,0.76,3,46,card,card_declined,9,7091.18,0,0
52,43,2486.78,0.8,2,60,netbanking,bank_error,29,2670.96,2,1
30,49,2761.48,0.62,2,79,card,bank_error,27,6908.97,1,0
66,21,1179.48,0.93,1,68,wallet,expired_card,44,1951.96,0,0
27,15,336.28,0.88,1,17,upi,insufficient_funds,28,16043.31,0,1
61,14,715.74,0.96,1,65,upi,insufficient_funds,22,3482.96,0,0
64,42,2938.6,0.59,3,57,card,network_error,13,5693.98,1,0
27,44,1216.98,0.41,2,19,upi,insufficient_funds,16,3020.41,1,0
63,16,5038.49,0.89,1,5,upi,network_error,44,2001.65,1,1
30,15,841.1,0.53,3,82,card,network_error,4,13911.74,2,0
54,42,5535.87,0.68,0,81,upi,network_error,7,6090.16,0,0
55,4,1095.48,0.89,1,55,upi,network_error,14,776.1,1,1
41,27,817.44,0.53,1,4,card,card_declined,5,1445.09,0,0
19,23,666.36,0.59,0,52,netbanking,insufficient_funds,7,4436.9,2,0
39,29,1740.45,0.66,2,19,netbanking,card_declined,10,8009.12,0,0
34,41,407.83,0.56,4,31,card,card_declined,18,4867.17,0,0
53,53,746.33,0.68,0,3,netbanking,insufficient_funds,3,6517.15,0,1
31,52,1057.0,0.41,0,67,upi,insufficient_funds,13,1992.06,2,1
27,9,225.77,0.53,4,29,upi,insufficient_funds,13,22511.78,0,0
52,53,1024.33,0.9,3,53,card,network_error,28,4036.4,0,1
42,57,3656.81,0.65,2,8,card,card_declined,16,6495.33,0,0
20,56,1483.81,0.78,4,5,upi,insufficient_funds,19,1896.07,0,0
64,52,691.85,0.54,0,64,card,network_error,24,4471.59,0,1
55,43,784.85,0.79,1,27,card,card_declined,41,15153.57,0,1
34,43,1388.53,1.0,4,33,card,network_error,17,6944.86,2,0
29,7,766.99,0.76,3,58,upi,bank_error,27,1836.04,1,0
69,53,1522.32,0.78,2,62,upi,card_declined,18,10363.44,0,0
41,42,751.99,0.47,2,82,wallet,card_declined,8,2215.46,1,0
46,4,535.39,0.64,1,88,card,network_error,34,666.79,1,1
60,5,2506.28,0.92,2,26,card,bank_error,25,5094.59,0,1
42,5,1801.42,0.9,4,14,upi,card_declined,6,1060.94,0,0
53,11,292.39,0.71,3,89,card,insufficient_funds,26,6019.68,0,0
43,41,866.27,0.94,2,32,upi,bank_error,41,835.51,0,1
55,28,2275.73,0.49,0,41,card,card_declined,18,2852.04,0,0
18,16,976.23,0.79,2,14,upi,card_declined,9,14161.86,0,0
37,41,730.42,0.55,2,48,upi,card_declined,29,9908.01,0,0
45,54,918.94,0.79,3,48,upi,insufficient_funds,35,8725.99,0,0
33,30,1185.17,0.45,1,86,card,expired_card,36,8424.02,0,0
64,4,967.05,0.97,1,38,upi,network_error,27,13142.33,2,1
34,2,1034.97,0.87,3,7,netbanking,bank_error,40,1410.58,1,0
57,46,987.37,0.52,0,33,card,insufficient_funds,7,29801.19,1,1
45,3,554.72,0.78,3,24,netbanking,network_error,26,5329.12,0,1
29,50,535.07,0.86,0,26,card,card_declined,47,2011.82,1,0
44,21,511.34,0.53,3,50,upi,bank_error,47,3220.8,0,0
59,6,1169.17,0.46,3,42,card,insufficient_funds,8,2644.09,0,0
64,43,1649.02,0.61,0,13,upi,expired_card,37,15520.8,1,1
47,53,567.41,0.48,0,31,card,network_error,18,10249.42,1,1
58,18,383.72,0.74,0,23,upi,network_error,44,11174.61,2,0
51,44,595.9,0.65,2,37,wallet,bank_error,29,12372.0,1,0
54,5,2926.85,0.68,1,59,upi,network_error,26,11774.65,2,0
23,9,880.79,0.73,2,58,netbanking,expired_card,29,4907.33,1,0
24,20,944.01,0.99,1,16,upi,network_error,37,8770.65,1,1
49,28,627.41,0.88,3,39,card,insufficient_funds,22,12700.7,0,0
49,26,1636.3,0.78,2,72,card,insufficient_funds,42,9084.55,0,0
42,18,1005.93,0.62,1,82,card,card_declined,16,4828.07,0,0
50,19,659.41,0.42,2,9,upi,network_error,3,6082.25,2,1
24,3,532.92,0.47,1,64,upi,insufficient_funds,37,8155.73,1,0
69,9,1428.66,0.84,0,22,card,expired_card,23,1527.26,2,0
29,36,1319.21,0.62,2,75,upi,insufficient_funds,12,2403.96,2,0
33,31,460.91,0.6,2,54,card,network_error,33,4370.52,0,0
33,49,2589.36,0.93,3,22,card,insufficient_funds,35,21358.64,1,1
60,17,699.72,0.69,1,14,card,insufficient_funds,41,3274.93,0,0
53,55,231.06,0.94,1,87,upi,card_declined,14,31726.79,2,0
30,23,3197.24,0.93,2,66,wallet,bank_error,24,1690.38,2,1
24,34,1020.68,0.45,2,79,card,insufficient_funds,26,5195.22,0,0
53,41,1486.43,0.97,3,50,upi,insufficient_funds,10,21803.65,1,0
64,41,3535.47,0.45,1,5,netbanking,bank_error,44,6191.69,1,1
68,5,543.57,0.98,0,17,card,card_declined,5,3026.73,0,1
26,15,1533.85,0.67,1,1,wallet,network_error,23,8074.26,0,0
49,47,2496.71,0.86,2,14,card,bank_error,18,2433.06,1,1
28,3,570.12,0.82,1,55,wallet,expired_card,11,6567.67,2,0
25,19,3048.67,0.71,3,17,card,expired_card,8,1077.09,3,0
50,28,408.95,0.77,2,9,upi,card_declined,33,4352.45,1,1
40,3,1025.82,0.97,1,12,upi,network_error,6,3838.32,1,1
42,38,516.6,0.96,1,66,card,bank_error,45,5104.6,0,1
25,4,1784.85,0.79,0,15,card,bank_error,15,9339.04,2,1
62,24,557.92,0.79,0,34,card,network_error,3,7244.75,0,1
39,31,711.86,0.55,4,37,card,insufficient_funds,13,3971.19,1,0
21,45,592.72,0.9,0,53,upi,bank_error,17,7755.91,0,0
57,59,472.79,0.78,2,41,netbanking,insufficient_funds,26,25046.4,0,1
20,45,641.06,0.9,1,78,card,card_declined,11,1495.43,1,0
46,59,1062.38,0.79,4,4,card,insufficient_funds,44,3117.96,0,1
58,11,1022.34,0.58,0,8,card,insufficient_funds,35,18740.55,0,1
46,37,942.44,0.51,2,87,card,expired_card,6,2043.59,0,0
51,1,687.75,0.45,2,71,wallet,insufficient_funds,39,1607.07,1,0
51,9,854.72,0.75,1,17,card,insufficient_funds,28,1739.78,1,0
45,17,361.44,0.57,1,22,card,insufficient_funds,31,3046.26,0,0
30,54,672.3,0.78,2,8,card,card_declined,35,5148.62,1,0
32,1,938.95,0.44,1,22,card,network_error,20,1449.08,1,0
40,3,1347.56,0.63,0,40,card,network_error,19,9494.55,1,1
61,47,1237.17,0.56,0,22,card,expired_card,13,13816.76,0,0
43,26,464.25,0.62,3,5,card,expired_card,4,4793.79,1,0
21,53,1479.49,0.43,0,9,upi,insufficient_funds,6,2880.15,3,0
43,31,1194.61,0.83,1,60,upi,network_error,47,10405.45,0,0
57,26,3005.25,0.47,4,20,upi,network_error,44,4398.03,1,0
26,23,385.26,0.41,0,86,card,insufficient_funds,43,3259.02,1,0
22,30,996.72,0.97,1,34,card,card_declined,10,4271.97,3,0
49,10,2257.28,0.52,1,36,card,insufficient_funds,42,2229.01,0,0
37,8,891.14,0.9,0,83,card,insufficient_funds,39,3257.65,0,0
67,44,578.58,0.98,0,71,card,card_declined,5,10569.4,0,1
28,25,619.4,0.72,2,38,netbanking,insufficient_funds,44,9914.19,1,0
32,22,1899.51,0.72,1,67,card,insufficient_funds,31,7023.63,2,1
49,15,371.05,0.62,3,32,card,insufficient_funds,35,12465.71,2,0
45,59,868.47,0.66,4,46,upi,insufficient_funds,31,8580.21,0,0
39,41,593.92,0.69,0,25,upi,insufficient_funds,42,12608.49,1,1
58,56,626.0,0.49,0,64,upi,network_error,42,4221.62,1,0
34,57,1493.86,0.62,1,33,card,insufficient_funds,30,13418.68,0,0
43,10,831.55,0.89,0,47,upi,bank_error,38,11986.74,1,1
61,20,1290.94,0.51,3,69,upi,bank_error,15,10473.59,1,1
24,41,459.71,0.84,0,29,card,network_error,12,4098.38,1,0
59,47,1960.45,0.79,2,59,wallet,insufficient_funds,38,2170.48,0,1
43,23,1272.67,0.43,0,31,upi,bank_error,20,3714.4,0,0
42,53,2608.7,0.41,0,26,upi,card_declined,17,2444.83,0,1
27,53,824.79,0.61,2,63,upi,insufficient_funds,45,1319.53,0,0
62,1,1502.21,0.82,2,58,netbanking,expired_card,7,3844.31,1,0
36,2,1897.66,0.6,1,85,upi,card_declined,8,5711.44,1,0
28,58,1481.67,0.8,3,49,wallet,card_declined,29,5605.53,0,1
30,19,3599.15,0.8,4,65,card,expired_card,20,27117.86,0,0
25,14,342.32,0.88,1,59,netbanking,insufficient_funds,32,2351.48,1,0
57,8,1239.24,0.46,1,62,upi,insufficient_funds,40,1355.54,0,0
21,38,825.43,0.75,1,68,upi,bank_error,44,9458.07,1,1
64,12,784.95,0.44,4,47,card,expired_card,10,17703.16,1,0
48,26,3119.64,0.51,1,22,card,insufficient_funds,13,8478.18,0,1
45,27,710.42,0.6,3,80,netbanking,network_error,18,6578.61,1,0
28,29,1992.17,0.82,0,64,card,insufficient_funds,26,6350.4,1,1
60,15,524.34,0.98,4,46,upi,bank_error,43,1974.21,0,0
18,46,2238.72,0.61,0,59,wallet,card_declined,36,12272.56,1,0
66,53,1079.53,0.71,1,32,card,bank_error,12,7118.42,3,0
64,1,899.71,0.56,0,85,card,bank_error,46,2260.82,1,0
69,43,374.01,0.81,2,37,card,bank_error,9,1789.78,1,1
55,28,901.02,0.62,5,67,card,insufficient_funds,3,6953.96,0,0
41,57,678.08,0.69,0,52,upi,bank_error,19,2478.15,2,0
64,3,3727.02,0.74,1,43,card,insufficient_funds,39,4884.7,0,0
48,51,1137.02,0.81,0,34,upi,card_declined,38,6698.83,4,1
58,18,722.31,0.44,1,61,wallet,insufficient_funds,38,2454.98,2,0
63,52,701.21,0.73,1,71,card,network_error,24,7716.09,1,1
67,34,423.3,0.66,1,67,netbanking,network_error,27,5364.43,2,0
43,32,3183.05,0.48,1,45,card,expired_card,43,5781.41,0,0
66,29,2642.27,0.52,1,41,card,bank_error,10,2875.09,1,0
67,25,1046.45,0.93,0,52,card,card_declined,12,3624.99,1,1
22,26,5041.92,0.92,2,66,card,card_declined,42,22865.27,0,0
37,39,1086.62,0.42,0,12,upi,network_error,18,15457.97,1,0
69,8,2362.57,0.81,3,15,upi,network_error,37,1602.05,0,0
58,19,1629.96,0.73,0,16,upi,card_declined,44,9224.9,0,0
28,54,733.52,0.96,1,3,card,bank_error,47,2468.26,1,1
50,47,1245.95,0.94,4,27,upi,insufficient_funds,39,4129.27,1,0
67,42,1423.55,0.75,1,23,card,expired_card,1,1725.71,1,0
55,22,440.1,0.48,2,64,upi,insufficient_funds,36,3829.64,0,0
44,29,1341.55,0.68,2,33,card,card_declined,23,3722.41,0,0
51,33,2437.34,0.84,1,48,card,bank_error,5,2141.55,1,0
32,38,675.82,0.97,3,88,upi,card_declined,12,2580.28,1,1
49,45,946.44,0.62,1,55,netbanking,bank_error,16,3780.09,3,1
38,46,504.35,0.87,0,27,netbanking,card_declined,5,7750.73,2,0
63,35,782.15,0.81,2,47,upi,expired_card,16,3523.49,1,0
22,43,825.8,0.45,1,31,netbanking,expired_card,3,7017.08,1,0
23,3,3310.03,0.73,2,79,upi,insufficient_funds,40,1088.58,3,0
55,19,878.28,0.51,1,35,upi,bank_error,17,2986.19,2,0
39,10,756.55,0.81,0,36,upi,insufficient_funds,11,3163.79,2,0
35,27,1026.83,0.77,3,24,netbanking,network_error,46,5558.72,0,1
31,15,331.83,0.98,1,17,upi,bank_error,35,6690.12,0,0
27,11,210.38,0.96,2,45,wallet,insufficient_funds,36,2573.57,2,0
63,47,416.76,0.41,0,62,card,card_declined,19,8797.49,0,0
30,26,1375.91,0.45,1,1,wallet,insufficient_funds,12,8562.68,0,0
48,59,1094.58,0.86,5,20,card,insufficient_funds,41,7468.49,0,1
47,24,2015.0,0.81,0,70,upi,insufficient_funds,2,3111.66,2,1
20,13,378.32,0.88,3,69,upi,bank_error,27,1839.24,0,0
47,32,950.66,0.56,2,64,netbanking,card_declined,28,9225.94,1,0
23,37,359.86,0.91,1,70,card,insufficient_funds,30,5778.06,0,1
46,4,1322.3,0.67,2,50,wallet,bank_error,37,5131.55,1,1
25,13,418.0,0.56,0,53,card,card_declined,10,3461.37,0,0
61,9,924.86,0.41,0,38,card,expired_card,35,4111.94,2,0
62,57,1267.09,0.92,1,52,netbanking,card_declined,19,2084.75,1,0
60,49,833.94,0.72,1,61,netbanking,network_error,18,15799.36,0,1
61,34,225.12,0.99,0,74,upi,insufficient_funds,37,5638.2,0,0
50,56,3510.92,0.83,2,25,netbanking,network_error,3,6283.94,1,1
34,37,774.21,0.45,2,29,card,bank_error,18,527.26,1,0
65,48,355.44,0.75,4,35,card,insufficient_funds,21,2663.58,3,0
28,7,1868.4,0.41,0,47,wallet,card_declined,14,5709.75,2,0
30,1,1917.92,0.73,1,57,upi,bank_error,35,4158.73,2,1
67,58,887.56,0.61,0,32,wallet,insufficient_funds,40,3108.73,0,1
28,12,3214.33,0.79,1,46,wallet,insufficient_funds,40,4884.84,0,0
48,21,652.96,0.72,1,36,upi,insufficient_funds,39,2784.93,1,0
45,11,1240.11,0.56,1,71,upi,insufficient_funds,42,4475.1,0,0
61,44,1568.01,0.5,1,10,card,card_declined,22,3084.45,0,0
23,51,3164.65,0.64,0,46,card,insufficient_funds,41,11140.62,0,0
58,58,281.37,0.99,3,26,upi,insufficient_funds,35,3166.76,1,0
33,44,5454.87,0.66,2,48,netbanking,bank_error,9,4271.5,1,0
21,44,2494.17,0.85,2,48,upi,expired_card,16,3403.85,1,1
52,14,1502.1,0.43,1,13,card,card_declined,19,4929.74,1,0
65,34,626.56,0.63,1,30,card,card_declined,3,35966.24,0,0
43,34,590.77,0.75,1,70,card,bank_error,30,23367.97,0,0
29,25,1341.42,0.85,1,66,upi,bank_error,24,11619.48,3,1
28,4,1549.46,0.72,1,7,upi,bank_error,1,7827.18,0,0
54,52,1415.74,0.71,0,56,upi,bank_error,10,3956.62,0,0
42,55,1226.39,0.86,0,30,upi,network_error,31,5726.05,0,0
35,26,1483.82,0.59,2,55,card,card_declined,40,5152.27,1,0
36,16,237.48,0.45,3,89,netbanking,bank_error,40,7161.89,0,0
40,10,910.26,0.61,2,33,card,expired_card,22,2612.31,1,0
55,45,416.44,0.5,1,42,upi,expired_card,23,2696.08,0,0
35,2,1065.95,0.98,1,6,card,expired_card,22,2952.29,1,1
43,35,2736.75,0.75,1,8,card,network_error,43,2418.37,0,0
23,19,580.52,0.67,3,73,card,network_error,1,3232.41,1,0
21,6,667.47,0.95,2,75,wallet,card_declined,5,8328.13,2,0
61,19,605.07,0.94,3,88,card,insufficient_funds,26,5057.96,1,0
68,59,664.39,0.65,1,70,card,card_declined,17,5183.1,1,0
46,53,1616.21,0.92,4,40,card,card_declined,34,9380.05,3,0
51,52,1902.72,0.44,2,56,netbanking,bank_error,31,2595.52,2,0
34,51,3066.95,0.93,0,80,card,card_declined,34,8161.03,2,1
60,8,542.62,0.59,4,17,card,bank_error,14,16099.76,0,0
60,14,1770.04,0.74,2,88,card,card_declined,12,6259.03,1,0
33,10,1988.74,0.56,1,7,wallet,bank_error,36,2109.39,0,0
19,3,3488.78,0.99,0,40,wallet,insufficient_funds,15,2932.91,0,0
51,38,571.73,0.44,2,58,upi,card_declined,3,2169.27,0,0
25,29,269.75,0.67,0,62,upi,card_declined,9,2285.3,1,0
30,15,903.1,0.77,1,74,card,insufficient_funds,10,4112.53,0,0
59,23,7832.85,0.77,1,54,card,insufficient_funds,5,4475.18,1,0
25,23,509.44,0.84,1,9,upi,network_error,2,1818.83,0,1
47,18,1542.02,0.83,1,51,card,card_declined,26,4896.97,1,0
49,46,232.39,0.88,1,10,card,bank_error,6,4991.95,0,1
53,19,3906.46,0.54,1,49,wallet,expired_card,45,5017.25,3,0
64,28,294.49,0.62,0,30,card,card_declined,6,13155.81,0,0
47,26,205.66,0.63,1,9,card,network_error,5,2932.06,1,1
18,10,1175.22,0.97,2,46,upi,insufficient_funds,46,1269.42,0,0
60,47,1191.37,0.65,1,26,card,network_error,28,4869.6,0,1
56,4,2961.65,0.53,2,64,upi,network_error,19,10862.11,1,0
34,55,1987.48,0.78,0,34,card,insufficient_funds,24,1061.64,1,1
37,2,270.32,0.66,2,27,card,network_error,37,4430.38,0,1
41,3,986.03,0.55,0,84,upi,card_declined,26,4854.24,2,0
67,7,673.2,0.83,0,88,card,card_declined,15,2839.18,2,1
39,55,430.72,0.52,0,27,upi,expired_card,41,1345.65,1,0
46,16,1485.6,0.78,3,41,wallet,card_declined,16,18880.46,0,0
39,31,2275.8,0.66,1,83,card,insufficient_funds,31,4058.25,1,0
61,10,624.09,0.59,1,18,upi,insufficient_funds,44,2386.37,0,0
26,19,868.71,0.97,2,50,card,expired_card,46,11996.28,0,1
54,28,910.2,0.59,4,43,netbanking,insufficient_funds,29,1665.44,2,0
27,17,690.38,0.61,3,41,netbanking,bank_error,22,2700.34,0,0
53,28,813.08,0.92,3,76,upi,network_error,39,1352.45,1,1
54,19,690.07,0.48,0,18,card,expired_card,19,2056.95,0,0
45,37,1196.61,0.46,4,61,card,card_declined,6,2511.08,0,0
45,23,727.41,0.57,4,72,card,insufficient_funds,35,6628.41,0,0
59,20,1478.77,0.75,1,53,wallet,bank_error,43,10255.67,0,1
60,13,725.55,0.63,1,80,upi,insufficient_funds,36,10697.06,0,0
38,13,1724.54,0.77,0,53,card,insufficient_funds,15,3653.15,1,1
41,43,714.67,0.5,2,13,card,insufficient_funds,37,11976.11,1,0
59,11,1675.75,0.56,2,26,card,card_declined,43,1744.63,0,0
57,48,605.46,0.74,2,56,upi,insufficient_funds,17,15032.86,0,0
19,15,2038.06,0.53,1,85,upi,bank_error,8,4605.63,0,0
25,17,315.89,0.65,2,61,card,insufficient_funds,13,10224.94,2,0
65,54,1092.15,0.74,1,50,card,bank_error,16,6642.27,0,1
44,50,737.3,0.98,2,21,card,card_declined,5,5267.14,1,1
39,28,1061.75,0.45,2,8,card,bank_error,24,10702.93,1,0
54,19,478.09,0.68,0,70,wallet,expired_card,26,3430.72,1,0
44,4,956.98,0.64,1,64,upi,insufficient_funds,19,10719.37,2,0
46,22,504.44,0.89,1,50,wallet,network_error,3,3956.72,3,0
20,22,928.23,0.94,1,2,card,card_declined,8,54854.34,1,1
61,55,869.74,0.94,4,72,netbanking,bank_error,26,1839.18,0,0
30,37,1381.53,0.63,0,70,card,bank_error,46,7232.02,1,0
62,39,1148.33,0.58,2,6,upi,insufficient_funds,40,6371.31,1,1
27,34,4083.92,0.67,5,22,card,card_declined,31,10040.75,2,0
53,33,767.43,0.61,1,89,upi,network_error,29,2526.45,0,0
26,44,999.4,0.83,2,46,upi,card_declined,31,3503.74,0,1
44,42,10188.5,0.53,3,61,upi,insufficient_funds,19,2212.25,0,0
51,40,937.78,0.8,2,35,netbanking,insufficient_funds,47,6818.65,0,0
68,33,2137.21,0.96,1,62,upi,bank_error,20,14771.67,3,0
18,12,1641.86,0.57,3,69,wallet,insufficient_funds,45,4642.57,1,0
49,2,5621.45,0.81,0,86,card,insufficient_funds,22,9403.2,1,0
42,59,402.84,0.49,3,57,upi,insufficient_funds,29,50393.14,3,0
46,28,371.96,0.47,1,25,upi,card_declined,45,4996.16,3,0
24,10,501.44,0.47,2,82,upi,network_error,11,748.61,0,0
66,22,1237.62,0.48,1,73,card,card_declined,1,5796.93,0,0
20,17,543.28,0.53,3,25,card,card_declined,9,11829.28,0,0
37,26,246.31,0.74,1,33,netbanking,expired_card,18,2236.7,0,0
37,3,574.18,0.86,0,8,upi,bank_error,1,2824.44,0,0
47,7,1419.43,0.48,2,13,upi,insufficient_funds,5,2297.94,0,1
52,44,582.59,0.92,2,61,card,insufficient_funds,47,7662.48,0,0
52,8,2439.84,0.91,2,8,card,card_declined,12,2873.15,1,1
66,20,498.81,0.84,2,27,card,bank_error,28,17572.44,0,0
56,12,1107.54,0.66,0,54,upi,card_declined,24,9951.04,2,0
44,35,834.1,0.4,3,3,card,insufficient_funds,37,23090.47,1,1
43,17,1251.3,0.84,0,33,netbanking,insufficient_funds,30,6987.03,3,0
31,28,1342.38,0.93,1,28,wallet,bank_error,19,10646.05,1,1
34,41,3326.37,0.6,1,85,upi,card_declined,39,9330.1,0,0
35,10,1777.37,0.83,1,52,card,insufficient_funds,40,2741.69,0,0
62,22,816.86,0.44,1,29,card,network_error,21,10088.65,0,1
69,38,1684.13,0.83,2,61,upi,bank_error,23,9358.04,2,1
46,57,1854.14,0.44,4,73,card,card_declined,3,2324.82,0,0
37,33,4589.27,0.75,0,61,upi,expired_card,9,1040.79,1,0
44,22,982.41,0.76,3,22,wallet,card_declined,14,5155.69,1,0
35,44,1034.8,0.58,1,72,card,network_error,31,5915.79,0,1
21,37,2747.95,0.45,1,57,upi,network_error,6,2142.98,0,0
18,13,270.71,0.97,2,45,wallet,bank_error,1,6953.3,0,0
67,27,950.28,0.72,1,81,card,card_declined,11,6194.91,1,0
18,15,1782.97,0.75,0,87,upi,expired_card,44,6849.65,1,0
43,22,2282.55,0.77,2,30,upi,network_error,21,2793.42,0,1
62,30,233.56,0.93,5,79,wallet,bank_error,18,6398.44,1,0
37,43,429.75,0.44,2,14,netbanking,network_error,24,7905.41,1,0
69,40,191.54,0.94,3,89,upi,card_declined,6,13663.3,0,0
40,37,2020.41,0.54,1,80,upi,insufficient_funds,47,1324.42,1,0
27,34,1265.37,0.45,1,48,card,bank_error,34,64319.6,4,1
28,44,2961.08,0.79,2,18,upi,bank_error,8,15375.91,0,0
58,34,1119.25,0.99,2,32,card,card_declined,17,6228.03,1,0
58,58,5264.22,0.43,1,38,card,insufficient_funds,31,7008.13,1,0
22,48,566.73,0.66,2,53,upi,network_error,30,1397.53,0,1
18,53,848.1,0.72,3,15,upi,insufficient_funds,44,4014.03,3,0
34,35,1464.08,0.55,3,37,card,insufficient_funds,30,10669.79,0,1
39,42,665.86,0.99,0,49,card,insufficient_funds,2,3776.53,3,1
51,19,1468.53,0.78,1,33,upi,network_error,29,3097.68,0,0
62,8,1014.9,0.91,1,13,card,bank_error,16,4859.3,1,0
58,39,974.33,0.65,1,71,card,insufficient_funds,5,6310.09,1,0
46,33,1004.56,0.61,0,64,card,bank_error,6,3056.05,0,0
21,44,1796.83,0.73,0,19,upi,network_error,18,5588.54,0,0
22,28,862.62,0.66,1,85,upi,bank_error,13,6811.93,1,0
28,37,500.72,0.83,0,56,card,insufficient_funds,35,2643.4,1,1
68,48,1149.43,0.56,0,37,wallet,card_declined,4,2185.09,0,0
38,25,703.63,0.67,3,58,upi,card_declined,8,5499.4,0,0
52,36,544.87,0.94,0,9,upi,card_declined,33,5037.68,0,1
29,17,326.46,0.85,2,4,card,bank_error,11,2929.02,0,0
43,24,2104.41,0.5,0,71,netbanking,bank_error,7,5944.46,3,0
68,21,1743.67,0.93,1,13,card,expired_card,25,7585.67,1,0
36,2,2937.13,0.75,1,63,upi,insufficient_funds,19,2523.33,1,0
62,31,1098.77,0.81,1,63,card,card_declined,3,3950.89,0,0
24,44,2333.18,0.58,1,61,card,insufficient_funds,42,5571.95,2,0
64,33,566.47,0.66,0,36,wallet,expired_card,36,13392.16,2,0
24,30,288.39,0.88,2,8,upi,card_declined,1,6280.82,3,1
43,12,647.97,0.6,5,27,card,bank_error,39,7974.48,0,0
57,44,949.41,0.5,1,26,upi,card_declined,42,2373.96,0,1
22,12,1411.37,0.63,0,45,wallet,insufficient_funds,35,20159.79,0,0
38,51,2688.12,0.44,1,42,card,bank_error,11,2213.62,0,0
31,57,1373.97,0.83,3,14,card,expired_card,46,8580.47,1,0
21,49,5325.05,0.49,3,84,netbanking,network_error,28,5303.85,0,0
40,52,1192.58,0.57,1,72,upi,bank_error,7,3486.33,1,0
59,24,1176.75,0.93,2,52,netbanking,bank_error,14,3265.59,1,1
37,24,1389.56,0.72,0,69,upi,bank_error,21,7652.64,0,1
32,58,1429.77,0.59,3,53,upi,bank_error,6,2411.35,0,0
67,11,1415.46,0.73,1,51,card,insufficient_funds,36,3748.14,1,1
69,13,462.86,0.53,1,77,card,card_declined,33,1793.08,1,0
62,27,1991.28,0.42,3,2,upi,expired_card,7,3744.11,0,0
46,8,6335.85,0.76,2,48,card,card_declined,31,7887.41,0,0
25,10,591.06,0.83,2,78,upi,network_error,27,5375.16,1,1
58,8,1065.43,0.93,0,49,card,bank_error,23,1912.13,2,1
65,20,419.49,0.86,0,59,upi,insufficient_funds,1,4712.43,1,1
36,8,1856.31,0.96,2,67,card,card_declined,41,27685.0,1,0
65,9,1855.06,0.99,0,80,upi,network_error,26,1650.3,0,0
56,7,382.67,0.85,2,9,upi,card_declined,36,5796.92,0,0
63,14,437.59,0.92,0,2,upi,card_declined,35,10867.14,2,1
45,28,255.4,0.8,2,75,card,expired_card,47,1766.47,3,0
63,2,3292.05,0.5,0,88,card,bank_error,3,3242.47,0,0
44,57,609.66,0.51,1,43,card,network_error,20,12282.23,1,1
21,43,998.3,0.47,1,14,upi,card_declined,42,2370.98,1,0
32,8,848.39,0.97,1,40,upi,expired_card,21,8141.49,1,1
52,13,2190.56,0.8,1,55,upi,bank_error,30,8635.53,0,0
54,21,1740.9,0.87,1,59,card,insufficient_funds,38,2690.46,1,0
18,47,1677.02,0.6,1,86,upi,network_error,42,4933.55,2,1
20,28,621.14,0.68,5,47,upi,network_error,30,29987.53,0,0
64,35,1766.69,0.42,1,34,upi,network_error,26,3202.41,0,0
41,23,2100.45,0.93,2,36,card,insufficient_funds,6,14454.02,0,0
44,46,1730.54,0.91,4,33,upi,bank_error,23,8434.66,0,1
57,15,444.81,0.87,0,63,card,insufficient_funds,7,5303.16,0,1
53,2,497.29,0.43,4,18,card,card_declined,29,6115.73,3,1
51,51,3699.62,0.5,2,22,card,insufficient_funds,44,10890.06,1,0
46,12,4275.95,0.6,1,89,netbanking,expired_card,20,2956.04,0,0
41,57,1044.21,0.56,3,5,upi,network_error,11,4802.66,1,1
41,52,1043.26,0.9,0,32,card,insufficient_funds,6,737.78,1,0
59,36,1224.38,0.52,2,49,netbanking,insufficient_funds,20,25931.72,1,0
21,3,1644.68,0.72,0,36,upi,card_declined,27,4346.51,0,0
20,5,399.51,0.74,2,73,card,expired_card,30,8573.18,1,0
51,3,1288.58,0.66,2,14,wallet,bank_error,16,8833.14,0,0
66,57,532.97,0.54,2,64,card,card_declined,33,5837.1,1,1
40,47,1081.2,0.98,3,32,card,card_declined,15,3330.8,0,0
69,19,590.71,0.65,0,9,upi,card_declined,32,1888.7,2,0
40,2,696.59,0.84,1,87,upi,network_error,21,1616.13,1,0
62,44,1245.27,0.51,2,48,card,network_error,35,2451.55,1,1
22,37,711.86,0.89,3,52,netbanking,card_declined,40,6820.53,0,0
48,54,508.16,0.53,2,9,upi,card_declined,1,9478.17,2,0
58,17,3033.45,0.81,1,85,wallet,bank_error,26,3860.45,0,0
23,14,513.28,0.7,0,32,card,bank_error,36,5200.35,2,0
54,28,217.6,0.49,4,10,upi,bank_error,27,4752.95,1,0
27,27,1632.94,0.41,3,86,card,card_declined,17,2639.2,0,0
57,54,895.36,0.96,1,69,card,insufficient_funds,15,8224.29,2,0
24,10,1074.34,0.48,3,11,card,network_error,47,9834.94,1,0
56,3,1225.04,0.82,1,58,card,expired_card,22,584.9,1,1
55,36,2669.0,0.79,2,28,card,bank_error,26,13119.2,0,0
38,38,4042.66,0.61,2,88,card,insufficient_funds,9,2857.29,1,0
37,56,1309.51,0.51,3,34,card,bank_error,33,11199.17,2,0
20,25,481.54,0.51,0,53,upi,card_declined,11,6685.6,0,0
68,22,1214.61,0.75,1,40,card,card_declined,19,5835.36,1,1
39,48,1656.44,0.73,1,64,upi,insufficient_funds,21,3648.74,1,0
64,39,2213.98,0.93,1,10,upi,bank_error,42,1742.39,1,1
21,47,1207.26,0.78,0,26,card,card_declined,2,1596.98,0,0
45,30,740.72,0.89,0,43,card,network_error,11,1001.03,0,0
29,21,581.29,0.42,3,71,upi,card_declined,4,5443.85,0,0
55,30,1010.71,0.8,0,44,upi,insufficient_funds,8,3999.92,0,1
68,28,383.48,0.54,0,71,card,expired_card,47,10559.72,0,0
53,31,1445.29,0.55,1,57,wallet,insufficient_funds,9,6383.25,1,0
64,57,1241.56,0.83,1,48,upi,expired_card,40,5115.79,1,0
58,52,1237.24,0.88,5,79,card,card_declined,42,2758.94,0,0
22,26,1812.28,0.62,0,62,netbanking,insufficient_funds,42,8030.1,0,0
30,43,3028.07,0.87,0,61,netbanking,expired_card,1,2158.89,0,0
40,22,1043.88,0.67,2,67,upi,bank_error,25,4474.33,2,1
67,21,1157.31,0.91,2,45,netbanking,insufficient_funds,5,16289.45,0,0
47,1,846.61,0.41,0,61,card,network_error,14,7185.98,0,0
54,37,1613.33,0.45,0,71,wallet,insufficient_funds,34,1779.34,0,0
42,13,1090.8,0.87,0,2,card,bank_error,9,3731.49,0,1
65,21,2461.54,0.77,1,74,upi,bank_error,34,2235.41,0,0
44,46,2425.6,0.74,3,47,card,card_declined,17,7753.86,0,0
68,9,1368.2,0.77,2,67,card,card_declined,35,5534.52,0,1
31,17,1037.19,0.96,0,29,wallet,bank_error,38,12562.75,0,1
65,47,905.72,0.79,1,63,card,card_declined,35,15480.24,1,0
64,21,1534.96,0.79,0,25,netbanking,card_declined,38,2624.28,2,1
53,31,1537.82,0.86,1,4,card,insufficient_funds,47,7530.03,1,1
56,39,905.47,0.92,1,47,upi,network_error,26,2420.38,0,1
33,59,1341.99,0.56,3,69,card,network_error,34,9402.83,2,0
39,54,637.81,0.77,1,63,upi,insufficient_funds,6,7218.99,1,1
38,22,1503.65,0.75,0,6,upi,insufficient_funds,38,6235.38,1,1
38,12,676.46,0.48,2,83,upi,card_declined,5,3909.93,1,0
25,55,1882.63,0.71,1,18,card,card_declined,12,4947.65,0,0
66,6,878.57,0.44,2,36,card,insufficient_funds,14,1281.88,0,0
33,53,3539.32,0.51,0,76,card,insufficient_funds,10,11649.95,0,0
48,16,1127.06,0.95,0,88,netbanking,insufficient_funds,30,854.47,0,0
59,26,1295.4,0.47,2,57,upi,bank_error,11,14397.69,1,0
27,5,411.96,0.75,1,30,upi,insufficient_funds,12,1780.11,0,1
49,9,2935.34,0.59,1,14,card,bank_error,40,11970.56,2,0
51,46,1067.9,0.73,2,39,card,card_declined,27,3544.33,0,1
26,40,3705.8,0.54,0,2,upi,network_error,1,4504.99,0,1
34,14,1134.3,0.67,1,34,card,bank_error,28,3765.96,3,1
28,44,943.99,0.92,0,58,card,card_declined,20,2194.6,0,1
49,42,766.6,0.63,0,84,card,expired_card,24,2496.6,0,0
27,30,1719.05,0.61,2,87,upi,network_error,27,25960.09,0,0
39,52,1578.97,0.67,1,35,upi,bank_error,10,1916.1,3,1
34,52,431.03,0.46,2,34,card,insufficient_funds,27,7492.35,0,1
21,26,736.4,0.63,4,85,card,card_declined,34,2813.4,0,0
65,53,1818.45,0.4,1,8,card,bank_error,42,10139.7,0,1
69,45,698.45,0.7,2,43,card,card_declined,23,5039.62,0,0
64,29,618.98,0.91,1,63,upi,bank_error,16,8601.21,1,0
42,19,1258.12,0.73,2,62,card,bank_error,24,7008.82,1,0
38,47,1165.61,0.76,1,20,upi,card_declined,27,2640.95,3,0
54,8,792.51,0.42,2,52,upi,insufficient_funds,37,3497.62,0,0
55,23,3778.83,0.92,1,84,netbanking,insufficient_funds,12,4250.0,1,0
66,53,988.01,0.63,1,87,card,insufficient_funds,34,3401.82,0,0
18,42,452.37,0.98,1,84,card,card_declined,33,2258.03,0,0
42,35,353.1,0.47,0,46,card,bank_error,34,13283.93,0,1
68,31,2243.37,0.97,1,87,card,card_declined,44,7224.13,5,0
53,53,508.68,0.78,5,4,upi,card_declined,11,3647.73,0,1
34,35,1120.25,0.43,5,62,upi,insufficient_funds,33,2123.06,0,0
58,32,594.79,0.98,3,10,card,network_error,28,4239.96,1,1
41,58,1020.98,0.41,2,40,card,card_declined,11,1519.13,1,0
19,5,1399.11,0.84,0,5,card,expired_card,39,6980.57,1,1
57,16,421.63,0.93,3,18,card,card_declined,31,3429.5,0,0
32,17,797.12,0.51,2,61,netbanking,bank_error,30,3239.12,0,0
49,32,684.36,0.61,4,57,card,expired_card,22,12712.36,1,0
56,38,557.93,0.74,1,63,upi,insufficient_funds,8,3162.57,3,1
23,58,843.06,0.81,1,89,card,insufficient_funds,47,18353.97,1,1
18,32,708.63,0.92,0,81,netbanking,insufficient_funds,3,2216.9,0,0
64,52,2020.48,0.86,5,5,upi,card_declined,19,2291.51,2,0
40,20,664.45,0.62,3,21,card,insufficient_funds,22,3823.83,3,0
56,48,1503.54,0.89,2,19,card,card_declined,38,4890.21,0,0
34,56,1467.15,0.98,0,23,upi,insufficient_funds,3,2591.07,1,0
51,2,383.46,0.54,3,69,card,card_declined,22,16661.16,1,0
58,20,769.71,0.44,4,33,netbanking,insufficient_funds,13,6548.75,2,0
46,47,1015.32,0.66,1,4,upi,card_declined,33,2281.85,0,0
26,18,1320.53,0.93,1,35,upi,bank_error,15,3332.2,0,0
30,1,929.4,0.49,2,59,upi,network_error,5,6360.78,0,0
23,58,2274.1,0.93,2,42,upi,network_error,11,4062.17,2,1
23,29,1180.06,1.0,0,86,upi,expired_card,34,2498.54,0,0
37,29,1497.96,0.43,1,75,card,insufficient_funds,30,10859.15,0,0
69,19,724.5,0.7,1,49,upi,insufficient_funds,3,21213.06,0,0
20,44,1513.31,0.6,0,41,netbanking,bank_error,1,4710.35,0,0
34,40,4253.39,0.64,0,77,netbanking,expired_card,29,6831.87,0,0
66,6,1585.43,0.67,2,78,card,insufficient_funds,22,13201.29,0,0
29,44,2373.48,0.84,0,49,upi,card_declined,30,2769.86,0,1
65,39,894.19,0.75,2,71,card,card_declined,42,20460.62,2,0
64,50,2094.29,0.98,2,80,card,bank_error,32,1892.69,3,1
62,54,2226.3,0.6,3,84,card,network_error,38,6989.26,0,0
18,46,1302.2,0.72,3,46,card,insufficient_funds,43,2733.98,1,0
34,8,1040.73,0.89,0,64,netbanking,card_declined,34,1888.12,0,0
20,24,385.08,0.62,1,50,upi,insufficient_funds,11,2934.66,0,0
43,20,1072.05,0.68,1,43,card,card_declined,46,3558.92,0,0
32,54,1628.89,0.81,2,27,card,insufficient_funds,8,3021.8,1,1
53,14,641.83,0.92,3,34,card,card_declined,15,10655.57,1,0
49,5,450.76,0.65,2,86,upi,network_error,14,5016.67,3,0
49,41,1177.76,0.72,0,63,upi,expired_card,38,8481.34,2,0
21,40,1288.8,0.99,2,67,upi,network_error,46,8466.02,1,0
35,34,427.02,0.43,1,27,wallet,network_error,29,4398.91,1,0
66,16,1128.38,0.67,2,7,card,bank_error,9,1846.01,0,0
36,45,1343.39,0.78,0,23,upi,card_declined,20,9561.22,0,0
60,7,2765.32,0.41,3,66,wallet,insufficient_funds,45,2504.94,1,0
69,16,785.59,0.76,1,88,upi,insufficient_funds,42,16842.4,1,0
52,7,4724.4,0.43,2,2,card,insufficient_funds,15,11103.89,1,0
57,27,1138.79,0.91,1,36,card,insufficient_funds,11,4840.55,0,1
31,14,472.78,0.88,1,58,upi,bank_error,34,734.46,1,0
50,14,870.33,0.42,2,81,upi,insufficient_funds,31,6272.93,0,0
31,44,503.21,0.43,3,11,upi,insufficient_funds,29,24201.09,0,0
51,33,975.48,0.85,1,7,upi,card_declined,25,4161.29,0,1
21,33,1522.22,0.62,0,66,wallet,insufficient_funds,11,2942.39,0,0
41,44,1323.1,0.75,1,79,upi,insufficient_funds,2,4920.41,1,0
46,20,497.16,0.56,2,31,netbanking,card_declined,41,7257.66,3,0
36,53,455.71,0.5,1,46,upi,bank_error,8,10285.43,1,0
23,47,1470.82,0.58,1,70,upi,insufficient_funds,2,4147.53,2,0
50,36,1721.36,0.55,0,53,wallet,insufficient_funds,38,2530.78,1,0
66,7,778.8,0.67,1,68,netbanking,bank_error,2,21529.44,1,0
57,32,185.61,0.85,1,46,upi,insufficient_funds,8,1254.54,2,1
36,48,487.42,0.73,0,37,upi,card_declined,31,10863.37,1,1
18,3,2187.27,0.77,4,76,card,insufficient_funds,33,8133.42,3,0
22,39,653.95,0.68,1,27,upi,expired_card,24,9948.83,0,0
44,29,860.0,0.59,1,25,card,expired_card,25,2820.96,1,1
33,24,1615.4,0.49,1,12,card,insufficient_funds,38,2174.68,0,0
23,22,885.02,0.61,1,60,card,bank_error,1,5536.55,1,1
57,6,2916.66,0.8,1,17,upi,network_error,26,2501.21,0,1
30,48,844.37,0.84,1,50,netbanking,expired_card,46,2250.8,3,0
65,24,600.37,0.68,3,76,card,expired_card,21,3144.27,1,0
52,40,2508.88,0.79,2,9,card,card_declined,23,4778.78,1,0
36,23,1133.95,0.53,4,83,netbanking,expired_card,36,8850.67,2,0
29,54,515.49,0.92,2,29,upi,insufficient_funds,3,2086.16,1,1
33,38,1525.8,0.92,5,25,upi,insufficient_funds,5,21235.83,1,0
60,10,892.45,0.59,1,15,upi,card_declined,29,495.77,0,1
27,16,491.71,0.73,2,9,card,insufficient_funds,27,8940.46,1,0
42,11,1172.13,0.76,1,13,card,bank_error,28,11878.09,2,1
37,32,981.75,0.68,1,47,wallet,bank_error,14,13391.63,1,0
48,45,336.57,0.95,2,44,upi,insufficient_funds,44,4127.52,1,1
21,6,522.42,0.84,1,3,card,card_declined,6,3531.23,0,1
61,24,4047.04,0.8,0,74,card,card_declined,14,21831.8,1,0
40,33,1160.86,0.71,1,18,upi,card_declined,19,1089.52,1,0
19,53,2814.86,0.45,0,10,card,expired_card,1,3078.85,0,0
39,51,1361.27,0.46,2,36,card,card_declined,29,2205.53,0,0
68,12,2607.1,0.58,1,57,card,network_error,40,10424.64,1,1
54,56,1618.13,0.53,3,3,card,network_error,7,4954.33,3,0
25,27,565.42,0.97,2,20,upi,insufficient_funds,20,1444.43,1,0
24,38,1677.03,0.65,2,18,wallet,insufficient_funds,44,2522.56,0,1
31,18,562.87,0.93,1,49,card,insufficient_funds,10,3512.5,2,1
20,45,2101.82,0.89,3,37,card,expired_card,38,7645.23,1,0
67,39,1277.18,0.89,0,20,card,insufficient_funds,6,1531.05,2,0
33,55,1111.14,0.53,1,74,wallet,bank_error,13,20103.92,0,0
36,13,806.76,0.67,0,64,upi,insufficient_funds,13,6134.37,1,0
68,53,1917.75,0.59,2,22,upi,network_error,8,7967.45,2,1
35,40,982.05,0.98,0,21,netbanking,insufficient_funds,31,6350.7,2,0
69,30,288.03,0.93,1,80,upi,bank_error,17,9131.61,0,1
33,53,330.31,0.55,1,35,upi,insufficient_funds,22,984.11,0,1
25,49,451.02,0.59,3,1,wallet,network_error,18,16309.09,1,1
50,41,1898.7,0.72,1,12,upi,bank_error,5,13850.8,0,0
66,52,2002.55,0.57,0,13,card,insufficient_funds,9,7372.42,1,1
29,13,1376.77,0.89,1,8,upi,card_declined,17,23220.03,1,1
28,34,1366.61,0.89,1,31,wallet,card_declined,6,2274.93,0,0
22,36,3017.83,0.83,3,5,wallet,card_declined,5,2402.35,2,1
44,30,1394.09,0.81,1,44,upi,network_error,31,4445.77,0,0
29,25,1714.16,0.73,0,51,upi,card_declined,43,2780.1,1,0
34,2,1088.41,0.61,2,25,netbanking,insufficient_funds,46,5327.7,0,1
23,36,794.14,0.9,0,45,card,expired_card,3,12185.0,2,0
50,18,901.3,0.92,2,13,upi,card_declined,18,6374.01,2,0
22,5,4607.95,0.43,1,35,card,card_declined,47,6307.15,0,0
45,19,512.5,0.64,3,32,upi,bank_error,19,2013.58,1,1
31,42,1366.51,0.42,0,72,card,card_declined,14,4638.19,1,0
22,18,379.64,0.9,3,22,upi,expired_card,19,4395.58,1,0
50,57,715.25,0.51,3,6,card,bank_error,18,3888.42,0,0
67,32,1884.99,0.8,2,49,card,network_error,4,12071.34,1,1
65,21,308.9,0.61,1,11,upi,expired_card,40,6713.41,0,0
58,10,2065.89,0.89,0,71,card,card_declined,36,2199.71,0,1
36,37,4597.56,0.71,1,15,upi,insufficient_funds,44,4928.97,1,0
39,49,1416.03,0.59,1,68,netbanking,network_error,38,10406.76,1,1
22,22,2652.72,0.59,4,40,card,bank_error,41,6373.65,0,0
19,13,1304.57,0.6,2,34,upi,insufficient_funds,3,6309.45,0,0
47,55,1804.0,0.87,0,86,wallet,expired_card,39,2507.98,1,0
64,17,1506.64,0.83,3,30,netbanking,insufficient_funds,14,10391.09,0,0
56,9,767.36,0.59,0,19,wallet,card_declined,20,1942.01,0,0
21,24,720.7,0.69,2,62,netbanking,network_error,15,4517.22,0,1
50,44,2507.45,0.45,5,62,card,card_declined,28,5912.04,1,0
30,14,1064.7,0.9,0,38,card,card_declined,12,8024.71,1,1
37,46,993.03,0.56,1,30,card,insufficient_funds,36,5020.41,1,1
24,8,978.73,0.93,0,32,card,bank_error,38,4483.03,2,1
32,55,1358.97,0.76,0,83,card,network_error,3,1589.7,1,1
40,37,478.25,0.74,1,25,wallet,insufficient_funds,36,3896.16,2,0
31,19,965.36,0.5,0,87,upi,insufficient_funds,5,10272.83,0,0
40,28,1362.93,0.44,3,12,card,insufficient_funds,39,7996.64,1,0
36,46,447.93,0.73,0,9,upi,card_declined,14,4465.36,1,1
46,41,1269.61,0.68,2,37,card,expired_card,17,9653.91,0,0
37,30,585.03,0.47,0,17,card,bank_error,8,7351.36,1,1
46,7,1364.72,0.9,1,35,card,bank_error,38,28264.58,1,0
41,59,4968.92,0.65,2,60,upi,network_error,13,3468.72,2,1
35,58,1007.67,0.56,1,4,upi,network_error,8,4243.28,3,1
27,26,515.41,0.87,2,41,card,card_declined,41,3374.29,1,0
58,40,1294.6,0.95,2,68,upi,card_declined,13,5168.02,1,1
25,46,1528.35,0.58,0,88,card,expired_card,17,2845.47,0,0
43,54,569.16,0.87,1,3,card,insufficient_funds,25,5135.98,2,1
46,46,329.33,0.79,0,9,card,card_declined,11,8785.64,1,1
27,11,570.38,0.99,2,11,card,bank_error,34,17925.87,1,0
34,14,1060.14,0.52,3,61,upi,network_error,45,7407.16,1,0
19,21,797.34,0.98,0,21,upi,card_declined,42,19082.34,1,1
23,8,2331.45,0.59,2,25,card,bank_error,29,2742.01,0,0
22,3,1574.95,0.65,0,85,card,expired_card,12,14362.33,1,0
45,28,1177.78,0.62,1,62,wallet,card_declined,40,4645.0,0,0
58,29,323.28,0.56,3,84,card,network_error,41,944.28,2,0
22,23,1704.93,0.82,0,24,upi,insufficient_funds,2,895.69,0,0
35,18,4382.72,0.75,2,69,upi,insufficient_funds,7,5160.73,0,0
43,35,2005.43,0.58,1,41,card,bank_error,12,1497.55,1,0
37,13,692.02,0.48,3,57,card,expired_card,16,4826.45,2,0
58,12,996.8,0.59,2,66,card,bank_error,31,5684.3,0,0
66,47,1512.25,0.63,0,9,upi,bank_error,20,5149.66,0,1
44,50,2894.78,0.63,1,8,card,card_declined,15,3096.39,0,0
66,5,669.13,0.61,1,58,upi,bank_error,14,33780.49,3,0
29,39,791.67,0.43,1,71,netbanking,expired_card,9,6112.32,0,0
24,11,1063.99,0.68,1,38,upi,insufficient_funds,17,8570.11,0,1
20,58,1000.77,0.9,3,20,wallet,network_error,19,9980.61,0,1
27,59,1909.61,0.51,0,47,upi,card_declined,23,1492.48,1,0
51,11,1317.65,0.49,2,79,card,insufficient_funds,44,9532.6,0,0
42,59,412.39,0.68,3,28,upi,insufficient_funds,46,8962.34,3,0
52,47,692.46,0.62,0,60,netbanking,card_declined,31,3247.87,1,0
33,42,706.56,0.74,0,22,card,card_declined,34,7197.29,0,1
19,47,232.66,0.97,1,51,upi,insufficient_funds,43,7104.09,2,0
41,31,2102.21,0.86,0,24,card,expired_card,19,9039.71,2,0
27,31,1203.15,0.81,4,73,wallet,expired_card,36,14236.29,1,0
55,13,751.09,0.65,3,61,upi,insufficient_funds,28,7883.31,1,0
39,14,2062.82,0.57,3,2,card,bank_error,1,2906.27,0,0
43,49,1354.15,0.72,1,89,netbanking,expired_card,25,3377.08,0,0
60,45,445.73,0.93,0,76,card,bank_error,15,4484.96,0,0
56,42,1680.28,0.93,0,55,card,insufficient_funds,46,2740.3,0,0
44,25,2867.15,0.67,3,4,upi,bank_error,41,2274.27,1,0
46,33,994.33,0.55,4,58,wallet,bank_error,19,4975.85,0,1
64,33,1046.35,0.54,0,13,card,card_declined,43,1490.21,2,1
55,15,1182.55,0.42,0,27,netbanking,bank_error,21,2966.37,0,1
37,16,467.53,0.91,2,30,card,network_error,34,5691.27,1,1
44,44,1210.75,0.56,1,62,card,insufficient_funds,37,10698.22,1,0
58,58,587.54,0.62,2,65,card,bank_error,18,4685.65,1,0
37,56,1091.64,0.89,2,11,upi,network_error,44,1725.84,3,1
61,38,1231.67,0.47,1,87,card,card_declined,6,4674.72,2,0
36,6,1590.1,0.68,2,49,card,insufficient_funds,11,3132.47,0,1
37,44,1631.56,0.47,1,17,wallet,card_declined,37,5097.45,1,0
52,25,572.85,0.67,0,15,card,network_error,24,10367.94,1,1
64,15,1250.54,0.43,1,27,upi,bank_error,5,4552.67,1,0
19,4,2141.5,0.71,0,10,upi,network_error,9,5709.98,1,1
47,56,489.13,0.88,2,80,card,card_declined,30,8965.83,0,0
51,4,3720.35,0.81,0,28,card,network_error,11,10508.62,1,0
39,30,555.19,0.71,1,2,upi,card_declined,40,3030.79,1,0
20,34,3426.21,0.9,3,35,upi,network_error,12,7205.39,1,1
23,27,562.06,0.54,1,15,netbanking,network_error,20,4524.13,1,1
32,31,1054.31,0.9,0,59,card,bank_error,1,3434.19,2,0
44,56,958.11,0.57,2,75,netbanking,network_error,32,896.88,1,0
27,32,421.25,0.62,1,33,upi,network_error,16,14868.04,2,0
26,44,1787.79,0.48,1,55,upi,bank_error,40,46195.78,1,1
50,39,1853.21,0.46,1,80,card,bank_error,41,2869.1,0,0
49,52,1692.26,0.96,3,75,upi,insufficient_funds,10,7364.65,0,0
65,9,921.56,0.51,1,84,upi,card_declined,9,3493.2,1,0
23,41,671.0,0.6,1,52,upi,bank_error,21,9203.82,3,0
58,8,2367.07,0.72,1,19,upi,bank_error,35,5131.42,0,0
53,14,1273.36,0.61,1,39,upi,insufficient_funds,33,15743.28,1,1
19,33,645.87,0.92,1,87,upi,card_declined,38,6213.38,1,0
46,23,1274.33,0.94,3,60,upi,insufficient_funds,28,953.61,0,0
21,21,339.58,0.6,1,10,card,expired_card,44,759.78,0,0
18,55,1182.58,0.46,0,72,card,bank_error,27,3981.06,1,1
36,12,1735.48,0.53,2,66,netbanking,card_declined,19,774.24,1,0
43,57,967.21,0.68,2,56,wallet,network_error,45,5518.34,1,0
42,2,1803.77,0.57,1,7,card,bank_error,26,5517.64,3,0
27,13,1937.69,0.67,1,40,wallet,expired_card,10,2190.99,0,0
32,59,1329.72,0.86,1,19,card,insufficient_funds,25,7869.48,0,0
39,4,3780.64,0.65,1,70,card,expired_card,1,6099.25,0,1
68,20,2829.26,0.52,3,11,upi,insufficient_funds,28,5728.6,3,1
65,50,1701.27,0.61,2,52,netbanking,network_error,30,11366.21,2,0
38,51,1406.12,0.85,0,12,upi,card_declined,4,6491.33,0,1
39,48,916.48,0.65,4,62,card,insufficient_funds,35,2198.64,1,0
53,59,697.14,0.55,1,73,card,insufficient_funds,4,3815.5,2,0
51,14,1916.47,0.66,2,23,upi,card_declined,43,2790.77,0,1
47,30,953.93,0.67,0,40,netbanking,bank_error,5,736.24,0,0
42,29,539.23,0.58,2,70,card,insufficient_funds,47,10823.52,1,0
62,8,625.46,1.0,1,50,upi,bank_error,4,13043.51,2,1
45,12,685.99,0.86,2,64,wallet,card_declined,19,7216.04,1,0
18,41,3742.42,0.82,1,19,upi,bank_error,28,2745.85,2,1
66,38,1985.21,0.91,0,84,card,bank_error,23,2713.43,0,1
62,26,1123.26,0.8,4,18,wallet,insufficient_funds,2,6839.09,1,0
21,50,1465.23,0.87,0,27,upi,bank_error,28,3242.99,0,1
24,2,1589.26,0.65,4,73,card,card_declined,42,11400.86,0,0
66,55,597.04,0.7,3,44,card,network_error,11,23374.06,2,1
26,40,484.3,0.43,1,58,upi,expired_card,47,3862.43,0,0
53,56,2289.48,0.57,3,62,upi,insufficient_funds,30,17912.35,0,1
36,14,426.32,0.62,1,50,upi,expired_card,22,11256.02,1,0
18,6,1083.33,0.78,1,53,upi,card_declined,41,3728.32,0,0
27,42,661.69,0.68,0,61,upi,expired_card,17,2974.13,0,0
53,40,1280.1,0.76,0,75,card,network_error,24,7256.73,1,0
26,31,918.61,0.83,1,50,upi,network_error,38,4569.31,2,0
62,17,1593.66,0.43,1,54,card,network_error,36,5775.51,1,1
63,25,217.5,0.55,6,42,card,bank_error,22,18273.32,2,0
59,32,2402.99,0.5,2,59,netbanking,bank_error,13,2835.34,2,0
49,12,1834.94,0.51,3,8,card,card_declined,26,2583.59,1,0
49,49,2226.27,0.7,3,14,card,card_declined,41,5964.73,1,0
23,13,2053.85,0.84,2,13,card,insufficient_funds,37,4071.2,0,0
65,19,1366.02,0.56,2,71,card,bank_error,19,5528.81,4,1
55,44,699.98,0.89,1,79,card,bank_error,25,5041.87,1,1
34,48,1490.55,0.94,2,44,upi,insufficient_funds,19,2266.04,1,1
27,25,1343.02,0.61,1,43,wallet,card_declined,31,2862.83,2,1
67,31,2025.54,0.81,2,18,upi,expired_card,17,4189.61,1,1
44,59,1694.52,0.47,4,36,card,network_error,26,3590.7,1,0
67,37,1171.41,0.85,0,31,card,bank_error,39,4257.76,0,0
52,25,1485.03,0.5,1,4,card,insufficient_funds,44,5580.9,1,0
69,16,1580.05,0.81,2,77,card,bank_error,45,4452.8,0,0
38,57,2349.2,0.65,1,39,card,insufficient_funds,8,2195.61,0,0
42,38,3696.41,0.96,1,55,wallet,card_declined,12,4331.75,1,0
45,43,1665.63,0.68,1,19,card,insufficient_funds,26,13676.33,1,0
64,49,1585.19,0.42,4,68,card,bank_error,16,30362.37,1,0
32,58,938.14,0.69,1,65,upi,insufficient_funds,42,14987.58,0,0
21,23,862.36,0.88,1,40,upi,card_declined,33,1399.98,0,0
46,14,659.79,0.79,4,76,upi,bank_error,17,2008.68,1,0
26,6,116.77,0.98,0,76,wallet,card_declined,5,1562.88,1,1
44,25,609.45,0.91,2,84,card,bank_error,4,13566.9,0,1
43,23,971.74,0.72,0,75,card,network_error,3,12855.74,1,1
36,43,885.03,0.52,3,30,card,insufficient_funds,1,6331.59,0,1
45,12,1509.63,0.4,0,28,card,card_declined,8,28478.03,2,0
34,13,624.65,0.99,1,49,netbanking,insufficient_funds,19,3719.47,0,0
60,36,644.19,0.96,1,41,card,insufficient_funds,26,5589.69,0,1
58,39,249.74,0.56,0,86,upi,card_declined,36,6105.49,2,0
59,34,1525.38,0.78,2,49,card,bank_error,46,1682.92,1,1
67,6,589.05,0.84,3,29,upi,insufficient_funds,1,1935.69,1,0
37,38,664.34,0.75,2,1,upi,insufficient_funds,17,4235.32,2,1
62,50,1628.35,0.91,3,85,netbanking,bank_error,36,1203.87,4,0
57,52,591.16,0.45,1,31,upi,card_declined,38,2795.43,0,0
56,40,1431.15,0.94,3,27,card,network_error,28,13315.68,1,0
66,8,471.24,0.64,1,35,upi,bank_error,14,3923.63,1,0
40,8,1080.54,0.69,4,8,card,expired_card,45,14129.58,0,0
64,40,715.69,0.67,5,40,card,bank_error,22,9101.63,0,0
49,33,910.14,0.72,1,58,netbanking,expired_card,36,7368.91,1,0
69,34,3159.52,0.76,0,72,card,network_error,11,19585.4,0,1
64,44,348.1,0.83,1,6,upi,network_error,18,4118.57,1,1
50,15,2968.13,0.71,2,15,wallet,network_error,4,4236.13,1,0
63,36,576.43,0.81,3,21,card,card_declined,42,3578.27,0,0
22,57,2014.97,0.6,1,37,upi,insufficient_funds,32,3941.46,0,0
60,35,2314.9,0.96,3,70,upi,insufficient_funds,15,987.14,3,0
65,46,1482.26,0.44,2,54,netbanking,card_declined,31,3463.47,1,0
51,22,467.36,0.73,1,29,card,network_error,30,27475.98,0,0
57,23,1327.03,0.45,1,58,card,network_error,14,3343.07,1,0
28,40,6579.37,0.67,1,89,upi,network_error,14,8491.94,0,0
67,45,1105.29,0.55,3,87,card,bank_error,47,3753.11,1,0
20,55,1021.91,0.96,3,87,upi,network_error,21,2293.21,2,0
50,51,955.33,0.41,2,19,card,insufficient_funds,17,7505.91,1,0
28,22,1573.24,0.63,0,34,card,insufficient_funds,3,1530.69,0,1
33,5,1031.71,0.87,3,58,netbanking,insufficient_funds,20,17817.84,0,0
35,31,1338.38,0.51,3,71,card,bank_error,35,7203.28,0,0
47,13,893.7,0.89,2,13,card,network_error,30,3398.76,0,0
65,28,530.93,0.92,1,4,card,bank_error,34,6598.74,0,1
27,58,5571.66,0.82,1,11,card,insufficient_funds,37,3005.25,0,0
35,20,1024.89,0.53,1,50,wallet,expired_card,6,4098.77,0,0
55,33,10289.49,0.56,3,21,wallet,expired_card,32,11132.97,0,0
36,16,1476.52,0.5,1,60,netbanking,bank_error,9,8002.74,1,0
53,29,1669.01,0.51,2,21,upi,card_declined,42,14610.36,0,0
30,23,883.16,0.42,3,43,netbanking,expired_card,33,8955.5,1,0
63,24,724.1,0.91,2,45,netbanking,bank_error,3,6703.27,2,0
20,34,897.25,0.72,1,42,card,bank_error,27,1653.34,1,0
27,7,612.4,0.6,2,26,upi,insufficient_funds,32,2730.62,2,0
55,38,574.05,0.57,1,31,wallet,network_error,37,3811.19,1,1
18,37,3824.64,0.73,1,49,card,insufficient_funds,9,569.97,1,0
44,4,1919.51,0.6,0,68,upi,bank_error,24,3797.39,1,0
63,34,3129.82,0.92,1,3,upi,bank_error,1,5212.58,0,0
25,42,2410.12,0.53,1,39,upi,card_declined,17,7762.12,0,1
68,22,719.85,0.93,1,48,upi,bank_error,40,1382.54,1,1
63,5,373.24,0.8,0,21,upi,expired_card,46,2508.89,1,0
59,50,794.65,0.97,2,18,upi,network_error,16,3997.11,2,1
34,42,1169.44,0.41,1,35,card,network_error,9,22767.36,1,1
26,23,2443.14,0.44,2,32,upi,card_declined,25,13861.54,1,0
23,54,1055.51,0.7,3,55,upi,bank_error,16,3123.27,1,0
60,15,8746.91,0.95,0,11,wallet,insufficient_funds,16,9155.93,1,1
42,31,810.06,0.84,2,58,card,bank_error,27,2075.51,2,0
56,59,1658.62,0.77,5,38,card,card_declined,6,1544.66,2,0
66,9,721.25,0.42,2,46,card,expired_card,39,2849.76,3,0
45,43,1457.38,0.61,0,20,upi,insufficient_funds,5,4773.21,1,0
50,58,1004.35,0.61,5,26,card,card_declined,36,5166.6,1,0
54,53,921.44,0.73,1,11,upi,bank_error,46,16787.12,2,0
26,25,711.12,0.55,3,66,upi,network_error,24,1559.36,1,0
35,25,1215.95,0.56,2,81,card,card_declined,43,13250.71,1,0
38,49,1969.08,0.77,1,88,upi,expired_card,39,19977.51,0,1
19,21,554.16,0.97,0,37,wallet,card_declined,38,16611.96,1,0
60,9,1059.97,0.8,4,6,card,card_declined,42,18803.18,2,0
55,55,1548.74,0.8,3,54,upi,network_error,24,3335.45,1,0
57,48,1768.74,0.99,2,87,card,bank_error,18,10560.46,0,0
53,38,4040.48,0.49,1,47,upi,bank_error,5,15340.63,1,1
67,22,1644.31,0.42,4,47,upi,insufficient_funds,4,6212.28,4,0
60,43,828.8,0.85,2,26,card,expired_card,35,4318.28,1,0
54,23,736.86,0.66,1,25,upi,card_declined,22,1639.32,2,1
32,49,730.57,0.66,1,36,card,insufficient_funds,5,29669.83,1,1
45,4,702.62,0.54,1,21,wallet,bank_error,35,2067.48,3,0
35,29,1275.4,0.7,1,58,card,insufficient_funds,46,14830.8,0,0
51,15,1472.01,0.67,4,43,card,card_declined,45,2732.66,0,0
39,1,1953.12,0.61,3,23,card,insufficient_funds,6,11439.75,2,0
28,54,1746.72,0.67,3,65,netbanking,bank_error,13,2553.48,1,0
30,30,2623.53,0.63,2,59,upi,expired_card,4,5378.75,1,0
21,29,686.6,0.96,2,61,wallet,insufficient_funds,33,7777.13,2,0
39,20,3447.96,0.99,0,74,upi,card_declined,37,7723.0,0,0
24,33,705.74,0.9,0,89,card,card_declined,45,1503.42,2,0
60,41,1399.06,0.99,2,86,netbanking,insufficient_funds,34,2430.77,0,0
41,44,956.87,0.56,2,72,card,bank_error,9,3232.99,0,0
21,36,1078.44,0.91,5,64,card,bank_error,42,8043.46,0,0
45,22,1755.66,0.64,0,33,card,bank_error,15,11907.53,0,0
32,13,400.66,0.85,2,76,card,insufficient_funds,20,2551.67,1,0
18,7,613.08,0.52,0,48,card,network_error,15,3856.4,2,1
20,8,1852.81,0.89,3,39,card,insufficient_funds,1,870.2,1,1
31,28,1094.98,0.45,0,12,card,card_declined,10,3500.66,1,0
55,45,916.32,0.56,1,76,upi,bank_error,10,11223.62,0,1
67,43,500.37,0.89,1,11,card,insufficient_funds,5,6774.62,2,1
18,9,920.83,0.85,0,48,upi,card_declined,42,2235.61,0,0
55,25,1766.34,0.7,2,8,card,card_declined,17,6122.1,0,0
55,56,739.2,0.8,2,51,wallet,network_error,13,2039.16,0,1
38,16,2849.34,0.51,1,8,card,insufficient_funds,46,2641.38,0,1
65,10,2330.46,0.8,0,80,wallet,insufficient_funds,4,16171.6,1,0
46,11,858.31,0.4,3,82,upi,network_error,20,4972.93,0,0
22,31,723.4,0.9,2,85,upi,network_error,37,4638.1,1,0
66,12,158.36,0.71,0,68,card,expired_card,15,7626.61,0,0
27,31,516.05,0.97,0,71,card,insufficient_funds,35,7746.71,0,0
45,14,494.31,0.69,5,36,wallet,insufficient_funds,23,6572.92,0,0
38,51,402.75,0.66,3,30,card,bank_error,31,9948.46,1,1
67,44,1069.36,0.67,1,12,upi,insufficient_funds,15,870.27,0,0
24,32,1364.38,0.62,0,75,wallet,card_declined,15,6132.5,0,0
20,50,3905.96,0.5,1,29,card,card_declined,28,11082.25,0,0
62,53,1148.88,0.91,0,3,card,insufficient_funds,42,6736.73,1,1
64,17,264.15,0.63,0,62,upi,card_declined,28,1818.54,0,0
37,35,649.74,0.72,1,11,upi,bank_error,12,6038.64,0,0
36,1,1681.42,0.41,1,73,upi,insufficient_funds,44,7180.28,2,0
52,29,1035.88,0.44,3,59,wallet,card_declined,25,4104.25,1,0
21,51,1997.76,0.76,3,72,card,card_declined,32,10581.4,2,0
22,4,765.38,0.93,3,85,upi,bank_error,37,2571.21,1,0
18,23,2456.34,0.7,0,72,card,insufficient_funds,5,4382.61,1,0
21,28,1302.73,0.5,1,42,upi,insufficient_funds,31,12398.35,2,1
29,16,1326.15,0.47,1,6,card,insufficient_funds,31,3318.89,0,0
44,12,1218.0,0.94,0,55,upi,card_declined,40,3544.27,0,0
59,53,641.87,0.82,3,82,card,network_error,28,2272.02,0,1
40,21,1053.6,0.98,2,6,upi,network_error,13,3096.72,0,1
42,45,1347.0,0.45,1,21,card,network_error,29,3621.16,0,0
38,17,411.39,0.94,3,44,wallet,bank_error,40,4667.52,3,1
69,40,1159.47,0.91,1,48,upi,card_declined,28,7100.12,1,1
41,13,2566.8,0.94,2,87,upi,expired_card,36,14225.04,1,0
42,52,1485.75,0.4,0,36,wallet,insufficient_funds,13,5338.36,1,1
62,58,2855.79,0.85,1,82,upi,network_error,42,8762.96,2,1
63,32,1458.86,0.73,2,45,upi,bank_error,36,4055.78,2,1
49,37,585.03,0.74,4,3,card,bank_error,19,5011.31,2,1
49,50,1907.47,0.68,0,59,upi,expired_card,17,3366.61,0,0
22,15,493.38,0.85,2,12,card,bank_error,41,3843.51,1,0
53,12,947.75,1.0,3,84,upi,network_error,42,4887.05,0,0
63,49,903.98,0.83,1,19,netbanking,bank_error,14,4359.2,2,1
59,57,682.12,0.81,3,23,card,bank_error,15,3839.74,2,0
66,15,5798.05,0.79,1,5,netbanking,insufficient_funds,31,1639.44,0,0
59,34,1042.26,0.82,3,51,upi,card_declined,20,6500.83,2,0
56,6,3893.42,0.61,3,19,upi,card_declined,3,3904.0,1,0
33,17,1394.81,0.59,0,12,card,insufficient_funds,39,4024.65,1,1
50,48,617.3,0.87,2,57,upi,card_declined,38,5382.48,0,1
66,49,823.27,0.43,1,37,wallet,insufficient_funds,40,8965.38,0,0
38,57,1067.49,0.86,1,34,wallet,insufficient_funds,30,2341.03,0,1
26,20,863.28,0.89,2,80,card,card_declined,8,4124.76,1,0
23,9,905.27,0.71,1,63,upi,insufficient_funds,24,520.41,0,0
68,59,1638.64,0.95,1,4,card,bank_error,21,7199.29,0,1
62,5,1416.24,0.68,1,54,card,bank_error,28,16478.02,0,0
52,23,1777.56,0.51,3,54,upi,bank_error,23,10042.6,1,0
56,33,3192.88,0.62,0,6,card,bank_error,8,2165.51,1,0
39,38,788.36,0.94,2,7,upi,expired_card,9,3348.08,1,1
58,56,2391.62,1.0,1,34,upi,network_error,37,5539.98,1,1
22,14,2908.87,0.65,2,68,upi,insufficient_funds,14,592.66,0,0
59,17,2712.78,0.5,4,15,card,insufficient_funds,42,3246.72,1,0
40,57,319.91,0.57,1,13,upi,expired_card,20,4769.72,0,1
34,19,3859.84,0.73,0,73,card,card_declined,31,3044.21,2,0
29,33,702.41,0.74,0,37,upi,card_declined,12,12073.02,3,0
40,1,302.33,0.78,2,81,card,insufficient_funds,19,2290.58,1,0
33,13,3794.0,0.9,2,38,upi,insufficient_funds,36,2830.9,1,1
20,46,1570.87,0.83,0,78,card,insufficient_funds,24,19783.59,1,0
47,27,1616.94,0.56,3,31,card,bank_error,8,17954.91,1,0
39,6,869.18,0.64,3,66,card,network_error,22,21527.96,2,0
26,59,1245.72,0.9,2,83,card,card_declined,28,2720.64,1,0
46,6,994.74,0.78,1,83,wallet,insufficient_funds,40,4138.35,2,0
64,33,708.43,0.5,3,60,upi,insufficient_funds,28,1290.42,1,0
54,30,1114.42,0.6,2,13,upi,card_declined,20,2758.33,0,0
40,46,1187.01,0.87,3,21,wallet,insufficient_funds,35,7587.85,3,0
30,35,434.79,0.5,2,44,card,expired_card,23,3571.73,0,0
49,23,1140.18,0.81,2,28,wallet,expired_card,27,13167.88,1,1
63,10,313.79,0.74,1,57,upi,insufficient_funds,6,5128.94,1,0
69,51,4205.91,0.49,3,1,netbanking,expired_card,18,4727.89,0,0
64,19,1020.65,0.81,1,10,card,card_declined,37,2426.43,0,0
65,51,517.99,0.49,0,8,card,bank_error,32,9013.77,0,0
40,28,1570.66,0.64,3,77,card,expired_card,35,2322.68,1,0
62,23,650.22,0.59,2,63,upi,network_error,46,7044.07,0,0
34,4,1074.4,0.81,1,83,card,network_error,19,5087.22,0,0
57,20,1508.47,0.87,2,67,upi,insufficient_funds,25,6889.05,2,0
38,19,538.25,0.5,2,67,card,bank_error,9,15691.3,3,0
19,42,4293.24,0.89,1,27,card,network_error,1,13869.84,1,1
54,27,4589.1,0.4,2,18,card,network_error,6,4903.64,2,0
23,57,759.14,0.72,1,35,upi,network_error,18,6849.45,0,1
61,34,499.53,0.71,2,44,wallet,insufficient_funds,37,13541.16,1,0
35,4,756.72,0.77,2,8,wallet,bank_error,16,2262.33,0,1
47,56,785.57,0.54,2,85,card,bank_error,11,8032.17,1,1
39,38,2385.69,0.41,0,46,card,insufficient_funds,18,10898.0,0,0
50,7,765.94,0.67,1,83,upi,card_declined,45,9755.9,0,0
47,48,486.31,0.44,2,43,upi,insufficient_funds,22,11701.69,1,1
34,7,1177.44,0.94,1,46,card,insufficient_funds,45,7019.52,0,0
60,50,386.22,0.5,2,40,netbanking,card_declined,13,3380.01,0,0
49,52,2316.0,0.66,1,56,card,bank_error,43,1639.52,2,0
59,26,1669.02,0.66,2,27,upi,network_error,45,17531.61,0,1
68,26,720.6,0.73,0,20,card,network_error,9,10371.73,1,1
31,54,777.82,0.87,1,78,upi,bank_error,33,6983.47,2,1
27,19,1305.2,0.68,1,57,card,expired_card,6,3577.04,0,1
64,9,506.67,0.42,1,12,wallet,insufficient_funds,29,9823.42,1,0
68,20,631.74,0.86,1,23,upi,insufficient_funds,31,3917.41,0,0
53,42,936.56,0.45,2,12,wallet,insufficient_funds,34,3593.8,0,0
51,45,435.66,0.78,0,44,card,card_declined,44,6648.87,2,0
26,50,797.88,0.88,1,39,upi,bank_error,46,34763.98,2,0
59,16,517.42,0.57,3,42,upi,expired_card,18,1048.86,1,0
45,54,2976.01,0.67,0,48,netbanking,insufficient_funds,44,4698.71,0,0
28,17,826.83,0.41,1,88,upi,card_declined,19,4134.78,0,0
31,22,565.22,0.88,5,67,upi,insufficient_funds,16,3400.04,0,0
56,13,1758.32,0.82,2,35,upi,insufficient_funds,20,10529.44,0,1
64,12,706.31,0.54,1,37,wallet,insufficient_funds,14,16294.4,0,0
36,10,506.87,0.63,2,40,card,bank_error,42,10226.41,1,0
32,1,2041.15,0.82,1,16,card,card_declined,4,2692.12,1,1
45,32,874.63,0.61,1,48,upi,bank_error,16,8253.31,0,0
41,30,1975.77,0.5,3,18,card,expired_card,24,8256.84,0,0
25,8,1085.14,0.71,3,18,upi,expired_card,33,3972.26,1,0
60,21,1200.43,0.83,1,14,card,bank_error,34,4988.87,0,0
26,22,1626.56,0.59,0,76,card,insufficient_funds,13,15849.39,0,0
64,18,703.19,0.47,1,42,upi,bank_error,42,1043.05,1,1
50,2,621.94,0.9,3,2,card,insufficient_funds,18,20814.43,0,1
50,48,2543.47,0.55,3,53,card,bank_error,25,3091.32,2,1
36,44,1644.59,0.71,2,87,card,bank_error,32,4531.78,1,1
20,9,1046.02,0.81,0,60,card,bank_error,33,4670.73,0,0
27,3,1914.08,0.59,1,35,wallet,bank_error,38,3218.97,1,0
57,54,1600.56,0.79,2,64,upi,card_declined,28,2691.46,0,0
64,26,2122.42,0.68,1,33,netbanking,bank_error,36,5261.1,2,0
59,21,492.76,0.74,1,41,upi,card_declined,45,1335.05,0,0
18,30,1048.46,0.75,2,63,wallet,network_error,41,3938.01,0,1
46,28,2418.4,0.89,1,89,upi,bank_error,16,9089.34,0,0
67,36,3547.71,0.79,3,4,card,card_declined,38,4960.35,1,0
51,26,753.59,0.56,2,21,card,insufficient_funds,2,3686.24,0,0
68,34,1225.88,0.44,2,4,upi,bank_error,2,6171.6,0,1
30,8,1111.58,0.4,1,56,card,insufficient_funds,13,14174.58,0,0
18,10,459.01,0.94,2,79,card,card_declined,10,11797.59,0,1
51,48,896.69,0.97,1,4,card,card_declined,4,1505.94,2,1
46,55,363.19,0.46,3,4,upi,bank_error,29,9724.22,2,0
65,43,975.43,0.69,2,3,upi,bank_error,14,5448.21,1,1
64,50,530.27,0.49,1,55,wallet,card_declined,37,2448.22,0,0
30,54,1235.14,0.97,0,69,card,network_error,31,4222.95,1,1
65,14,882.78,0.55,3,83,card,bank_error,44,4392.14,0,0
66,40,872.99,0.7,3,32,upi,card_declined,28,2802.84,0,1
46,55,3253.2,0.5,0,58,card,network_error,39,11257.39,2,0
56,15,1152.36,0.6,3,73,upi,insufficient_funds,29,18510.16,1,1
41,17,4083.69,0.56,3,67,upi,bank_error,10,3046.71,2,0
43,53,1498.86,0.69,1,34,upi,network_error,27,2421.22,1,0
34,18,1940.86,0.65,1,63,upi,expired_card,1,4999.45,1,0
24,32,596.65,0.6,1,89,card,insufficient_funds,39,11361.55,0,0
30,38,674.81,0.46,2,10,card,network_error,3,996.88,0,1
22,23,1109.97,0.69,2,32,card,card_declined,12,5176.4,0,0
43,46,2563.56,0.91,0,5,upi,insufficient_funds,26,8613.63,2,1
66,23,850.59,0.84,2,29,card,bank_error,28,3493.98,1,0
20,35,402.62,0.83,2,7,card,bank_error,19,7433.06,0,0
24,39,1448.95,0.62,1,15,card,insufficient_funds,34,4613.79,1,0
66,15,1146.86,0.83,0,2,card,card_declined,22,8854.71,1,0
56,53,745.68,0.68,2,10,card,insufficient_funds,37,13105.56,0,1
18,24,844.59,0.49,2,11,card,card_declined,31,6146.84,0,1
66,28,596.0,0.65,1,53,upi,card_declined,39,9553.52,0,0
34,16,2093.8,0.48,1,56,card,network_error,29,1120.3,0,0
60,16,1114.68,0.47,3,40,netbanking,insufficient_funds,28,2093.13,2,0
42,40,1297.68,0.41,1,58,upi,insufficient_funds,37,4678.5,1,0
20,39,722.34,0.57,1,85,upi,expired_card,3,1965.88,1,0
32,6,2794.36,0.6,0,76,card,bank_error,23,3488.56,2,0
46,2,1279.93,0.82,1,68,card,bank_error,25,6463.45,1,1
60,54,244.99,0.72,1,77,upi,expired_card,46,4714.27,2,0
49,13,1513.21,0.92,0,82,card,insufficient_funds,22,7658.42,1,0
43,44,911.39,0.51,1,27,card,insufficient_funds,37,11441.86,0,0
33,47,977.73,0.56,0,3,netbanking,network_error,37,7638.4,0,0
42,59,2198.62,0.96,1,39,netbanking,insufficient_funds,47,5128.95,0,1
45,9,1166.78,0.67,2,22,upi,card_declined,13,3173.8,1,0
26,34,3636.0,0.87,2,81,netbanking,bank_error,43,15063.19,2,1
18,17,1180.76,0.7,1,61,upi,insufficient_funds,22,5204.3,1,0
46,27,791.06,0.68,0,38,card,bank_error,44,1169.77,0,1
39,29,308.18,0.49,1,16,upi,insufficient_funds,23,10105.61,0,0
33,37,663.47,0.91,0,69,upi,card_declined,34,7822.03,0,0
58,43,875.18,0.45,3,86,upi,network_error,19,5338.58,0,0
68,22,3060.71,0.59,1,17,netbanking,card_declined,21,6476.1,1,0
61,51,794.42,0.8,1,61,card,bank_error,46,2529.69,2,1
68,24,3461.33,0.7,2,75,card,card_declined,8,3409.94,2,0
58,7,490.87,0.93,1,86,upi,expired_card,9,3259.69,2,0
24,34,638.6,0.42,0,44,upi,expired_card,25,15612.28,1,0
31,48,2413.62,0.79,0,44,upi,bank_error,12,3374.14,0,1
46,12,723.0,0.69,1,41,card,bank_error,18,2265.06,1,1
36,23,2367.19,0.49,2,55,upi,card_declined,37,6829.81,1,1
36,15,614.98,0.85,1,3,card,bank_error,27,1418.17,1,0
19,33,659.67,0.65,0,13,upi,network_error,19,3663.09,0,1
58,57,1718.65,0.72,2,77,upi,network_error,38,8227.0,1,0
62,13,621.04,0.98,2,51,upi,insufficient_funds,5,4015.81,0,0
32,23,904.98,0.69,3,54,upi,insufficient_funds,31,2890.32,2,0
20,38,1445.69,0.89,1,18,upi,network_error,47,1658.32,0,1
28,32,918.9,0.86,0,40,card,insufficient_funds,11,2633.65,1,0
63,45,739.66,0.8,1,81,netbanking,card_declined,10,5041.69,0,0
47,50,471.04,0.94,2,10,card,card_declined,12,4569.61,0,0
57,35,3024.59,0.55,4,41,upi,insufficient_funds,7,10857.12,0,0
35,1,3447.07,0.89,2,44,upi,network_error,39,3694.37,1,0
68,47,1380.96,0.63,0,88,upi,network_error,34,833.46,1,0
65,58,932.17,0.89,1,8,card,insufficient_funds,28,11003.43,0,1
19,45,968.72,0.7,1,36,card,card_declined,16,17440.13,0,1
49,5,1963.6,0.91,0,56,upi,card_declined,21,1228.68,0,1
25,57,2258.03,0.94,0,14,card,network_error,28,8519.77,0,1
39,13,751.37,0.76,2,29,card,expired_card,44,20407.25,1,0
23,54,2326.75,0.7,2,7,upi,insufficient_funds,18,3070.32,0,0
29,5,1686.76,0.87,1,89,card,insufficient_funds,38,6896.35,1,0
64,32,2298.6,0.56,1,42,upi,card_declined,37,7240.53,0,0
57,51,357.36,0.41,1,30,upi,bank_error,26,4024.73,0,1
53,21,817.75,0.64,1,74,card,card_declined,44,18693.84,2,0
32,24,971.62,0.7,2,47,card,card_declined,40,2366.47,0,0
45,18,789.76,0.58,0,34,card,card_declined,32,41974.78,1,0
69,21,4197.0,0.63,3,62,upi,card_declined,39,33484.28,0,0
66,54,823.11,0.48,3,16,upi,bank_error,42,5911.1,0,0
62,10,1522.14,0.57,3,74,card,bank_error,10,51226.33,3,0
35,24,1220.47,0.54,2,29,card,expired_card,1,3674.53,2,0
19,40,895.02,0.58,0,15,netbanking,card_declined,28,1818.46,0,0
30,47,667.78,0.58,2,51,upi,card_declined,1,9946.32,0,0
62,21,4624.36,0.74,3,56,upi,network_error,36,9368.68,0,1
32,25,938.88,0.55,1,88,card,card_declined,23,4367.13,0,0
37,52,2024.16,0.96,2,42,upi,card_declined,14,18460.72,1,1
46,57,1089.25,0.71,2,20,card,insufficient_funds,41,2986.84,0,1
59,59,795.44,0.48,4,47,card,insufficient_funds,8,17569.37,2,0
46,23,1182.99,0.57,1,64,wallet,insufficient_funds,36,6597.5,0,0
20,22,1360.6,0.84,3,2,card,expired_card,47,6619.3,2,0
36,4,789.41,0.41,2,32,card,insufficient_funds,7,4246.86,1,0
20,34,642.11,0.96,1,54,card,bank_error,10,9303.16,2,0
31,56,1530.46,0.67,0,42,card,card_declined,29,2830.43,1,0
57,6,1189.7,0.71,1,30,upi,insufficient_funds,17,2615.98,2,1
21,28,694.76,0.99,0,9,card,bank_error,21,4840.69,0,1
69,31,568.55,0.7,2,19,upi,card_declined,12,5007.07,0,0
28,35,1400.37,0.97,0,6,upi,card_declined,27,3213.42,2,1
48,39,286.39,0.95,1,72,upi,card_declined,1,4698.11,0,0
60,42,913.77,0.96,3,58,card,card_declined,13,1789.01,0,0
49,23,1205.39,0.89,2,1,card,network_error,29,7114.97,0,1
44,6,3701.05,0.58,0,13,upi,card_declined,40,774.91,1,1
47,16,1104.71,0.61,2,6,card,card_declined,9,6774.62,1,0
60,2,888.17,0.62,0,29,netbanking,card_declined,46,3806.96,1,0
19,24,1338.35,0.99,2,66,upi,insufficient_funds,5,5057.9,1,0
66,17,664.09,0.62,2,74,netbanking,bank_error,36,4042.06,1,1
26,45,940.81,0.47,1,31,upi,bank_error,36,1940.2,1,0
45,1,1119.36,0.87,0,72,card,bank_error,37,2991.07,0,0
48,6,1703.87,0.62,3,41,card,card_declined,14,3065.6,1,1
51,5,684.64,0.77,3,39,wallet,bank_error,24,3206.26,0,0
32,57,1092.25,0.95,0,57,card,network_error,18,10013.74,0,1
65,45,313.03,0.75,3,28,card,expired_card,13,5923.15,1,0
42,55,1574.47,0.78,2,31,wallet,expired_card,33,1973.5,0,0
53,50,933.27,0.79,1,13,wallet,expired_card,12,3720.75,0,0
25,29,4101.15,0.77,1,71,card,network_error,21,8803.33,2,1
26,12,1402.39,0.5,1,51,card,insufficient_funds,40,2469.61,1,1
54,39,597.71,0.67,2,65,card,insufficient_funds,31,28693.64,0,0
65,47,510.0,0.4,4,45,card,bank_error,32,7203.79,0,0
62,3,1742.7,0.78,0,53,upi,insufficient_funds,47,7829.96,0,0
56,48,3856.45,0.75,2,57,card,insufficient_funds,41,5315.12,1,0
49,1,3112.29,0.59,0,26,card,insufficient_funds,34,6208.07,0,1
69,27,469.24,0.71,2,16,card,card_declined,13,2733.33,1,0
34,48,1264.34,0.7,1,12,card,network_error,29,4323.25,1,1
52,24,2413.7,0.55,0,16,netbanking,network_error,30,4181.97,0,0
54,44,428.88,0.58,3,54,upi,expired_card,30,11371.33,1,0
36,19,2266.87,0.86,1,52,netbanking,insufficient_funds,9,16777.07,0,1
61,59,670.52,0.85,2,89,netbanking,insufficient_funds,6,16990.84,2,1
46,8,943.1,0.68,1,83,card,card_declined,47,4610.58,0,0
24,55,1330.94,0.83,2,71,upi,insufficient_funds,4,3694.05,0,1
45,44,2316.52,0.67,2,76,wallet,bank_error,43,5565.99,0,0
26,47,3204.58,0.91,4,24,netbanking,network_error,15,1948.42,1,1
45,2,874.76,0.6,3,58,upi,card_declined,11,17438.09,0,0
23,30,783.88,0.96,0,39,upi,insufficient_funds,31,25055.77,2,1
46,30,748.18,0.73,2,69,upi,bank_error,28,664.17,0,0
34,49,1892.6,0.72,0,1,netbanking,card_declined,38,2993.2,1,1
33,39,2201.49,0.8,1,71,netbanking,card_declined,36,1019.56,0,0
40,45,2051.01,0.6,3,88,upi,network_error,10,2863.76,0,0
48,32,1324.58,0.83,0,61,card,bank_error,30,5296.92,1,1
20,1,1419.29,0.59,1,48,card,insufficient_funds,42,1092.84,0,0
38,38,933.31,0.64,2,62,upi,insufficient_funds,15,10126.93,0,0
43,13,996.28,0.8,2,81,card,insufficient_funds,1,1395.82,1,0
53,11,1993.77,0.63,2,4,card,expired_card,12,26036.37,0,0
59,10,1319.49,0.52,0,80,card,insufficient_funds,30,3961.79,3,0
54,48,787.44,0.92,1,69,card,card_declined,5,10631.01,3,1
39,59,2367.36,0.95,2,69,upi,expired_card,25,2711.54,1,0
59,26,716.6,0.78,2,52,card,expired_card,24,5804.76,2,0
29,56,1214.38,0.89,4,46,netbanking,card_declined,23,18244.74,0,1
59,55,460.35,0.99,1,17,card,network_error,31,2801.66,0,0
30,20,565.63,0.77,0,85,upi,bank_error,45,5139.27,1,1
28,17,1111.4,0.95,2,30,netbanking,insufficient_funds,27,7184.76,0,0
33,17,673.6,0.62,1,49,upi,network_error,19,2015.49,1,1
25,4,934.11,0.82,1,51,netbanking,card_declined,37,1231.39,1,0
57,5,2563.91,0.43,0,33,card,insufficient_funds,12,4259.63,0,0
57,23,1004.93,0.87,0,87,wallet,card_declined,23,4912.38,0,0
62,46,2058.83,0.9,1,58,card,bank_error,18,10010.67,1,1
19,52,634.92,0.64,0,39,wallet,network_error,12,13698.15,1,0
47,10,1610.39,0.78,0,71,card,insufficient_funds,21,1593.25,1,1
47,46,544.5,0.92,1,37,card,bank_error,19,2470.14,2,1
29,28,920.72,0.93,3,71,upi,network_error,17,3114.26,0,0
27,33,1656.8,0.46,1,15,upi,card_declined,39,1212.53,2,0
61,43,1106.47,0.9,2,61,card,expired_card,9,11262.85,1,0
28,26,2120.93,0.56,5,10,netbanking,insufficient_funds,6,12756.15,0,1
32,55,1749.81,0.84,0,20,card,insufficient_funds,20,20095.02,0,1
33,50,883.7,0.6,2,9,card,insufficient_funds,8,1731.91,2,0
34,48,2718.58,0.43,5,70,netbanking,card_declined,18,2474.94,0,0
43,29,1488.34,0.53,1,20,card,bank_error,22,4456.93,1,1
19,27,924.65,0.65,4,64,card,card_declined,18,15678.18,0,0
67,18,1214.44,0.84,2,85,wallet,insufficient_funds,21,2432.8,0,0
29,40,1168.69,0.46,0,7,upi,expired_card,20,5647.41,0,0
68,10,1262.84,0.89,1,64,card,bank_error,1,4161.77,0,1
43,58,993.04,1.0,1,48,upi,insufficient_funds,30,3360.98,1,0
40,42,1423.35,0.87,2,47,upi,bank_error,22,5942.02,1,1
35,5,1906.21,0.68,0,64,netbanking,card_declined,9,3875.82,1,0
49,10,1477.19,0.74,2,67,upi,insufficient_funds,29,3662.71,2,1
66,50,1442.41,0.4,3,45,upi,card_declined,18,7328.98,0,0
55,21,1022.01,0.53,1,17,card,insufficient_funds,40,5990.99,1,0
64,24,589.78,0.94,0,51,card,bank_error,28,8274.06,1,0
20,38,497.43,0.41,1,43,upi,bank_error,9,3585.12,0,0
55,3,668.27,0.94,5,66,upi,network_error,6,4350.73,1,0
20,40,818.44,0.47,1,76,card,card_declined,22,2315.91,0,0
47,31,3534.24,0.48,2,13,wallet,insufficient_funds,38,6427.83,0,0
18,41,2633.75,0.51,1,76,card,network_error,2,6276.4,1,0
47,37,723.92,0.88,3,27,card,insufficient_funds,37,3512.52,2,0
62,2,1502.36,0.69,1,47,card,card_declined,7,8706.07,1,0
49,2,1045.93,0.49,1,40,upi,insufficient_funds,32,2001.95,0,0
45,39,1293.61,0.81,3,69,card,card_declined,32,8082.0,2,0
38,49,746.93,0.96,2,32,wallet,insufficient_funds,24,12872.49,1,1
63,42,5267.08,0.74,2,45,wallet,insufficient_funds,47,4836.4,0,0
30,44,4044.65,0.46,1,80,card,card_declined,8,2356.16,0,0
44,34,893.52,0.43,0,74,card,network_error,31,4148.16,2,1
53,42,722.39,0.88,1,37,card,card_declined,37,4157.63,0,1
24,20,2096.09,0.78,0,15,card,insufficient_funds,20,3778.17,4,1
39,33,470.23,0.95,0,75,upi,insufficient_funds,8,2623.97,2,0
27,4,1982.6,0.73,2,9,netbanking,insufficient_funds,7,7635.06,0,0
56,45,1197.3,0.44,0,82,card,expired_card,29,3926.92,1,0
32,44,401.87,0.64,2,55,wallet,insufficient_funds,34,6719.96,1,0
32,11,986.1,0.79,1,9,wallet,bank_error,22,10412.3,1,0
21,42,692.96,0.63,1,64,upi,bank_error,6,3752.58,0,1
49,47,1228.13,1.0,1,41,upi,bank_error,12,10874.78,0,1
40,5,1141.68,0.64,1,15,upi,bank_error,42,1203.52,0,1
23,25,427.04,0.73,2,36,card,network_error,46,4039.87,3,1
41,49,867.92,0.54,3,36,upi,bank_error,28,975.48,0,1
37,37,1639.76,0.49,0,65,upi,expired_card,26,961.95,2,1
54,34,1849.81,0.79,0,28,card,card_declined,9,678.73,1,1
37,9,850.53,0.75,0,33,upi,expired_card,27,14953.19,1,0
29,6,1510.87,0.4,3,65,card,network_error,39,2526.14,2,0
50,18,1321.43,0.57,2,54,upi,insufficient_funds,28,2419.41,1,0
45,14,1056.96,0.79,1,6,upi,expired_card,32,3619.01,1,0
25,19,1517.34,0.89,3,75,card,bank_error,34,1412.3,0,0
18,14,573.84,0.59,2,48,card,card_declined,32,8493.4,3,0
54,40,1097.38,0.79,1,69,netbanking,card_declined,10,7397.51,1,0
39,17,356.82,0.56,0,74,upi,card_declined,35,4863.46,1,0
23,35,1055.86,0.81,1,28,upi,expired_card,18,4092.31,1,1
38,29,2973.57,0.82,2,16,upi,insufficient_funds,37,3107.77,1,1
49,42,876.85,0.48,2,26,card,expired_card,24,5381.18,1,0
52,17,2772.56,0.8,4,50,card,insufficient_funds,24,3575.91,0,0
32,59,886.68,0.6,1,54,card,insufficient_funds,30,1307.35,3,1
22,43,513.22,0.5,1,78,wallet,bank_error,27,7940.27,0,0
63,8,1747.21,0.7,1,13,upi,insufficient_funds,30,5193.93,0,0
67,1,1517.4,0.67,2,65,netbanking,bank_error,4,899.98,1,1
65,45,5559.73,0.86,1,35,card,bank_error,27,2197.68,0,1
23,53,552.52,0.45,2,79,upi,card_declined,45,1970.71,0,0
42,36,1407.39,0.87,1,29,card,bank_error,3,1464.8,0,0
63,7,1442.93,0.46,0,31,upi,network_error,6,6940.62,0,0
57,46,2300.15,0.52,4,12,card,insufficient_funds,7,7400.22,1,0
46,5,1589.0,0.71,3,69,upi,card_declined,21,3917.08,1,1
24,24,896.36,0.68,5,32,card,bank_error,7,5065.46,0,1
57,28,518.14,0.99,3,10,upi,network_error,2,20320.35,1,1
30,43,1397.77,0.75,2,5,card,card_declined,9,3263.49,2,1
55,17,1425.24,0.6,1,27,card,insufficient_funds,3,20409.28,1,1
35,37,1706.14,0.94,2,39,card,expired_card,15,3214.17,6,1
19,20,895.51,0.59,2,21,upi,card_declined,35,3022.61,0,0
25,3,1332.36,0.56,0,16,card,card_declined,21,5021.87,1,0
28,37,372.07,0.7,2,29,card,expired_card,17,12259.23,2,0
50,26,533.54,0.95,3,79,upi,network_error,6,7054.16,0,1
55,15,2110.9,0.83,2,71,card,insufficient_funds,15,3632.77,1,0
65,51,1243.75,0.81,3,82,upi,network_error,12,4180.65,1,0
44,48,1530.08,0.84,1,83,card,insufficient_funds,33,3577.57,1,1
37,8,721.37,0.8,0,81,wallet,expired_card,10,12645.27,1,0
29,13,659.96,0.86,1,14,upi,card_declined,6,3287.76,1,0
60,48,815.27,0.52,0,41,upi,network_error,42,7995.42,0,1
48,3,1295.15,0.51,5,74,wallet,network_error,33,12062.94,1,0
44,1,1772.49,0.62,1,89,netbanking,insufficient_funds,13,5874.66,1,0
49,9,921.15,0.91,2,41,card,network_error,2,12889.37,1,0
27,31,343.19,0.83,2,44,card,bank_error,18,13026.33,1,0
20,41,1452.04,0.74,0,73,card,bank_error,17,1825.51,2,0
62,54,1322.05,0.41,1,16,card,network_error,34,9924.8,4,1
44,26,1533.67,0.54,1,24,upi,bank_error,8,20835.95,0,0
52,17,1997.29,0.88,1,21,upi,network_error,29,11252.21,2,0
48,56,1889.92,0.55,1,59,netbanking,insufficient_funds,6,22021.12,1,0
32,34,2842.87,0.84,1,39,upi,network_error,15,4566.73,1,0
33,9,1118.67,0.51,0,71,upi,bank_error,31,4676.39,1,0
30,56,810.5,0.76,1,7,card,card_declined,45,1299.01,2,0
66,51,2272.39,0.78,3,28,upi,insufficient_funds,30,4176.32,1,0
52,13,2071.13,0.85,4,51,upi,bank_error,20,4703.72,0,0
69,5,931.69,0.66,2,35,upi,expired_card,26,17070.77,1,0
28,41,2378.25,0.78,1,58,upi,insufficient_funds,20,6245.62,1,0
38,13,1155.36,0.69,5,10,card,network_error,24,9939.37,1,1
68,1,2679.61,0.97,2,38,card,insufficient_funds,40,1662.89,3,0
28,25,3679.2,0.71,3,32,card,insufficient_funds,16,7178.17,2,0
47,47,6965.68,0.53,2,62,upi,insufficient_funds,4,7077.27,0,0
65,4,1145.47,0.8,1,88,card,insufficient_funds,34,5951.01,0,0
52,36,2953.66,0.73,2,50,card,card_declined,3,9877.47,1,0
39,52,1993.59,0.88,3,41,netbanking,insufficient_funds,3,3364.18,2,0
55,10,2127.86,0.51,1,47,card,bank_error,38,7563.52,0,0
48,28,1476.02,0.56,2,2,card,expired_card,1,4514.2,2,0
31,57,2134.04,0.95,1,42,upi,card_declined,12,14828.2,0,1
41,6,419.11,0.96,2,4,wallet,insufficient_funds,19,3256.89,0,0
67,27,1074.71,0.67,2,1,card,bank_error,35,7973.4,1,1
66,56,694.06,0.43,0,22,netbanking,network_error,5,9989.26,1,1
49,12,654.6,0.58,0,11,card,card_declined,43,2090.15,2,0
53,52,401.48,0.55,0,11,card,insufficient_funds,39,3669.65,1,1
49,48,758.47,0.65,2,14,card,insufficient_funds,10,3072.96,1,1
32,3,970.77,0.59,1,87,upi,expired_card,10,14256.2,0,0
60,46,1247.65,0.9,1,73,wallet,card_declined,37,1831.27,0,0
52,33,1087.13,0.4,0,59,card,bank_error,36,3307.12,0,1
20,10,2290.76,0.79,1,18,upi,bank_error,35,3206.69,0,0
33,31,585.69,0.8,1,61,card,insufficient_funds,25,1766.43,2,0
22,15,281.31,0.8,0,24,wallet,bank_error,31,7746.88,1,1
38,7,1590.84,0.71,3,27,card,bank_error,44,1850.32,0,1
27,36,1061.34,0.77,1,35,upi,expired_card,36,7000.31,0,0
36,14,1046.03,0.89,2,68,card,card_declined,19,9859.28,2,0
42,56,665.84,0.87,1,22,wallet,insufficient_funds,7,2151.75,0,0
21,48,2072.26,0.42,2,11,card,insufficient_funds,9,1910.06,0,0
46,14,817.83,0.42,1,71,card,insufficient_funds,25,16315.22,0,0
36,3,590.81,0.9,2,58,upi,bank_error,23,15970.68,2,1
60,49,3540.36,0.74,1,76,netbanking,bank_error,13,2720.64,0,0
19,53,1779.53,0.97,1,4,wallet,expired_card,42,2268.7,1,0
27,46,1066.24,0.66,1,66,card,expired_card,11,2981.46,1,0
60,50,198.57,0.51,4,65,card,card_declined,35,6570.94,3,0
42,3,930.02,0.68,3,18,netbanking,network_error,24,2633.31,1,0
37,22,1080.16,0.66,2,59,card,network_error,34,2702.07,2,0
65,19,3055.13,0.71,1,23,upi,insufficient_funds,45,8506.0,1,0
36,35,322.15,0.88,1,4,card,expired_card,15,2276.39,3,1
40,12,3268.81,0.79,4,53,upi,insufficient_funds,11,6546.18,2,0
41,54,1488.99,0.51,4,83,upi,insufficient_funds,19,3849.06,0,0
28,5,470.92,0.84,3,40,upi,network_error,28,9539.41,0,1
63,10,2090.74,0.76,1,40,upi,card_declined,38,43927.3,1,0
51,41,924.53,0.75,1,51,upi,expired_card,14,1641.83,0,0
45,33,342.64,0.81,2,9,upi,network_error,7,3094.36,1,1
22,13,803.44,0.74,1,23,upi,insufficient_funds,32,3548.24,2,1
22,35,1310.86,0.67,0,13,upi,bank_error,1,3412.45,1,1
68,51,1145.22,0.78,0,1,upi,expired_card,22,5620.63,1,1
38,32,1720.61,0.83,4,76,upi,bank_error,33,7983.82,2,0
29,11,2364.22,0.54,3,10,netbanking,bank_error,12,3411.78,2,0
67,48,508.26,0.7,3,27,card,insufficient_funds,29,4860.16,0,0
21,38,1080.7,0.67,1,19,upi,bank_error,33,3703.62,1,1
66,24,715.53,0.42,8,22,wallet,bank_error,33,1799.12,0,0
59,35,457.49,0.9,3,89,card,insufficient_funds,22,2025.99,3,0
37,19,1057.55,0.63,1,11,upi,insufficient_funds,6,7031.67,2,0
55,6,1483.51,0.44,3,75,card,bank_error,31,21647.33,1,0
42,40,1546.07,0.67,2,16,card,insufficient_funds,45,4492.47,1,1
31,54,831.6,0.5,3,29,card,bank_error,20,3436.92,0,0
28,45,541.58,0.82,1,30,netbanking,insufficient_funds,16,2975.99,1,0
49,44,698.38,0.74,2,11,card,expired_card,33,22954.25,1,0
28,42,294.78,0.56,2,57,card,expired_card,11,4636.11,1,0
35,35,476.99,0.97,1,65,card,bank_error,34,1574.34,0,0
44,4,506.82,0.58,1,6,card,expired_card,37,6269.23,0,0
35,33,1981.71,0.73,2,77,upi,insufficient_funds,37,5259.98,1,0
40,13,1980.46,0.88,3,35,card,card_declined,28,14059.52,0,0
28,56,4868.97,0.71,2,59,wallet,card_declined,6,3990.25,0,0
38,36,1297.54,0.98,1,14,card,network_error,44,3655.77,2,1
61,54,781.55,0.91,1,43,upi,card_declined,1,1924.34,1,0
22,43,1105.86,0.95,2,46,card,insufficient_funds,37,2665.65,0,0
40,19,974.13,0.62,2,22,wallet,network_error,22,1837.58,1,1
58,43,704.72,0.73,2,60,card,card_declined,33,4437.7,1,0
42,12,1371.89,0.9,0,85,upi,bank_error,18,9018.35,0,0
58,11,1255.57,0.94,0,2,upi,card_declined,38,2151.12,0,1
27,6,1035.04,0.97,2,69,card,card_declined,29,18316.94,0,0
39,12,892.47,0.93,2,15,card,bank_error,39,17904.74,0,0
36,27,1706.72,0.84,1,50,upi,bank_error,2,13770.08,0,1
18,41,744.25,0.41,3,84,upi,network_error,1,3214.16,2,0
24,25,826.99,0.59,0,56,card,card_declined,6,1940.76,0,0
21,42,1529.29,0.48,1,63,upi,network_error,27,4910.58,1,0
18,3,2226.17,0.49,1,88,upi,bank_error,42,13901.38,0,0
32,3,2088.28,0.57,0,35,wallet,insufficient_funds,15,18678.97,1,0
57,20,914.42,0.44,1,88,upi,insufficient_funds,14,14007.73,0,0
29,28,452.58,0.55,3,26,card,network_error,32,22984.64,1,0
39,23,895.48,0.97,1,86,card,network_error,11,12045.14,0,1
39,48,1154.54,0.59,0,27,card,insufficient_funds,5,2703.56,0,1
67,3,502.73,0.5,4,19,card,card_declined,19,15996.59,1,0
64,42,883.89,0.83,3,37,upi,insufficient_funds,27,1908.97,0,1
34,24,2552.86,0.9,2,36,upi,insufficient_funds,46,13859.46,0,1
46,43,1215.89,0.59,0,40,upi,bank_error,1,3395.22,0,0
63,40,751.14,0.57,4,63,netbanking,card_declined,47,6364.18,0,0
31,6,1119.0,0.55,1,39,card,insufficient_funds,41,2212.94,0,1
67,20,1162.84,0.64,1,12,card,bank_error,33,6447.89,1,1
37,11,844.42,0.45,1,44,card,insufficient_funds,31,10554.19,0,0
67,32,1883.08,0.8,3,80,netbanking,card_declined,29,6532.38,2,0
65,27,304.94,0.89,6,48,upi,bank_error,39,8242.3,1,0
50,21,1525.74,0.8,1,79,card,insufficient_funds,1,7706.89,1,0
60,44,734.21,0.65,4,33,card,bank_error,45,4632.24,0,0
32,48,2280.14,0.57,0,79,card,expired_card,27,6114.48,0,0
29,50,449.33,0.65,0,32,wallet,card_declined,41,1927.77,0,1
57,13,2115.41,0.65,4,22,card,network_error,7,9457.62,1,0
37,22,631.13,0.8,0,6,upi,card_declined,43,5970.2,1,1
47,35,1373.87,0.96,0,30,card,bank_error,31,3650.64,1,1
55,47,791.95,0.44,1,17,upi,insufficient_funds,29,2114.36,0,0
20,22,2414.02,0.97,0,2,wallet,bank_error,43,4197.91,0,1
45,28,959.34,0.95,1,80,card,bank_error,38,1481.49,0,1
43,21,661.07,0.47,2,55,card,card_declined,45,4356.46,1,0
47,46,2920.09,0.51,0,12,card,insufficient_funds,3,11376.69,1,1
30,18,901.35,0.59,3,12,card,insufficient_funds,43,6588.27,1,0
30,31,1580.11,0.74,0,51,upi,card_declined,2,2042.14,0,0
19,46,2116.1,0.48,1,48,card,insufficient_funds,9,6781.02,0,0
54,37,592.5,0.52,2,39,upi,insufficient_funds,39,4900.39,2,0
66,21,1473.45,0.94,0,81,upi,network_error,30,4301.77,2,0
55,14,1619.75,0.47,0,70,card,card_declined,14,2749.04,1,0
19,25,371.21,0.64,1,1,upi,bank_error,20,3674.41,0,0
53,27,1374.91,0.86,2,16,upi,card_declined,14,3969.33,1,1
43,40,855.99,0.93,0,46,card,insufficient_funds,22,4026.78,0,1
28,23,3408.84,0.6,2,63,card,insufficient_funds,27,5443.38,0,0
25,31,2010.79,0.5,2,59,card,network_error,15,21520.45,1,0
61,47,1491.23,0.84,1,47,card,network_error,26,13305.99,0,0
57,29,262.72,0.86,2,16,card,expired_card,15,5542.76,0,1
60,47,1497.41,0.99,2,46,upi,card_declined,31,9719.44,0,0
39,30,643.75,0.48,1,80,card,bank_error,11,3105.2,0,0
37,51,2021.25,0.83,1,39,upi,insufficient_funds,14,1904.95,1,1
25,26,980.5,0.65,1,50,netbanking,insufficient_funds,4,22063.51,1,0
46,20,762.53,0.95,0,49,card,expired_card,35,4541.04,0,1
57,38,807.84,0.64,2,26,card,network_error,32,8298.13,2,1
43,19,846.28,0.67,4,33,card,card_declined,36,4720.46,0,0
47,27,427.07,0.48,1,20,card,insufficient_funds,32,10783.39,1,0
34,25,468.15,0.59,1,77,upi,insufficient_funds,14,30786.37,1,1
37,40,867.11,0.64,1,72,card,insufficient_funds,34,2858.89,2,0
69,38,3257.11,0.41,0,82,card,network_error,3,8166.75,1,1
33,52,1808.27,0.66,1,41,upi,network_error,37,3649.37,0,0
63,23,1925.24,0.6,1,11,upi,network_error,23,4938.61,1,0
60,29,2535.28,0.88,2,55,upi,bank_error,36,1929.16,1,1
24,15,1335.13,0.46,1,47,upi,insufficient_funds,22,4198.73,1,0
33,59,796.58,0.86,1,78,card,network_error,44,3290.63,0,1
62,3,822.47,0.83,1,50,card,insufficient_funds,1,13082.46,0,1
64,10,615.22,0.55,2,23,card,network_error,36,3283.36,0,0
65,15,1934.7,0.45,2,61,upi,expired_card,14,4781.2,2,0
44,56,569.43,0.91,1,7,upi,expired_card,17,11269.34,1,1
40,16,4737.38,0.55,3,15,upi,insufficient_funds,15,9416.07,0,0
41,17,582.87,0.49,0,79,upi,card_declined,27,14516.42,2,0
26,19,2581.26,0.62,5,9,upi,bank_error,47,10785.34,2,0
52,11,2591.03,0.64,1,85,card,bank_error,17,6986.16,1,1
68,48,1697.73,0.6,4,37,card,insufficient_funds,2,4559.22,2,0
37,5,3409.77,0.99,2,59,netbanking,network_error,25,4215.99,2,1
54,5,955.88,0.93,2,28,upi,insufficient_funds,8,5102.03,2,0
59,58,1199.65,0.92,2,6,upi,network_error,10,2355.41,1,0
34,14,1283.18,0.64,1,10,card,network_error,28,3600.76,0,0
64,50,1657.53,0.98,1,15,upi,insufficient_funds,36,6644.12,0,0
48,26,306.96,0.81,2,88,upi,card_declined,40,1465.94,2,0
25,8,1018.11,0.9,1,4,upi,expired_card,35,1238.21,1,1
32,5,1999.73,0.7,2,58,card,insufficient_funds,16,904.6,2,0
48,7,845.27,0.5,0,15,card,expired_card,17,1660.09,1,1
47,16,4322.99,0.93,2,37,card,card_declined,1,3831.94,2,0
63,55,1199.45,0.69,1,2,netbanking,bank_error,22,4331.91,0,0
37,14,1572.1,0.98,0,47,wallet,insufficient_funds,4,2321.79,0,1
56,37,3247.68,0.55,1,28,card,insufficient_funds,27,2368.21,2,0
29,56,1200.63,1.0,3,69,upi,insufficient_funds,38,2037.13,0,0
66,41,3210.75,0.53,1,87,card,bank_error,21,5872.69,1,0
34,4,1649.46,0.62,2,73,card,card_declined,11,3814.93,1,0
59,36,1651.69,0.76,2,71,card,card_declined,31,5575.3,0,1
47,48,588.51,0.82,0,68,upi,insufficient_funds,4,3740.54,1,1
46,56,2379.21,0.83,1,19,card,insufficient_funds,23,3431.86,0,1
36,17,717.32,0.69,2,8,upi,network_error,44,5455.34,0,0
63,47,962.5,0.45,0,31,card,insufficient_funds,39,6139.0,1,0
28,36,2647.68,0.7,1,14,netbanking,bank_error,36,13081.93,1,1
51,6,848.34,0.6,2,29,netbanking,card_declined,24,8155.91,2,0
67,16,1398.92,0.79,0,9,netbanking,insufficient_funds,11,17875.84,2,0
24,29,1056.05,0.51,3,70,upi,insufficient_funds,37,2587.39,0,0
61,36,1082.15,0.64,3,60,upi,insufficient_funds,12,2122.17,3,0
51,38,987.7,0.98,1,45,upi,card_declined,41,3295.35,1,0
37,37,530.95,0.45,5,74,card,insufficient_funds,10,8613.48,1,0
67,48,1606.16,0.76,0,54,card,card_declined,36,2938.19,2,0
55,57,1709.38,0.45,1,45,wallet,bank_error,30,12395.45,0,1
41,48,729.68,0.49,1,3,upi,insufficient_funds,15,1853.98,0,1
27,10,804.64,0.76,1,76,card,bank_error,7,2011.16,0,1
49,41,2077.86,0.67,3,36,card,card_declined,32,5183.34,1,0
69,36,911.73,0.73,1,11,card,bank_error,40,23389.09,0,0
32,29,1170.07,0.93,0,73,card,network_error,47,7688.92,0,1
54,14,591.63,0.89,0,6,wallet,insufficient_funds,7,8014.82,0,1
37,4,1048.98,0.93,2,76,card,bank_error,6,2439.41,1,1
20,44,593.88,0.77,1,41,card,insufficient_funds,44,3641.1,1,1
54,56,718.03,0.69,1,72,card,card_declined,30,6572.72,0,0
57,42,642.31,0.68,2,41,netbanking,bank_error,44,1219.61,0,0
25,36,2006.8,0.84,1,77,wallet,insufficient_funds,15,4029.85,0,0
57,50,432.37,0.71,0,62,card,network_error,34,14830.74,1,0
61,45,1321.7,0.46,0,9,upi,bank_error,37,13097.53,2,0
40,13,938.06,0.49,1,84,wallet,network_error,6,27457.96,2,0
57,46,2914.3,0.61,1,10,upi,network_error,27,3843.78,1,0
28,18,1892.45,0.44,0,41,upi,network_error,41,1556.11,0,1
63,33,460.37,0.54,1,27,upi,network_error,42,3593.5,0,1
25,21,740.73,0.79,0,53,card,bank_error,4,5507.72,1,0
46,16,1086.0,0.41,0,4,card,card_declined,15,9726.21,1,0
47,15,740.62,0.76,0,10,upi,network_error,16,5840.94,0,0
27,54,2071.01,0.86,2,49,wallet,expired_card,15,7228.22,0,0
56,57,1235.16,0.5,0,19,upi,card_declined,21,3636.92,0,0
45,5,957.82,0.51,1,74,card,bank_error,23,3777.6,0,0
66,6,2179.01,0.42,0,50,card,insufficient_funds,25,2759.41,1,0
53,38,480.99,0.71,5,48,upi,card_declined,9,1739.03,1,0
30,3,910.63,0.79,0,23,card,network_error,32,3416.01,0,1
49,48,1304.53,0.67,2,9,card,insufficient_funds,45,6630.43,4,0
53,12,993.35,0.63,1,66,card,bank_error,5,7894.94,2,0
54,36,124.81,0.67,0,19,card,bank_error,37,6651.9,1,1
43,33,1390.36,0.87,0,72,card,insufficient_funds,29,5719.97,1,0
39,36,1559.17,0.42,2,51,card,card_declined,21,3519.76,0,0
21,33,539.81,0.87,0,11,upi,network_error,1,16438.51,1,1
48,31,237.92,0.8,1,3,upi,card_declined,7,5612.32,0,0
35,21,682.38,0.54,1,61,upi,bank_error,6,4236.89,1,1
55,27,951.05,0.71,0,82,card,insufficient_funds,19,9049.74,1,1
41,27,1014.98,0.43,4,17,card,bank_error,40,16895.84,0,0
40,8,276.73,0.63,1,73,card,card_declined,14,9687.77,0,0
39,56,1264.27,0.5,1,30,card,card_declined,6,9436.61,1,0
19,37,2253.44,0.41,2,80,card,insufficient_funds,9,3828.35,1,0
48,32,2142.58,0.61,3,8,card,bank_error,32,18402.75,0,0
28,26,2579.34,0.84,1,41,upi,card_declined,8,15019.57,0,0
45,2,469.15,0.95,0,26,upi,insufficient_funds,41,5579.57,0,0
63,12,2029.09,0.8,0,5,card,insufficient_funds,22,5029.35,2,0
49,22,570.39,0.64,1,69,card,card_declined,8,9175.73,1,0
22,17,1905.44,1.0,4,24,card,insufficient_funds,44,5211.23,0,0
55,7,654.49,0.57,0,78,card,card_declined,34,23370.58,0,0
27,43,1403.07,0.51,2,69,card,bank_error,9,15097.42,0,0
57,4,3211.94,0.68,0,36,card,card_declined,10,3525.73,1,0
63,37,2107.07,0.7,0,89,upi,insufficient_funds,22,4254.11,0,0
41,38,575.02,0.61,1,17,netbanking,insufficient_funds,13,1960.55,1,1
52,32,494.12,0.82,1,70,upi,insufficient_funds,42,18253.72,0,0
61,11,1888.31,0.51,1,71,card,bank_error,35,8589.91,2,0
65,1,2761.77,0.71,0,46,upi,insufficient_funds,8,1569.77,2,1
40,25,1481.57,0.7,1,79,upi,insufficient_funds,13,3434.13,2,1
34,42,766.76,0.89,2,70,wallet,bank_error,35,1586.42,0,0
18,52,1129.25,0.96,0,32,card,card_declined,29,5912.07,0,0
48,24,1484.32,0.8,3,60,upi,card_declined,10,3348.76,0,0
48,53,1030.0,0.58,0,42,card,bank_error,30,3775.71,0,1
59,43,575.42,0.81,2,40,upi,card_declined,6,14602.05,2,1
59,56,2309.11,0.55,1,27,card,insufficient_funds,29,6217.46,1,0
51,17,4083.87,0.98,4,5,card,expired_card,38,6117.34,1,1
26,8,2976.75,0.89,1,61,wallet,insufficient_funds,5,3716.64,0,0
39,59,239.89,0.66,1,61,upi,card_declined,7,4816.2,0,0
30,45,2463.13,0.87,0,80,wallet,bank_error,11,7525.32,0,1
42,27,1643.76,0.65,3,52,upi,bank_error,20,17431.12,0,0
65,52,692.22,0.44,0,75,upi,network_error,27,5816.83,1,0
35,18,277.68,0.82,2,89,upi,card_declined,15,3428.44,0,0
68,27,1012.78,0.64,3,66,upi,insufficient_funds,29,6190.82,1,0
29,22,1414.56,0.96,2,7,upi,network_error,12,5387.85,0,0
57,16,505.32,0.58,1,38,card,card_declined,38,47661.92,1,1
34,2,2598.22,0.91,2,51,card,card_declined,33,4142.9,0,0
32,5,2554.5,0.81,2,1,card,expired_card,35,5730.13,0,0
59,18,1521.64,0.91,2,82,card,network_error,44,9176.76,1,0
32,3,419.49,0.58,2,76,card,insufficient_funds,33,6180.06,0,0
32,27,912.83,0.68,2,49,upi,card_declined,15,11735.81,0,0
56,54,1819.99,0.89,2,72,card,insufficient_funds,36,5565.99,1,0
30,17,1737.88,0.79,2,20,upi,insufficient_funds,45,3780.09,2,1
34,16,672.28,0.62,3,42,card,insufficient_funds,31,7385.44,1,0
49,6,744.96,0.71,2,16,upi,bank_error,44,6544.12,0,0
26,51,660.26,1.0,2,33,upi,expired_card,42,8925.19,1,1
57,7,899.63,0.85,4,89,upi,bank_error,25,3504.75,0,0
37,50,780.02,0.77,1,83,card,card_declined,2,8244.79,1,0
43,14,686.6,0.9,3,16,upi,insufficient_funds,18,14864.58,1,0
44,38,995.92,0.67,2,16,upi,insufficient_funds,41,1330.65,1,0
38,40,1127.77,0.97,1,48,wallet,insufficient_funds,44,5208.64,0,1
35,15,2347.1,0.73,2,89,upi,expired_card,26,2694.46,1,0
30,47,315.17,0.6,1,55,upi,insufficient_funds,14,10028.35,0,0
33,47,2574.69,0.45,1,28,netbanking,insufficient_funds,7,5347.58,3,0
26,48,649.94,0.63,0,73,card,bank_error,44,3019.84,1,1
29,33,4033.36,0.74,4,82,upi,insufficient_funds,26,3369.48,0,0
61,43,1756.78,0.82,1,23,card,card_declined,40,20304.47,1,1
55,27,1608.63,0.93,0,30,netbanking,card_declined,15,4401.82,0,0
36,29,1019.62,0.97,2,61,upi,bank_error,11,5176.0,1,1
24,57,4647.65,0.46,1,88,upi,expired_card,30,6907.79,0,0
52,37,1073.39,0.76,1,75,card,card_declined,2,2300.2,0,1
65,5,3159.56,0.8,0,26,upi,bank_error,39,10642.33,3,1
35,29,733.5,0.5,2,11,card,expired_card,26,1985.95,1,0
33,32,1810.97,0.73,3,20,upi,bank_error,47,9146.37,1,0
56,53,4141.14,0.6,1,44,card,bank_error,13,2980.64,1,0
21,6,605.72,0.45,1,18,card,insufficient_funds,32,4890.85,0,0
42,2,1546.7,0.44,2,34,card,insufficient_funds,45,11685.79,0,0
49,6,668.84,0.86,1,4,card,network_error,39,2856.98,1,1
57,46,1481.43,0.77,1,85,card,card_declined,21,4198.82,1,0
30,43,4129.01,0.83,0,14,card,bank_error,42,3378.12,1,0
62,4,570.55,0.81,2,13,card,insufficient_funds,14,6909.41,0,0
34,56,1223.18,0.48,3,41,netbanking,card_declined,15,2038.57,0,0
66,29,611.47,0.49,2,79,card,card_declined,22,3321.44,1,0
54,59,1001.75,0.55,2,57,upi,card_declined,42,6278.44,1,0
23,25,1694.02,0.64,0,87,card,insufficient_funds,9,24143.33,1,0
36,9,890.05,0.96,1,22,netbanking,insufficient_funds,8,6012.54,0,0
30,56,3300.2,0.8,0,10,upi,insufficient_funds,10,4402.54,0,1
43,3,1538.16,0.55,3,69,upi,network_error,16,4048.63,1,0
31,26,434.25,0.43,0,68,card,card_declined,9,24675.27,1,0
48,48,1371.77,0.81,3,50,netbanking,insufficient_funds,30,10259.67,0,0
21,43,3049.65,0.78,0,16,card,expired_card,1,2063.46,0,1
56,27,1603.09,0.81,1,11,upi,bank_error,11,998.67,2,1
25,36,1316.24,0.56,2,68,upi,insufficient_funds,34,1891.64,0,0
42,32,890.45,0.71,3,87,wallet,expired_card,8,5612.77,1,0
30,1,1024.62,0.62,0,67,card,insufficient_funds,6,5246.56,0,0
49,57,1104.99,0.89,3,20,card,bank_error,33,5850.18,0,0
55,53,197.92,0.44,2,65,upi,bank_error,11,19777.61,3,0
55,54,1517.15,0.57,2,33,wallet,insufficient_funds,10,5582.16,0,0
45,16,2203.25,0.76,0,10,card,expired_card,27,5493.47,1,0
47,51,649.66,0.52,3,67,card,insufficient_funds,17,4206.02,1,0
20,48,1290.44,0.8,0,55,card,bank_error,25,6495.25,1,1
45,11,1404.63,0.48,1,32,card,card_declined,6,8346.02,0,0
20,26,1933.73,0.41,3,45,card,card_declined,18,5130.52,0,0
62,40,1106.15,0.92,0,59,netbanking,expired_card,43,1920.89,1,1
51,55,1599.98,0.6,0,31,card,insufficient_funds,42,2221.48,0,1
33,1,486.33,0.49,4,85,upi,card_declined,3,7687.66,1,0
39,26,539.16,0.5,1,88,card,insufficient_funds,17,2446.85,0,0
49,28,1482.97,0.93,1,88,upi,network_error,47,4020.13,1,1
55,53,933.82,0.79,3,52,upi,expired_card,42,1149.58,1,0
25,58,362.67,0.97,3,10,upi,bank_error,15,10392.47,2,0
25,9,1398.63,0.88,1,6,upi,card_declined,16,3110.34,1,0
23,59,449.29,0.86,3,1,wallet,expired_card,38,914.47,1,0
31,44,7272.3,0.7,1,46,card,insufficient_funds,44,8363.48,1,0
49,22,239.06,0.89,0,74,netbanking,expired_card,40,1596.96,2,1
52,8,1137.83,0.65,0,30,card,insufficient_funds,46,1931.05,1,0
27,58,502.05,0.9,2,79,upi,insufficient_funds,36,9359.55,1,1
20,49,2082.05,0.85,2,78,card,network_error,20,3011.1,0,1
29,42,827.15,0.81,0,63,card,card_declined,2,20737.34,0,0
66,27,2228.27,0.6,0,88,upi,card_declined,3,1635.5,0,0
48,39,1876.45,0.78,2,63,wallet,bank_error,30,18277.09,0,0
46,19,519.35,0.7,0,74,card,network_error,44,2196.3,1,0
22,25,659.1,0.68,1,1,upi,card_declined,9,3728.06,0,0
69,38,861.64,0.99,0,20,netbanking,card_declined,20,2200.83,1,0
42,21,1046.0,0.7,2,29,card,bank_error,12,11560.86,1,0
58,24,955.74,0.42,1,34,card,card_declined,13,16679.71,0,0
48,24,1825.62,0.78,2,66,upi,bank_error,3,3534.28,1,0
38,19,1291.77,0.84,0,66,card,insufficient_funds,27,3935.27,0,0
37,50,714.19,0.93,0,2,upi,card_declined,18,1452.51,0,0
56,47,578.99,0.78,1,72,card,card_declined,46,12452.75,2,1
39,2,619.48,0.41,1,54,card,network_error,34,2250.99,0,0
21,14,1381.6,0.47,1,89,upi,network_error,11,1758.95,0,0
30,53,958.0,0.5,1,18,wallet,network_error,12,4869.9,0,0
62,32,4704.24,0.53,0,81,card,card_declined,20,3312.78,0,1
59,42,1096.45,0.88,4,30,upi,card_declined,7,2712.69,1,0
67,32,1251.52,0.59,2,8,upi,bank_error,46,4296.98,1,1
66,28,310.84,0.59,0,42,netbanking,insufficient_funds,16,2848.98,0,0
37,48,429.82,0.85,2,29,card,card_declined,19,5570.8,2,1
69,39,500.21,0.65,2,51,wallet,insufficient_funds,14,13134.52,0,0
30,40,755.12,0.44,2,83,card,card_declined,28,732.15,0,1
34,42,388.55,0.75,3,24,wallet,insufficient_funds,36,6421.62,0,0
53,47,488.6,0.48,2,82,netbanking,network_error,41,14248.8,0,0
50,40,1746.65,0.74,1,10,netbanking,expired_card,7,6455.04,1,0
18,13,600.7,0.87,2,16,netbanking,insufficient_funds,41,13357.52,1,1
32,12,1065.6,0.96,2,50,netbanking,bank_error,9,8652.72,0,0
30,8,1659.88,0.44,0,41,netbanking,insufficient_funds,34,6233.3,2,1
34,15,2127.35,0.58,2,54,netbanking,bank_error,24,1606.82,0,0
41,26,1345.83,0.79,0,44,upi,insufficient_funds,17,1517.23,2,0
25,12,1403.77,0.59,2,60,wallet,card_declined,31,1966.56,1,0
67,43,2173.5,0.67,0,69,card,network_error,15,11221.98,0,1
44,51,1465.55,0.41,1,79,upi,network_error,28,4156.35,4,0
62,46,2263.79,0.82,1,23,upi,card_declined,44,5934.23,0,0
40,27,244.6,0.93,3,71,netbanking,expired_card,15,6321.39,0,0
63,18,1034.24,0.99,1,20,upi,expired_card,17,4014.18,0,0
25,45,1140.23,0.9,1,39,card,bank_error,24,4661.89,1,1
25,36,1009.77,0.42,1,3,upi,insufficient_funds,13,11835.12,0,1
43,49,1195.41,0.79,2,3,card,insufficient_funds,42,3433.15,1,1
64,51,824.0,0.7,1,31,upi,bank_error,21,6181.45,0,0
30,27,1905.09,0.96,2,7,netbanking,insufficient_funds,25,2844.39,0,1
56,9,753.78,0.94,4,1,netbanking,insufficient_funds,19,4529.64,1,0
54,55,941.6,0.99,4,56,netbanking,insufficient_funds,3,12236.26,1,0
66,39,3013.41,0.92,2,27,upi,network_error,46,4930.48,5,1
45,1,2732.87,0.73,1,65,card,network_error,24,3054.91,1,0
42,7,1224.57,0.83,1,70,upi,insufficient_funds,21,11437.14,0,1
33,26,702.17,0.98,1,84,upi,insufficient_funds,1,13897.19,1,0
19,7,349.33,0.75,0,39,card,card_declined,31,36114.23,0,1
35,52,1000.3,0.9,2,3,card,insufficient_funds,7,6193.6,0,0
34,7,1565.13,0.97,0,59,netbanking,insufficient_funds,32,2411.95,1,0
47,8,661.95,0.74,1,2,upi,network_error,43,2828.78,0,0
56,16,1101.19,0.5,0,47,upi,card_declined,36,3739.44,0,0
30,3,859.28,0.49,1,20,upi,insufficient_funds,3,8098.89,1,0
49,45,328.48,0.47,1,27,upi,card_declined,1,2322.36,0,0
67,10,1190.37,0.69,2,84,card,bank_error,12,7756.65,2,0
46,50,1487.07,0.69,1,19,wallet,insufficient_funds,10,2036.73,0,1
63,7,1226.1,0.77,1,55,card,insufficient_funds,7,4138.15,1,0
47,21,3390.55,0.69,1,63,upi,card_declined,25,2433.37,1,0
35,53,875.41,0.98,2,85,upi,insufficient_funds,27,3132.74,1,0
30,37,828.05,0.57,1,43,upi,network_error,27,13252.48,0,1
60,31,4996.65,0.92,4,84,card,bank_error,6,1529.04,0,0
38,23,457.55,0.46,3,5,wallet,insufficient_funds,20,8883.75,1,0
47,57,710.61,0.76,3,20,netbanking,network_error,22,5732.84,2,1
38,27,1411.9,0.79,1,76,netbanking,bank_error,26,5128.84,1,1
65,56,2410.74,0.86,1,61,upi,bank_error,45,8245.46,1,0
34,22,2109.88,0.7,1,62,upi,network_error,41,4934.11,2,0
57,39,529.58,0.52,3,74,upi,insufficient_funds,32,2161.48,0,0
36,57,3426.7,0.62,2,63,upi,network_error,23,48881.43,1,1
69,27,1517.53,0.56,1,22,upi,expired_card,1,2286.62,0,1
32,54,617.97,0.65,1,38,upi,expired_card,36,14463.76,0,0
26,49,655.47,0.72,1,12,card,bank_error,21,1912.37,1,1
69,4,1152.95,0.78,0,74,card,network_error,14,34396.72,1,1
27,24,4947.45,0.91,1,61,upi,card_declined,19,1879.34,0,0
61,23,1272.47,0.95,3,48,wallet,card_declined,25,3186.22,1,0
48,48,4915.82,0.68,2,17,wallet,card_declined,9,1166.21,1,1
40,19,2027.71,0.45,2,52,netbanking,insufficient_funds,41,3068.44,0,0
69,42,453.23,0.88,1,46,card,expired_card,29,6348.45,1,1
47,3,2937.33,0.69,1,56,upi,insufficient_funds,46,3741.04,1,0
50,27,566.28,0.73,1,29,card,insufficient_funds,47,14313.05,4,0
69,3,712.96,0.76,1,73,card,card_declined,2,5030.16,0,0
26,28,1330.12,0.8,4,51,card,bank_error,47,6994.35,1,1
64,17,1075.02,0.93,2,76,card,card_declined,31,4983.94,1,1
18,31,2049.58,0.97,0,26,card,insufficient_funds,31,2822.12,4,0
61,10,1558.07,0.96,2,75,upi,bank_error,14,25381.01,2,1
52,49,1009.74,0.89,3,29,card,network_error,23,6553.76,0,1
28,22,3602.01,0.93,2,59,card,card_declined,31,4582.81,0,0
51,30,786.68,0.43,0,8,card,expired_card,38,1797.76,2,0
33,49,544.56,0.91,0,25,card,card_declined,16,8849.5,3,1
26,21,1516.73,0.44,1,84,upi,expired_card,8,4192.0,2,0
49,36,1082.76,0.85,2,21,card,insufficient_funds,12,7668.39,0,1
32,53,1302.14,0.5,1,4,card,insufficient_funds,1,4901.96,1,0
29,23,1838.51,0.62,1,36,upi,card_declined,40,12687.62,1,0
50,38,963.37,0.51,4,43,card,card_declined,14,18768.22,1,0
62,12,4028.0,0.67,2,83,upi,network_error,28,3869.02,1,0
31,25,1320.14,0.65,3,26,card,expired_card,1,6189.04,1,1
25,54,800.09,0.43,0,36,card,bank_error,22,1930.69,0,0
25,57,1656.9,0.9,0,89,card,expired_card,45,3076.07,2,1
44,20,1032.94,0.91,1,23,card,card_declined,28,3118.47,3,0
29,49,1187.15,0.87,4,41,card,expired_card,13,4364.84,0,0
18,49,505.58,0.91,2,75,upi,card_declined,8,2046.1,0,0
60,42,547.33,0.85,1,44,upi,bank_error,7,3932.41,0,1
57,7,2305.64,0.96,2,50,upi,expired_card,3,3622.13,1,1
59,29,462.18,0.75,0,84,card,insufficient_funds,27,32009.42,1,0
68,48,1006.6,0.75,2,9,upi,insufficient_funds,19,2875.45,3,1
28,29,1377.6,0.92,1,88,wallet,card_declined,46,22873.14,0,0
56,13,2948.7,0.61,3,47,card,card_declined,21,2594.74,1,1
60,3,782.98,0.43,3,41,card,insufficient_funds,44,6011.73,0,0
48,2,1865.4,0.85,3,13,netbanking,expired_card,1,5803.74,0,1
34,16,1007.91,0.55,2,58,card,card_declined,30,12827.44,2,0
50,30,238.39,0.68,0,66,netbanking,insufficient_funds,20,11514.39,1,1
49,38,1132.58,0.54,1,81,card,insufficient_funds,13,21020.92,0,0
46,6,1046.46,0.9,5,58,card,network_error,4,5877.63,0,0
38,45,1476.73,0.97,1,66,card,network_error,28,10935.64,1,1
38,7,699.35,0.43,3,33,upi,insufficient_funds,26,2854.15,0,0
57,5,753.54,0.54,2,69,card,card_declined,41,2884.06,1,0
40,56,2542.11,0.51,3,78,upi,insufficient_funds,3,8877.8,1,0
23,7,866.7,0.8,2,27,wallet,bank_error,38,7433.42,1,0
39,34,287.32,0.66,1,50,upi,card_declined,39,15021.12,1,0
67,32,1545.82,0.67,1,59,upi,bank_error,7,4671.85,0,1
55,49,2005.79,0.49,2,78,upi,bank_error,5,5377.98,1,0
54,13,1993.47,0.65,1,79,card,card_declined,18,1862.85,1,0
62,30,712.85,0.58,1,27,upi,network_error,2,13751.94,1,1
68,25,1096.81,0.77,2,59,wallet,card_declined,13,4587.12,0,1
25,21,1590.64,0.53,2,56,upi,bank_error,13,1247.83,0,0
58,59,2153.26,0.77,1,72,card,network_error,47,18947.46,1,0
66,21,1558.46,0.63,2,85,card,card_declined,33,13498.53,1,0
52,28,1887.36,0.61,1,34,card,network_error,46,4583.8,0,0
68,48,656.88,0.58,1,49,upi,insufficient_funds,33,5312.29,0,0
28,58,220.73,0.8,1,88,card,card_declined,47,25725.93,1,0
41,20,2292.93,0.74,1,17,card,expired_card,16,12138.77,0,0
66,34,565.54,0.91,2,70,upi,insufficient_funds,8,5753.27,2,1
38,5,972.63,0.54,0,38,upi,card_declined,44,3399.96,0,1
68,18,1930.41,0.42,0,83,upi,network_error,41,10800.31,0,0
19,39,1117.31,0.51,4,1,upi,bank_error,12,5384.04,1,1
57,43,1793.4,0.61,1,38,card,bank_error,38,4746.72,0,0
36,57,6114.39,0.51,1,26,card,bank_error,44,4556.89,1,1
56,57,1613.34,0.45,3,69,netbanking,card_declined,35,48777.2,0,0
45,11,658.49,0.67,1,68,netbanking,bank_error,32,9367.95,1,0
34,54,398.2,0.81,1,25,netbanking,network_error,2,1983.66,1,0
23,17,1761.07,0.85,1,58,card,card_declined,44,2622.55,0,0
36,48,1161.02,0.64,0,45,card,insufficient_funds,7,9316.1,0,0
55,45,417.69,0.69,0,22,upi,bank_error,40,1548.43,1,1
45,22,2503.26,0.85,1,48,netbanking,network_error,41,6760.87,1,0
19,37,1820.57,0.61,0,13,card,network_error,7,2361.39,0,1
55,20,1087.78,0.87,3,87,wallet,insufficient_funds,35,2854.77,2,0
54,48,5068.32,0.98,0,25,card,card_declined,15,5635.4,1,1
68,54,2244.46,0.93,2,10,card,bank_error,6,3907.94,3,1
69,54,548.15,0.67,5,18,card,expired_card,6,1198.99,0,0
21,48,2492.0,0.75,1,55,card,bank_error,12,4277.34,1,1
39,48,1310.87,0.83,2,27,netbanking,card_declined,34,8291.24,0,0
43,46,4127.04,0.61,1,56,card,insufficient_funds,4,6830.81,0,0
66,6,2121.95,0.88,3,56,card,card_declined,34,14388.29,0,0
60,34,1539.19,0.66,3,49,card,card_declined,35,2059.08,1,0
53,14,1479.06,0.91,0,26,card,card_declined,7,7712.68,0,0
30,48,477.26,0.55,2,2,card,card_declined,40,4438.07,0,1
69,23,766.31,0.41,1,74,card,insufficient_funds,11,4152.45,1,0
49,20,1268.83,0.78,0,60,card,bank_error,33,6722.43,0,0
34,13,419.8,0.67,1,84,card,bank_error,8,3211.1,1,0
58,47,1520.86,0.44,3,38,wallet,insufficient_funds,45,2930.57,1,0
53,44,651.78,0.69,0,3,card,network_error,7,2690.68,0,0
63,41,832.78,0.5,1,74,upi,card_declined,23,5166.53,2,0
36,32,1803.51,0.78,1,83,upi,insufficient_funds,3,5197.25,2,0
52,26,743.1,0.67,3,81,netbanking,bank_error,9,3617.74,0,0
63,50,1523.31,0.5,3,53,card,insufficient_funds,29,10186.07,2,0
57,53,1213.76,0.65,1,44,upi,network_error,7,4377.55,0,0
45,14,522.68,0.54,1,23,card,card_declined,18,25502.14,1,0
18,52,2032.41,0.79,3,28,upi,bank_error,20,16027.73,1,1
59,57,2106.8,0.58,1,32,card,network_error,31,786.53,1,0
35,36,2188.5,0.89,2,76,card,bank_error,20,2246.55,0,0
65,8,4168.77,0.41,1,20,upi,card_declined,23,3565.78,2,1
57,40,822.38,0.64,1,6,card,insufficient_funds,22,15179.38,0,1
50,22,280.13,0.77,1,3,netbanking,insufficient_funds,47,493.74,1,1
29,22,692.35,0.41,3,3,card,bank_error,22,1339.01,2,1
25,16,2146.61,0.53,1,23,upi,card_declined,44,8170.46,1,0
41,27,1035.92,0.6,1,73,upi,card_declined,41,11598.56,1,0
33,56,410.21,0.41,2,33,card,card_declined,15,2723.86,0,1
67,10,337.51,0.73,3,36,wallet,insufficient_funds,13,4443.38,1,0
21,25,2963.86,0.78,0,64,card,bank_error,11,3457.99,0,1
55,31,1679.09,0.54,3,12,wallet,card_declined,20,17570.78,1,0
61,21,774.59,0.73,1,62,card,network_error,27,16409.22,1,1
44,27,4095.98,1.0,2,26,upi,card_declined,26,1321.65,1,0
26,17,7003.97,0.93,1,37,card,insufficient_funds,47,3258.29,0,0
64,33,2262.88,0.44,2,48,card,insufficient_funds,18,3488.75,0,0
33,31,1860.76,0.48,4,74,card,card_declined,28,8483.32,0,0
29,50,1587.28,0.7,3,44,card,insufficient_funds,2,23694.97,1,0
48,42,1996.16,0.55,1,11,card,card_declined,12,3736.28,1,1
41,26,4319.34,0.45,1,83,upi,insufficient_funds,4,9074.28,2,0
31,21,555.07,0.55,0,69,netbanking,expired_card,10,1960.34,2,0
62,36,864.93,0.44,1,24,card,insufficient_funds,41,5040.18,2,0
42,1,1060.56,0.72,0,19,upi,bank_error,46,9691.43,2,1
51,4,1639.29,0.69,2,70,card,insufficient_funds,16,5891.08,0,0
20,4,3280.65,0.4,2,56,upi,bank_error,33,7113.58,1,1
41,26,1464.08,0.69,2,49,card,network_error,44,17157.26,1,0
59,4,1698.78,0.71,1,83,netbanking,card_declined,2,35113.96,1,0
26,49,1761.11,0.76,2,57,upi,insufficient_funds,47,7303.09,1,0
43,9,1114.5,0.98,2,11,upi,insufficient_funds,23,14633.15,0,0
37,30,819.51,0.99,0,63,upi,network_error,14,17114.29,2,0
57,51,1155.48,0.72,0,81,wallet,card_declined,28,29594.05,1,0
27,45,693.67,0.91,2,17,wallet,card_declined,43,3065.98,1,1
36,4,702.07,0.45,1,15,upi,insufficient_funds,33,609.03,1,0
20,5,1418.88,0.72,3,70,upi,card_declined,24,8611.74,0,0
41,45,784.65,0.81,1,62,upi,network_error,28,14221.39,2,0
22,23,3994.58,0.74,3,32,upi,insufficient_funds,39,5284.68,0,0
20,16,1215.1,0.54,2,40,upi,bank_error,27,6001.07,0,0
44,22,2839.77,0.44,2,11,upi,bank_error,13,8838.33,0,0
33,37,458.72,0.63,0,13,wallet,card_declined,2,3464.23,2,0
66,8,468.65,0.79,0,81,card,network_error,29,1747.88,1,1
32,48,1014.6,1.0,0,28,card,network_error,17,992.48,0,0
52,33,2112.73,0.54,1,82,card,insufficient_funds,18,1239.58,0,0
29,55,778.18,0.95,1,28,netbanking,card_declined,14,3900.0,1,1
58,38,1022.22,0.44,3,48,card,insufficient_funds,26,5113.71,0,1
61,43,2208.23,0.96,1,55,upi,card_declined,4,3522.91,2,0
43,16,835.79,0.9,0,16,upi,bank_error,6,1629.51,2,1
64,5,645.31,0.41,2,36,netbanking,network_error,16,3778.29,1,0
51,16,1800.6,0.58,0,40,upi,insufficient_funds,21,3820.37,1,0
40,7,440.18,0.43,2,20,upi,network_error,43,10590.45,1,0
48,51,844.24,1.0,2,2,card,bank_error,47,6364.13,1,1
67,1,1187.96,0.66,1,77,upi,insufficient_funds,8,4473.67,0,0
37,9,1588.13,0.8,2,2,card,network_error,7,4854.57,0,0
29,18,1950.52,0.54,1,69,netbanking,bank_error,14,1903.65,0,0
40,45,2175.59,0.96,0,70,upi,bank_error,47,6230.12,0,1
21,58,887.38,0.56,0,50,card,expired_card,7,10352.47,0,0
40,47,2143.64,0.56,2,48,card,bank_error,11,5681.9,1,0
65,3,1562.91,0.59,3,24,card,insufficient_funds,43,2512.89,1,0
65,24,1816.82,0.68,2,81,card,insufficient_funds,41,9837.45,0,0
18,28,703.7,0.41,1,9,upi,insufficient_funds,20,7978.14,2,1
42,10,1746.86,0.76,1,40,wallet,insufficient_funds,25,9990.32,0,0
19,9,985.43,0.42,1,40,upi,insufficient_funds,32,5634.21,0,0
47,13,1134.0,0.72,1,2,card,bank_error,19,8030.87,1,0
20,48,1231.02,0.67,3,73,upi,bank_error,21,5003.23,0,0
38,35,4813.74,0.55,4,6,netbanking,card_declined,10,6695.01,0,1
42,54,578.02,0.6,2,19,wallet,bank_error,3,3609.72,0,1
37,23,2521.28,0.82,2,19,card,card_declined,41,4994.68,0,1
66,47,2984.72,0.41,1,33,upi,insufficient_funds,46,4501.48,1,1
69,17,1954.54,0.59,0,61,upi,network_error,31,8563.77,0,0
39,46,753.84,0.81,1,30,card,card_declined,38,3859.97,0,0
38,7,3595.92,0.49,0,62,upi,insufficient_funds,39,10709.92,0,0
50,52,869.21,0.74,1,13,card,bank_error,1,1878.73,0,1
69,16,1773.98,0.5,1,18,card,network_error,21,826.66,0,0
55,53,1193.49,0.49,2,2,card,network_error,25,1866.64,3,1
32,40,846.91,0.86,0,3,upi,bank_error,14,4503.05,0,1
63,36,1607.89,0.56,1,6,netbanking,bank_error,44,10121.86,1,1
69,20,4087.09,0.63,2,28,card,card_declined,38,2536.79,0,0
32,24,1312.18,0.84,1,77,upi,insufficient_funds,36,1765.35,1,0
63,47,4380.45,0.51,1,84,card,insufficient_funds,30,2586.63,0,0
42,5,964.59,0.72,4,32,card,card_declined,21,8860.19,1,0
38,45,1157.7,0.95,2,60,wallet,bank_error,37,3859.54,0,0
41,6,464.96,0.73,2,31,upi,bank_error,22,4353.5,0,0
22,28,742.12,0.43,2,61,upi,insufficient_funds,31,10540.22,1,1
23,59,941.19,0.75,6,9,upi,bank_error,46,3682.42,1,0
66,5,871.02,0.45,1,67,card,insufficient_funds,3,10698.35,0,0
60,49,559.94,0.57,4,54,upi,expired_card,47,4578.44,1,0
65,39,643.36,0.91,0,79,upi,insufficient_funds,18,2581.08,0,0
61,38,897.3,0.41,3,68,netbanking,insufficient_funds,32,8627.0,1,0
64,2,2516.38,0.45,1,17,upi,card_declined,12,7861.43,0,0
40,43,384.94,0.62,4,59,upi,expired_card,20,6649.04,1,0
21,39,255.31,1.0,1,31,netbanking,card_declined,23,27036.0,0,1
44,54,319.71,0.58,0,75,netbanking,bank_error,29,9694.35,0,1
35,21,605.96,0.49,1,61,card,bank_error,16,1958.98,1,1
38,40,1712.79,0.73,4,40,card,insufficient_funds,36,5938.16,0,1
45,37,854.56,0.71,0,3,netbanking,expired_card,32,8631.83,1,1
52,59,846.43,0.67,3,50,card,insufficient_funds,1,6276.6,2,0
39,18,833.23,0.97,1,1,card,card_declined,41,2668.36,0,0
57,54,294.57,0.57,1,8,card,bank_error,37,2562.89,0,1
40,48,2004.19,0.58,0,62,card,card_declined,27,1859.33,3,0
20,46,2744.53,0.48,0,64,upi,bank_error,18,6345.15,0,1
57,12,867.11,0.82,2,41,wallet,card_declined,4,3167.3,1,0
67,17,1164.24,0.59,2,17,card,card_declined,29,2616.89,2,1
27,37,1191.66,0.88,1,72,upi,bank_error,8,3342.63,1,1
42,46,519.32,0.98,2,43,card,card_declined,24,2315.56,1,0
69,38,805.09,0.43,1,2,upi,expired_card,10,6323.82,0,0
66,15,3827.74,1.0,2,47,upi,network_error,39,4708.96,2,1
25,7,1093.57,0.55,2,60,upi,insufficient_funds,28,7835.2,0,0
28,14,1282.37,0.65,2,49,card,card_declined,3,3081.95,2,0
22,50,674.82,0.87,0,15,card,insufficient_funds,42,5493.12,0,1
62,1,811.62,0.8,1,50,wallet,expired_card,3,5574.24,0,0
54,38,1724.0,0.87,0,46,card,card_declined,23,6928.46,2,0
62,3,609.28,0.68,4,76,card,insufficient_funds,27,5256.77,0,0
55,37,3408.37,0.95,0,2,card,expired_card,42,1966.52,2,1
46,44,353.76,0.87,0,85,netbanking,bank_error,24,7395.63,1,0
22,31,704.01,0.59,2,29,upi,expired_card,43,8502.52,1,0
26,43,389.2,0.97,3,29,upi,card_declined,8,5281.11,0,0
65,13,2771.25,0.98,1,80,upi,expired_card,8,3860.43,0,0
19,48,1069.14,0.65,3,61,netbanking,network_error,47,13734.59,2,1
18,18,897.42,0.79,0,66,card,card_declined,17,7344.27,0,0
57,17,1448.56,0.89,2,44,card,network_error,33,7004.23,0,0
68,17,2919.92,0.89,3,4,card,network_error,10,5640.93,0,1
47,11,1275.7,0.41,2,39,card,expired_card,37,3430.84,2,0
28,20,2440.25,0.78,2,60,card,bank_error,11,8798.86,1,0
45,10,892.88,0.98,1,49,upi,expired_card,26,3650.52,1,0
61,29,559.51,0.54,1,5,netbanking,card_declined,33,8165.32,0,0
29,48,1290.2,0.88,1,66,upi,card_declined,43,1865.37,1,0
56,34,673.07,0.72,2,45,card,insufficient_funds,8,9006.15,0,0
43,17,1776.01,0.53,0,60,upi,insufficient_funds,29,5554.51,0,0
30,54,823.42,0.43,2,8,upi,insufficient_funds,14,6381.09,1,0
25,52,1033.62,0.86,4,50,netbanking,bank_error,20,15189.48,0,1
45,42,228.54,0.59,0,36,wallet,expired_card,34,4555.02,1,1
47,13,1004.95,0.63,1,70,upi,insufficient_funds,40,5198.67,1,0
26,44,925.37,0.69,0,41,upi,card_declined,11,4042.12,0,0
56,47,2475.2,0.7,5,10,upi,insufficient_funds,8,11811.63,0,0
48,39,2016.41,0.52,2,36,netbanking,insufficient_funds,1,2550.39,3,0
38,27,1115.38,0.8,2,68,card,network_error,27,4132.9,0,0
64,54,350.27,0.82,1,14,card,network_error,15,8541.03,0,1
51,53,805.8,0.49,0,76,card,bank_error,20,14006.7,0,0
48,26,2477.03,0.72,0,17,upi,insufficient_funds,30,7674.26,1,0
69,28,954.4,0.77,1,21,card,card_declined,47,3500.78,1,0
42,13,519.71,0.51,2,77,card,network_error,22,4109.17,1,0
29,12,2455.97,0.94,0,54,card,bank_error,13,4467.71,2,0
18,44,351.97,0.69,0,13,upi,card_declined,38,7072.17,1,0
39,28,1013.28,0.47,3,48,upi,card_declined,23,2478.03,1,0
57,2,1620.77,0.6,1,45,upi,insufficient_funds,22,3873.69,1,1
54,37,1197.8,0.69,1,9,upi,insufficient_funds,3,4222.53,0,0
64,57,459.87,0.41,1,55,wallet,bank_error,15,13679.11,0,0
18,57,572.24,0.42,3,50,card,network_error,13,9993.4,1,0
18,34,672.78,0.43,0,20,card,card_declined,15,3202.95,2,1
59,23,1899.09,0.72,2,40,card,expired_card,22,7050.82,3,1
59,58,1235.67,0.6,2,1,card,insufficient_funds,12,8927.75,1,1
38,52,836.08,0.94,2,77,card,card_declined,44,1235.18,3,1
32,45,1460.07,0.74,2,86,card,insufficient_funds,17,2935.79,2,0
34,29,648.63,0.86,1,77,upi,bank_error,32,46956.17,0,0
39,35,1838.79,0.81,3,64,card,bank_error,45,8767.29,0,0
55,11,1503.26,0.71,1,35,card,bank_error,41,17373.98,0,0
52,48,937.16,0.85,1,65,upi,insufficient_funds,10,6913.15,2,0
62,33,978.88,0.73,2,53,upi,bank_error,45,5646.46,0,1
33,51,863.27,0.63,3,61,card,card_declined,43,3257.21,1,0
25,11,2202.08,0.66,1,5,wallet,bank_error,18,21804.33,0,0
64,9,1275.72,0.9,3,69,card,insufficient_funds,41,7526.86,1,0
34,14,942.43,0.74,2,89,card,insufficient_funds,19,7849.76,0,0
34,9,556.01,0.63,1,60,card,bank_error,43,17707.43,1,0
43,39,1656.8,0.51,3,19,card,insufficient_funds,27,3528.05,0,0
30,48,1603.48,0.7,1,76,card,card_declined,8,4372.34,0,0
34,3,759.04,0.55,0,57,upi,card_declined,18,10767.26,0,0
55,29,817.21,0.97,3,8,netbanking,expired_card,46,3260.82,0,1
34,19,1010.39,0.69,3,74,card,expired_card,30,1783.85,2,0
65,36,489.05,0.41,1,18,card,expired_card,25,8122.82,2,0
31,32,1154.7,0.46,2,11,wallet,insufficient_funds,1,7707.26,0,1
62,7,346.61,0.57,1,62,card,bank_error,38,2987.34,1,0
23,55,447.81,0.46,3,30,upi,card_declined,18,5385.74,0,0
52,28,767.61,0.94,2,5,card,insufficient_funds,14,5333.55,0,1
63,44,706.41,0.91,1,88,card,insufficient_funds,13,3802.27,1,0
31,18,1504.14,0.98,0,77,card,bank_error,47,5690.43,1,0
64,5,1336.89,0.82,2,56,upi,insufficient_funds,25,17849.11,0,0
25,23,2874.51,0.79,0,36,upi,bank_error,8,4906.92,0,1
32,55,1170.27,0.95,3,27,wallet,bank_error,19,29744.11,1,1
44,22,1266.85,0.97,0,32,card,insufficient_funds,40,5190.36,0,1
30,26,485.83,0.93,3,14,upi,bank_error,41,2890.82,1,1
66,42,486.54,0.92,1,41,card,insufficient_funds,41,25624.02,0,1
48,12,1147.22,0.8,3,66,card,insufficient_funds,3,2460.95,1,0
52,40,1161.19,0.4,0,4,card,network_error,29,1024.9,2,0
23,19,1343.07,0.66,1,11,wallet,network_error,16,9650.98,0,0
22,47,2667.09,0.78,0,48,upi,insufficient_funds,7,36918.43,0,0
39,1,501.82,0.73,1,37,upi,card_declined,21,3488.06,0,0
66,3,3579.36,0.89,3,13,wallet,card_declined,46,5471.09,1,1
40,27,386.45,0.89,2,73,upi,insufficient_funds,43,2664.22,1,1
42,18,1423.76,0.76,1,42,wallet,card_declined,14,4642.45,1,1
51,50,458.31,0.41,1,27,upi,network_error,39,2551.32,2,0
43,30,1820.55,0.62,5,66,card,insufficient_funds,24,10105.94,0,0
64,2,388.12,0.54,0,47,upi,expired_card,30,13776.25,1,0
22,5,161.95,0.6,1,76,wallet,insufficient_funds,33,1753.49,4,0
43,29,1214.53,0.77,2,12,card,network_error,22,13698.7,0,0
37,33,1004.77,0.44,1,67,upi,card_declined,10,2478.93,0,0
23,42,2378.56,0.41,1,26,card,card_declined,11,6546.28,0,0
23,20,1158.07,0.66,1,79,upi,bank_error,15,10487.18,1,0
67,30,651.06,0.88,1,27,card,network_error,30,4271.9,1,1
35,42,751.55,0.42,2,35,card,insufficient_funds,14,1890.67,0,0
21,5,10417.21,0.91,3,13,upi,bank_error,32,2360.44,0,1
34,50,594.55,0.63,2,56,card,card_declined,26,10399.02,3,0
31,21,1583.17,0.47,2,69,card,card_declined,21,11945.98,0,0
31,58,1453.22,0.74,1,43,upi,card_declined,5,1394.87,1,0
30,15,1609.22,0.97,1,81,wallet,insufficient_funds,47,16105.88,2,1
24,20,1519.82,0.73,2,83,card,bank_error,12,2733.91,0,0
61,8,909.29,0.81,1,84,card,card_declined,29,3246.31,1,0
32,49,319.44,0.89,0,59,card,card_declined,21,7076.57,0,1
36,31,1222.85,0.88,1,87,card,insufficient_funds,25,884.25,2,0
60,12,1086.84,0.44,1,12,upi,bank_error,16,6179.34,1,0
64,21,1196.02,0.84,6,29,wallet,bank_error,31,4497.57,1,0
61,30,1628.9,0.97,2,5,upi,bank_error,20,8027.42,2,1
52,27,820.95,0.82,2,49,card,insufficient_funds,31,4529.84,0,1
34,44,710.38,0.9,1,64,upi,expired_card,11,11538.01,1,0
52,26,2060.27,0.69,0,43,card,insufficient_funds,32,2546.43,1,1
36,33,871.14,0.59,3,66,card,insufficient_funds,8,8095.66,1,0
37,26,776.19,0.81,0,6,upi,card_declined,23,3978.05,1,1
53,26,730.57,0.7,2,85,card,network_error,8,1266.43,0,0
52,36,1662.7,0.94,2,15,card,insufficient_funds,2,2909.8,1,1
49,40,946.87,0.98,0,18,card,network_error,27,5446.47,4,1
65,1,5161.41,0.89,2,49,wallet,bank_error,36,4704.24,3,0
61,59,1141.63,1.0,0,47,card,insufficient_funds,35,3074.06,0,0
57,15,471.25,0.61,1,2,card,card_declined,23,2532.56,2,0
41,50,807.7,0.94,4,5,card,card_declined,41,5100.71,0,0
34,1,1734.93,0.6,3,37,card,bank_error,13,16442.86,2,0
24,11,720.45,0.47,1,6,upi,expired_card,31,4422.26,2,0
60,55,1083.49,0.77,2,42,netbanking,expired_card,45,1834.39,0,0
67,2,2175.29,0.67,0,51,card,network_error,30,43263.38,1,0
18,1,2416.82,0.95,3,83,upi,network_error,6,836.93,0,1
52,31,759.69,0.7,0,16,card,card_declined,20,20793.26,2,1
49,44,916.19,0.96,0,76,card,card_declined,26,5560.32,0,1
53,16,1173.54,0.45,2,88,card,card_declined,36,3935.16,2,0
30,54,2806.32,0.9,1,73,card,bank_error,19,3592.83,0,1
23,22,507.83,0.86,1,67,netbanking,network_error,22,4156.89,1,0
31,42,1410.65,0.83,1,81,card,bank_error,12,4331.75,5,1
54,18,1140.03,0.61,1,30,upi,insufficient_funds,3,20756.56,1,1
65,47,585.28,0.87,0,27,netbanking,card_declined,5,1983.32,0,1
32,17,2607.47,0.69,0,88,card,insufficient_funds,5,4298.01,2,0
64,30,2193.47,0.83,1,42,card,card_declined,43,4477.65,0,0
21,10,3218.9,0.73,1,64,card,expired_card,23,4760.51,3,1
57,35,2505.25,0.49,1,50,card,bank_error,14,20910.45,0,0
33,58,1104.49,0.44,2,39,upi,insufficient_funds,39,4197.47,0,0
45,21,1691.88,0.62,2,7,netbanking,bank_error,7,2426.19,2,1
33,16,1383.38,0.96,2,73,upi,bank_error,35,24883.3,3,0
21,6,581.17,0.72,3,16,card,bank_error,38,3090.26,1,0
62,3,440.06,0.88,3,56,card,card_declined,14,5153.49,0,0
43,41,1419.85,0.75,1,11,upi,card_declined,17,2794.98,2,0
45,43,1173.25,0.97,2,9,wallet,insufficient_funds,7,3808.56,1,1
49,21,866.54,0.62,3,1,upi,card_declined,20,8660.44,0,0
62,13,1027.97,0.43,3,44,card,insufficient_funds,34,5853.78,0,0
19,18,3784.33,0.87,1,35,card,bank_error,30,3403.85,2,1
48,58,238.48,0.82,1,84,netbanking,network_error,40,5751.29,1,1
20,54,1716.3,0.72,1,51,card,insufficient_funds,13,15798.94,1,1
25,24,1977.85,0.6,1,8,card,bank_error,6,2580.69,2,1
41,27,2159.01,0.51,1,71,upi,insufficient_funds,27,8633.77,0,0
32,54,417.86,0.69,4,37,card,bank_error,18,1777.25,0,0
60,4,893.16,0.8,4,84,card,insufficient_funds,24,2471.73,2,0
48,22,862.47,0.75,3,5,card,expired_card,32,5672.95,0,0
26,24,1345.32,0.66,0,76,wallet,network_error,39,3484.84,0,1
56,40,497.41,0.72,1,21,card,expired_card,26,18130.46,1,0
62,45,1429.29,0.46,2,84,wallet,network_error,34,9794.5,1,0
19,10,590.32,0.82,0,5,card,card_declined,21,10477.46,0,1
25,2,890.42,0.84,1,23,netbanking,insufficient_funds,28,25141.31,0,0
24,40,2811.68,0.41,2,57,wallet,bank_error,5,2692.25,0,0
61,6,1977.34,0.56,2,71,upi,card_declined,42,2330.76,0,0
68,48,1195.93,0.46,3,65,upi,bank_error,18,6562.79,1,0
56,18,413.81,1.0,2,25,card,expired_card,8,5449.36,0,0
59,17,1383.91,0.76,1,19,card,network_error,43,5561.43,0,0
33,38,1450.58,0.68,1,2,upi,bank_error,34,3551.02,1,0
52,45,252.25,0.68,1,12,netbanking,network_error,22,2526.92,0,1
47,23,1401.91,0.98,1,42,upi,expired_card,23,4186.56,1,1
27,46,516.33,0.8,4,25,card,bank_error,9,3145.19,0,0
55,30,389.28,0.5,1,48,card,insufficient_funds,27,11949.51,0,0
35,58,500.0,0.67,4,82,netbanking,bank_error,14,4996.08,2,0
67,21,241.52,0.86,0,31,card,insufficient_funds,20,12023.69,3,1
22,10,824.43,0.65,1,58,card,expired_card,26,2314.07,2,0
46,56,542.56,0.59,2,61,card,bank_error,41,5254.54,2,0
56,43,2436.72,0.99,0,44,card,expired_card,7,2920.43,0,0
51,13,852.91,0.96,0,9,card,insufficient_funds,24,4059.04,2,0
60,12,662.57,0.96,1,21,netbanking,card_declined,9,10750.04,0,0
62,9,359.57,0.48,3,54,netbanking,card_declined,43,16102.6,0,0
40,4,812.77,0.54,1,71,upi,network_error,7,14567.5,0,0
22,39,2828.25,0.67,1,13,upi,network_error,37,2426.54,2,1
47,24,3239.33,0.9,1,84,upi,expired_card,4,8979.68,1,0
23,54,849.53,0.84,1,13,card,bank_error,11,2530.64,1,1
63,34,1044.55,0.91,0,52,upi,insufficient_funds,4,9200.86,0,1
61,39,1793.69,0.95,2,28,wallet,insufficient_funds,28,1989.19,1,0
21,41,534.92,0.87,2,89,card,card_declined,27,6377.68,2,0
46,5,1419.9,0.56,1,46,wallet,insufficient_funds,17,2391.28,0,0
40,15,5748.59,0.57,3,48,wallet,card_declined,40,10942.35,1,0
23,50,1873.53,0.61,1,40,card,card_declined,6,2246.37,2,0
49,4,1832.16,0.58,2,54,wallet,card_declined,17,6937.68,1,0
59,51,2809.24,0.55,2,27,upi,insufficient_funds,43,8299.15,0,0
35,52,2064.51,0.85,1,79,upi,card_declined,12,3152.37,2,1
32,58,918.76,0.42,2,3,card,network_error,40,3482.41,0,1
57,39,480.17,0.84,3,59,upi,bank_error,1,6314.5,1,1
49,58,998.8,0.89,0,18,netbanking,expired_card,29,10072.45,1,1
26,8,556.25,0.44,1,24,card,card_declined,26,18441.19,2,0
54,49,900.26,0.44,2,61,upi,card_declined,8,10338.63,2,0
27,45,595.93,0.57,1,57,upi,insufficient_funds,30,11717.63,0,0
37,24,834.71,0.52,2,44,card,insufficient_funds,30,7382.51,0,0
23,53,387.72,0.75,1,47,netbanking,bank_error,4,4347.82,0,1
65,28,674.98,0.81,2,72,wallet,bank_error,24,7218.36,1,0
20,55,1456.6,0.78,1,37,upi,insufficient_funds,26,4948.31,1,0
59,43,1738.12,0.61,2,37,card,bank_error,8,7510.41,2,1
28,27,1493.18,0.7,0,73,wallet,network_error,31,771.2,2,1
60,1,842.87,0.78,2,45,netbanking,bank_error,18,16324.68,0,0
34,34,1196.76,0.47,2,30,card,card_declined,34,24254.33,1,0
49,17,4276.01,0.54,0,15,upi,insufficient_funds,33,1794.39,1,0
21,37,662.14,0.93,1,76,card,card_declined,40,10536.46,0,0
21,38,3372.62,0.61,1,27,card,card_declined,9,12014.93,1,0
34,26,399.13,0.88,3,47,card,expired_card,20,5713.11,1,0
58,57,331.56,0.55,1,47,card,bank_error,40,993.1,0,0
36,24,989.21,0.42,0,31,netbanking,expired_card,47,3931.74,2,1
22,39,1068.26,0.7,1,77,card,card_declined,46,2854.21,1,0
49,21,496.98,0.94,2,15,upi,network_error,2,16317.2,1,0
39,30,870.98,0.89,3,54,wallet,insufficient_funds,43,4867.32,1,0
23,47,1453.65,0.55,3,69,upi,bank_error,39,6346.0,1,0
52,51,554.24,0.95,0,42,netbanking,insufficient_funds,21,9581.36,1,0
39,48,2233.08,0.69,0,62,wallet,expired_card,14,4330.8,2,0
18,57,2410.56,0.43,1,25,upi,insufficient_funds,30,2892.18,1,1
37,13,2621.59,0.42,1,12,upi,insufficient_funds,42,9764.04,0,0
39,37,580.84,0.69,1,9,card,expired_card,46,6199.09,0,1
65,3,636.19,0.73,4,37,upi,expired_card,17,4131.3,0,0
28,32,971.64,0.45,2,9,upi,insufficient_funds,33,3197.57,0,0
30,35,906.35,0.95,3,69,upi,network_error,11,807.43,3,1
59,19,873.07,0.83,2,55,card,insufficient_funds,42,14509.09,0,0
20,14,1861.3,0.88,2,46,wallet,bank_error,37,11160.42,2,1
26,48,1682.72,0.75,2,71,netbanking,network_error,8,23682.27,1,0
29,22,594.55,0.8,2,41,card,insufficient_funds,4,14559.76,0,0
40,17,493.33,0.63,2,7,upi,insufficient_funds,39,10705.05,1,0
31,59,460.65,0.81,0,5,wallet,insufficient_funds,42,6703.73,1,0
50,4,592.68,0.99,4,52,upi,insufficient_funds,11,2840.67,0,1
35,45,1982.52,0.79,4,81,netbanking,network_error,21,8581.63,0,0
66,40,1212.37,0.6,4,75,card,insufficient_funds,4,4997.22,1,1
58,19,2096.65,0.57,2,37,card,card_declined,47,15487.97,1,0
26,37,333.61,0.98,2,60,card,insufficient_funds,43,5390.43,0,0
40,2,1327.93,0.51,1,36,card,network_error,13,4984.93,1,0
27,15,1316.08,0.88,1,1,wallet,network_error,31,2448.02,0,1
36,2,2540.77,0.68,0,1,card,network_error,4,13867.21,0,1
64,11,823.56,0.67,2,78,card,bank_error,16,2494.49,3,0
22,45,783.78,0.85,1,60,upi,card_declined,40,8290.4,0,0
64,23,3148.09,0.49,2,41,upi,insufficient_funds,42,14499.46,1,0
69,10,972.91,0.68,1,65,card,bank_error,22,5146.03,0,0
40,3,1241.52,0.42,1,8,netbanking,insufficient_funds,30,6221.69,2,1
47,5,1530.59,0.8,1,41,netbanking,bank_error,16,1585.83,0,0
42,3,341.23,0.44,0,47,wallet,insufficient_funds,4,1686.05,1,0
45,38,1128.64,0.45,2,36,upi,network_error,25,1941.15,0,0
51,13,458.7,0.91,0,4,upi,card_declined,39,9847.95,0,1
62,42,1031.39,0.67,1,42,card,bank_error,42,2267.74,1,0
65,19,892.3,0.52,2,2,card,expired_card,45,10224.61,0,0
64,40,769.35,0.76,2,47,card,insufficient_funds,23,1813.72,1,0
42,50,1700.49,0.71,0,20,upi,network_error,46,4546.13,2,0
27,35,1174.01,0.65,0,30,card,insufficient_funds,45,3036.7,0,0
31,24,521.84,0.94,2,82,wallet,insufficient_funds,2,3820.01,0,0
59,24,509.59,0.85,3,30,upi,insufficient_funds,32,14141.05,0,0
63,17,1974.57,0.49,1,1,card,insufficient_funds,3,897.3,1,0
47,40,1068.01,0.74,2,58,card,expired_card,21,16808.32,2,1
58,10,404.69,0.45,0,67,upi,bank_error,8,7118.86,0,1
42,2,819.3,0.55,2,23,netbanking,network_error,39,1893.9,0,0
31,44,982.19,0.95,0,45,netbanking,expired_card,4,9271.16,0,0
52,23,462.32,0.68,2,22,upi,expired_card,27,3145.26,2,0
69,6,702.16,0.94,0,49,card,bank_error,36,4141.89,1,0
65,2,2084.95,0.5,1,48,netbanking,insufficient_funds,9,15384.32,0,0
51,21,6265.04,0.52,0,63,upi,network_error,8,1801.27,2,1
27,55,1355.42,0.61,1,48,netbanking,insufficient_funds,14,4584.34,0,0
52,56,424.79,0.62,2,44,card,card_declined,38,9014.77,1,0
28,35,941.66,0.85,0,51,upi,insufficient_funds,3,2703.52,2,0
28,49,1194.43,0.76,0,62,wallet,insufficient_funds,45,1047.61,1,0
38,29,1901.58,0.73,3,79,card,insufficient_funds,10,2324.4,0,0
38,7,1933.32,0.76,0,41,upi,bank_error,33,7181.21,1,1
39,29,2849.72,0.84,3,80,card,insufficient_funds,18,843.23,0,0
62,53,1095.44,0.94,2,27,card,network_error,38,1003.96,0,0
24,37,1110.29,0.65,1,57,upi,bank_error,27,6746.62,1,1
34,23,292.49,0.88,4,42,netbanking,card_declined,30,2043.3,3,0
19,33,539.72,0.7,5,12,card,expired_card,10,10920.92,0,0
29,8,422.6,0.83,2,82,wallet,card_declined,40,7505.07,1,0
59,12,608.84,0.92,0,82,upi,card_declined,40,3641.2,1,1
35,46,489.65,0.42,0,60,card,bank_error,14,8971.96,0,0
28,48,513.41,0.73,0,64,card,insufficient_funds,47,5391.7,0,0
33,10,2350.76,0.99,1,4,upi,insufficient_funds,7,4720.67,2,1
66,15,285.28,0.7,3,39,netbanking,insufficient_funds,11,6201.28,1,0
68,53,954.47,0.92,3,19,card,card_declined,31,3822.76,0,1
35,24,2008.03,0.51,1,62,upi,expired_card,26,6472.53,1,0
52,26,887.99,0.76,1,45,card,bank_error,22,1699.0,1,1
43,47,2776.58,0.92,1,61,card,insufficient_funds,6,29715.0,1,1
33,42,720.76,0.66,1,31,upi,insufficient_funds,20,11725.0,0,1
23,53,3735.06,0.69,2,49,card,insufficient_funds,43,6786.83,0,0
61,39,365.76,0.45,0,31,card,bank_error,15,12256.87,0,1
60,58,2780.21,0.43,2,42,card,card_declined,29,12529.8,1,0
64,3,586.42,0.68,0,48,card,insufficient_funds,31,4764.56,1,0
64,2,3015.22,0.91,1,20,upi,expired_card,10,2537.13,0,0
65,6,790.25,0.96,2,84,upi,insufficient_funds,14,1823.27,0,0
59,21,2376.1,0.8,2,20,upi,card_declined,9,9412.02,0,1
29,9,2674.88,0.9,2,16,card,insufficient_funds,24,15763.18,1,1
30,10,731.75,0.84,1,57,card,bank_error,37,3234.86,1,1
21,36,2242.46,0.82,4,19,netbanking,insufficient_funds,28,6522.03,3,1
56,59,1075.37,0.86,0,13,card,insufficient_funds,19,12344.7,1,0
19,3,393.93,0.7,0,20,card,network_error,29,8969.16,1,0
43,41,1565.27,0.67,2,76,card,insufficient_funds,20,7918.79,0,0
44,24,538.29,0.5,1,49,card,network_error,15,31891.22,0,1
44,22,694.29,0.91,1,26,upi,card_declined,40,3675.79,1,0
32,49,587.02,0.43,2,35,card,insufficient_funds,36,4719.76,0,0
25,14,1429.03,0.56,2,41,card,card_declined,32,2492.9,1,0
24,42,550.1,0.71,3,10,upi,bank_error,20,2040.26,1,0
64,45,464.77,0.98,2,76,netbanking,bank_error,21,5983.47,0,0
63,44,528.29,0.87,4,24,card,bank_error,36,1903.35,0,1
57,27,667.24,0.62,0,73,card,bank_error,28,819.39,0,0
29,33,1552.57,0.83,0,69,card,bank_error,38,3387.33,2,1
30,22,2072.17,0.96,1,31,upi,card_declined,6,4016.34,0,0
60,29,2051.49,0.72,3,54,card,expired_card,5,12550.78,0,0
34,19,1070.27,0.68,4,58,card,card_declined,7,1373.85,0,0
34,19,1051.12,0.73,1,60,card,card_declined,45,1724.16,1,1
53,6,964.29,0.59,2,11,upi,bank_error,47,2956.53,1,1
38,45,1496.53,0.94,1,73,card,insufficient_funds,24,3573.29,0,1
25,19,2401.18,0.88,3,86,netbanking,insufficient_funds,35,1741.04,2,0
22,13,986.57,0.82,1,40,card,bank_error,29,5284.41,0,0
43,59,1592.16,0.75,2,55,upi,network_error,14,6372.87,1,1
33,26,460.22,0.98,2,47,wallet,insufficient_funds,35,1514.73,2,1
53,22,1991.96,0.58,2,61,wallet,insufficient_funds,4,7676.48,0,0
45,21,1275.7,0.57,1,80,card,network_error,18,8323.04,1,1
46,36,532.29,0.55,0,74,card,expired_card,22,1752.77,3,0
64,56,2318.09,0.85,0,34,wallet,expired_card,40,13745.5,0,0
29,2,459.96,0.88,0,62,card,card_declined,30,10451.53,1,0
54,47,223.09,0.76,2,79,wallet,insufficient_funds,42,2935.22,0,0
47,44,1983.76,0.79,2,82,upi,expired_card,43,2592.38,2,0
40,30,1436.2,0.61,0,45,wallet,bank_error,15,1371.38,1,0
33,27,469.79,0.42,1,5,upi,card_declined,43,1555.23,0,0
31,7,1406.34,0.55,1,51,wallet,insufficient_funds,9,3202.33,0,1
27,20,2487.2,0.75,1,58,upi,network_error,20,4258.16,0,0
24,50,1316.62,0.89,2,3,card,insufficient_funds,4,6728.73,0,0
62,31,6044.99,0.87,2,23,card,network_error,1,9870.03,1,1
69,23,604.43,0.51,2,10,card,insufficient_funds,18,2020.05,2,0
54,13,229.3,0.43,4,47,card,card_declined,4,4790.68,0,0
46,17,408.43,0.91,1,32,netbanking,network_error,28,7438.37,0,0
20,4,220.07,0.45,2,48,upi,card_declined,7,8681.59,2,0
32,57,4901.17,0.64,0,27,upi,bank_error,14,3044.53,0,1
53,14,1092.85,0.46,1,36,card,card_declined,40,7178.96,1,0
64,20,4261.48,0.74,1,88,wallet,insufficient_funds,38,7538.39,0,1
63,13,855.61,0.62,0,54,card,card_declined,17,15948.88,0,0
69,3,581.98,0.52,1,20,card,bank_error,39,4599.36,3,0
36,26,326.67,0.76,2,3,upi,bank_error,6,4258.19,3,1
30,26,830.7,0.62,2,69,netbanking,card_declined,26,2768.75,0,1
59,18,1980.19,0.5,2,3,card,insufficient_funds,41,2279.09,2,1
38,32,937.08,0.82,3,40,upi,card_declined,4,3471.12,0,0
54,14,358.43,0.9,4,60,card,network_error,28,1768.46,1,0
44,47,1732.27,0.56,0,70,card,bank_error,13,3320.13,0,1
69,3,1972.7,0.51,2,79,netbanking,network_error,34,1688.54,1,0
46,1,756.8,0.45,3,70,upi,bank_error,46,1729.26,1,0
37,26,693.3,0.72,0,23,upi,network_error,18,2317.06,0,1
42,24,331.44,0.9,0,60,upi,insufficient_funds,24,6873.43,0,0
23,49,1702.15,0.55,0,30,card,bank_error,30,7975.06,0,0
53,35,793.43,0.68,1,39,upi,insufficient_funds,10,4545.62,0,1
19,14,168.15,0.5,0,40,wallet,card_declined,2,5118.06,0,0
39,3,387.78,0.64,0,48,upi,bank_error,43,7778.8,0,1
49,13,1625.47,0.41,0,85,upi,bank_error,29,3575.7,1,0
33,47,863.21,0.95,3,45,card,card_declined,1,5766.44,0,0
35,50,495.31,0.81,3,37,wallet,card_declined,17,2253.06,0,0
22,14,1138.71,0.6,1,22,card,card_declined,22,6802.26,1,1
53,21,609.09,0.93,0,52,card,card_declined,26,4301.25,0,0
47,26,699.28,0.51,2,2,upi,expired_card,10,6195.63,1,0
62,3,908.08,0.45,2,14,card,bank_error,8,3724.55,0,0
36,51,3568.3,0.97,1,18,wallet,bank_error,20,14476.72,0,0
40,40,3556.5,0.59,0,50,card,bank_error,22,13652.73,0,0
51,4,275.94,0.96,4,15,upi,insufficient_funds,24,13516.89,2,0
30,36,1048.14,0.78,4,37,card,card_declined,22,1297.17,0,0
60,51,396.81,0.99,3,2,card,network_error,23,6608.64,2,1
46,43,520.99,0.85,2,84,upi,network_error,28,18502.34,0,1
53,1,298.5,0.46,2,74,netbanking,insufficient_funds,2,5128.89,0,0
39,40,597.4,0.91,2,69,upi,card_declined,42,6229.34,1,0
69,47,475.68,0.49,2,32,upi,insufficient_funds,37,5962.14,0,0
69,33,2248.18,0.82,2,66,wallet,card_declined,4,27632.55,3,0
64,7,608.29,0.7,0,57,wallet,insufficient_funds,37,8641.8,1,1
53,53,280.88,0.82,1,61,card,network_error,21,11246.7,1,1
26,52,1094.47,0.86,1,5,card,card_declined,26,4716.39,0,1
56,52,968.89,0.88,3,85,upi,card_declined,15,8236.33,0,1
68,56,911.89,0.9,0,18,upi,network_error,35,3714.22,0,1
36,11,1680.76,0.91,0,48,card,card_declined,47,20834.47,0,0
55,27,2597.55,0.65,2,40,card,card_declined,15,2311.52,1,0
23,14,902.61,0.93,0,68,upi,network_error,22,1943.97,0,1
69,22,1320.78,0.83,2,56,card,insufficient_funds,1,1840.92,1,1
64,16,918.83,0.9,2,4,card,card_declined,26,6521.05,2,0
32,46,1563.28,0.99,0,17,upi,insufficient_funds,10,23352.19,1,0
37,12,391.98,0.47,1,52,upi,insufficient_funds,20,5132.97,0,1
26,49,1689.42,0.62,2,63,card,insufficient_funds,1,33581.24,0,0
49,46,1336.91,0.88,0,42,netbanking,insufficient_funds,12,15067.03,1,0
21,10,560.22,0.45,0,33,card,card_declined,41,8101.29,1,0
67,24,5145.32,0.72,1,86,upi,network_error,24,1975.68,1,1
35,46,423.43,0.92,2,18,wallet,expired_card,26,9442.16,1,1
22,18,1381.38,0.41,1,27,card,network_error,43,32930.42,2,0
37,22,561.13,0.96,0,79,card,card_declined,2,11730.11,0,0
40,9,1643.53,0.99,0,61,card,insufficient_funds,20,11484.03,1,0
28,17,4445.95,0.59,1,25,card,insufficient_funds,19,2595.84,0,0
54,38,1887.27,0.86,2,61,card,network_error,25,6912.13,1,0
39,40,1011.07,0.48,1,10,wallet,insufficient_funds,39,18606.83,0,0
21,58,2100.7,0.86,2,80,card,network_error,1,8919.6,0,0
46,13,725.37,0.69,2,4,card,network_error,31,1829.88,2,0
61,50,1544.24,0.92,0,31,netbanking,card_declined,4,6964.88,1,1
51,37,1166.11,0.53,1,32,card,network_error,3,5190.32,0,0
30,6,467.96,0.8,3,24,upi,insufficient_funds,36,3868.41,1,0
59,21,3626.51,0.87,0,59,card,expired_card,11,7865.6,1,0
26,51,2619.33,0.52,5,18,wallet,insufficient_funds,19,3290.37,2,0
59,36,602.27,0.89,0,75,card,insufficient_funds,9,6825.06,1,1
48,7,2248.39,0.97,0,72,upi,bank_error,42,3499.12,1,0
24,36,480.95,0.77,4,65,netbanking,network_error,41,3144.61,2,0
21,25,1516.33,0.87,0,2,card,insufficient_funds,20,2413.28,1,1
36,11,1133.72,0.72,2,21,netbanking,network_error,9,3958.03,0,0
59,44,3550.62,0.76,3,83,upi,card_declined,18,6004.82,1,0
47,14,1383.44,0.41,1,42,wallet,insufficient_funds,45,6755.0,1,0
48,45,371.81,0.71,0,25,wallet,bank_error,36,3686.03,1,1
52,29,2238.33,0.75,0,53,card,card_declined,42,9109.24,2,1
38,10,805.6,0.8,0,9,upi,insufficient_funds,32,29281.8,1,1
48,50,779.45,0.5,3,42,wallet,bank_error,4,12632.46,0,0
36,48,1119.28,0.54,0,28,card,insufficient_funds,30,4293.18,0,1
48,5,733.42,0.85,0,37,upi,insufficient_funds,11,4971.86,0,0
49,8,3852.09,0.5,2,61,card,insufficient_funds,42,10973.04,1,0
19,46,1926.83,0.65,1,59,upi,insufficient_funds,19,5318.96,1,0
69,5,492.4,0.55,0,32,upi,insufficient_funds,18,8469.64,0,0
27,58,658.99,0.73,0,41,upi,network_error,45,3722.78,0,1
19,24,438.46,0.99,1,75,wallet,network_error,5,16996.94,0,0
19,40,2159.02,0.91,1,85,upi,expired_card,43,5229.23,0,0
41,57,1046.47,0.56,1,24,upi,network_error,38,5557.69,1,1
34,26,553.55,0.62,1,65,card,card_declined,19,11439.79,0,0
49,6,3295.37,0.95,1,80,wallet,card_declined,20,3970.31,0,0
33,16,1561.52,0.94,0,88,wallet,bank_error,2,4675.68,0,1
33,36,1248.71,0.5,0,10,wallet,card_declined,19,8827.84,1,0
63,12,1208.16,0.9,2,50,wallet,bank_error,37,3481.06,0,0
56,11,423.86,0.58,2,63,netbanking,insufficient_funds,43,3448.43,0,0
48,3,1622.22,0.73,2,86,wallet,insufficient_funds,11,3751.2,2,1
60,44,817.94,0.4,1,65,card,insufficient_funds,13,4474.87,1,0
41,37,2017.18,1.0,2,58,card,card_declined,20,3117.45,0,1
18,6,1715.5,0.86,1,76,netbanking,bank_error,42,3957.8,1,1
28,19,1050.74,0.55,2,46,upi,insufficient_funds,42,8923.27,0,0
38,18,999.97,0.81,1,89,netbanking,network_error,2,20499.63,1,0
21,16,3502.57,0.58,2,28,upi,insufficient_funds,9,5502.53,1,1
24,23,430.18,0.45,1,81,card,network_error,45,4157.67,0,0
43,43,734.08,0.66,3,80,wallet,card_declined,7,2470.04,1,0
64,37,2429.82,0.77,2,59,upi,expired_card,4,7146.43,2,0
67,9,3101.44,0.45,3,4,upi,bank_error,2,6067.79,0,0
29,3,995.73,0.71,3,41,upi,card_declined,23,2364.51,0,1
48,8,672.15,0.71,7,60,upi,bank_error,1,4442.75,1,0
34,38,681.75,0.78,2,62,card,card_declined,5,3867.32,0,0
50,4,401.78,0.55,0,11,netbanking,bank_error,32,2827.42,0,0
28,12,4452.52,0.41,0,20,wallet,insufficient_funds,19,4071.86,0,1
45,44,988.67,0.59,2,7,card,bank_error,31,9382.36,0,0
49,31,1518.4,0.64,0,62,card,card_declined,4,1064.02,2,0
18,25,1529.23,0.78,0,7,card,expired_card,7,7279.39,1,1
64,53,3098.53,0.96,1,64,upi,bank_error,32,4179.0,0,1
45,16,817.72,0.52,0,58,netbanking,bank_error,33,10316.11,0,0
59,42,859.09,0.81,1,4,card,card_declined,6,1717.54,0,0
24,54,1961.85,0.46,1,72,card,card_declined,34,836.99,0,0
19,14,312.17,0.51,2,14,netbanking,network_error,15,8509.18,2,0
59,13,3112.61,0.71,1,86,card,expired_card,28,3985.73,1,1
41,41,3702.24,0.83,4,23,card,card_declined,16,2731.82,1,0
21,7,1302.51,0.92,1,89,card,bank_error,21,3239.33,0,1
61,12,568.83,0.85,2,36,wallet,insufficient_funds,22,4329.72,0,0
36,37,1992.58,0.41,2,24,card,network_error,33,2504.3,0,0
43,50,959.37,0.81,2,82,card,card_declined,35,12268.26,1,0
28,4,1211.42,0.89,1,21,wallet,insufficient_funds,25,2805.61,0,0
57,2,1277.85,0.72,1,63,card,insufficient_funds,40,6484.4,0,0
67,35,691.71,0.98,1,47,upi,network_error,26,16259.25,0,1
60,58,1398.4,0.4,0,69,card,insufficient_funds,19,5282.62,2,0
28,44,393.75,0.89,2,15,upi,expired_card,20,4395.19,0,1
62,3,235.8,0.6,0,31,card,bank_error,30,9293.07,0,0
20,4,1415.26,0.79,1,4,upi,insufficient_funds,42,2296.96,1,0
29,38,2276.84,0.82,5,4,card,expired_card,47,5665.1,1,1
20,12,765.5,0.58,2,44,upi,network_error,36,9657.55,2,0
59,19,735.98,1.0,2,61,upi,card_declined,20,23713.33,1,0
44,10,1725.49,0.46,1,63,wallet,network_error,41,43086.11,1,0
66,1,1080.85,0.49,1,83,card,bank_error,45,1574.51,2,0
19,17,737.85,0.94,0,26,upi,bank_error,22,2283.85,1,0
66,16,1357.91,0.47,4,50,wallet,network_error,37,8177.22,1,0
33,9,1101.53,0.63,0,33,card,expired_card,27,4252.94,2,0
19,57,457.37,0.84,1,4,card,network_error,32,2778.47,0,1
47,53,1016.2,0.87,4,57,upi,network_error,46,3097.51,2,0
37,9,1246.45,0.97,0,62,card,insufficient_funds,22,15303.71,1,0
55,59,754.72,0.87,0,88,card,insufficient_funds,8,10193.08,0,0
45,55,2096.5,0.91,1,34,upi,card_declined,12,8844.0,1,0
42,9,1538.14,0.97,1,34,wallet,network_error,25,4467.83,0,0
49,12,903.29,0.73,1,2,card,insufficient_funds,18,3249.14,0,0
27,55,1204.18,0.61,3,43,upi,card_declined,1,7555.49,1,0
59,41,842.59,0.86,2,72,card,insufficient_funds,32,5462.56,2,1
57,15,937.29,0.5,3,49,netbanking,expired_card,46,1876.26,1,0
50,2,961.74,0.44,0,21,card,network_error,2,7046.85,1,0
30,11,317.64,0.87,1,12,card,card_declined,36,11481.26,0,1
58,11,1117.87,0.97,1,36,wallet,network_error,46,1160.54,1,1
59,8,1370.37,0.67,3,1,upi,bank_error,22,6465.23,0,1
64,55,6142.86,0.5,1,42,netbanking,bank_error,16,13747.82,0,0
54,32,1492.07,0.7,4,16,upi,expired_card,28,6054.55,3,0
33,6,694.34,0.64,1,49,card,card_declined,36,7699.97,0,0
62,53,347.73,0.62,0,6,wallet,insufficient_funds,16,1587.15,0,0
39,20,523.53,0.78,1,13,wallet,card_declined,35,6023.84,1,0
37,39,773.17,0.5,0,45,upi,expired_card,33,2833.66,2,0
67,35,782.88,0.63,1,9,wallet,network_error,25,10903.69,0,1
60,8,928.71,0.92,4,28,netbanking,expired_card,39,2825.89,0,0
44,50,827.48,0.84,2,64,upi,insufficient_funds,12,3821.47,0,1
58,49,932.97,0.43,2,34,wallet,insufficient_funds,16,4671.66,1,1
33,43,815.97,0.71,2,32,card,network_error,36,2953.01,2,1
51,34,1110.86,0.45,2,65,netbanking,card_declined,33,3715.48,0,0
49,57,582.67,0.97,2,89,card,card_declined,41,2555.81,1,0
43,53,454.35,0.55,0,52,card,card_declined,36,3358.91,0,0
42,59,928.3,0.96,2,74,upi,expired_card,36,10446.22,0,1
19,56,1485.9,0.9,2,66,wallet,network_error,28,11230.28,2,1
29,19,501.03,0.73,1,4,card,insufficient_funds,34,6527.66,1,1
57,7,733.47,0.6,1,25,upi,card_declined,16,18324.62,1,0
26,31,989.99,0.91,0,80,upi,network_error,29,6879.05,0,0
29,18,973.4,0.49,1,63,card,bank_error,29,6669.57,1,0
43,40,1857.51,0.51,1,40,card,bank_error,24,7272.74,1,1
26,14,2117.26,0.53,1,69,card,insufficient_funds,23,2596.57,0,0
27,39,1281.02,0.76,3,56,upi,insufficient_funds,17,2531.38,1,0
49,53,2557.01,0.59,2,23,upi,network_error,4,3351.96,1,1
51,59,846.99,0.99,2,84,card,card_declined,23,3281.93,1,1
65,36,1974.63,0.52,1,3,netbanking,insufficient_funds,22,6092.58,0,0
37,17,714.01,0.88,0,65,upi,network_error,38,14521.09,2,1
56,37,1349.12,0.46,1,51,wallet,insufficient_funds,27,3602.4,1,0
19,44,1721.39,0.61,1,25,upi,card_declined,30,2686.64,0,0
18,9,1140.59,0.55,3,80,card,expired_card,22,2026.38,0,0
68,58,558.08,0.99,3,41,card,network_error,6,6665.05,2,0
53,20,340.09,0.42,3,5,card,network_error,27,4829.74,1,0
41,45,1619.44,0.83,1,64,card,bank_error,22,22218.34,0,1
44,57,905.86,0.55,3,6,card,insufficient_funds,13,3115.51,1,0
19,28,951.43,0.89,1,76,upi,network_error,24,14239.14,0,0
48,50,3134.03,0.59,1,46,netbanking,insufficient_funds,33,907.77,1,0
31,20,565.46,0.51,3,23,upi,insufficient_funds,30,1390.57,0,0
19,41,1841.34,0.82,1,38,card,card_declined,22,11079.15,0,0
46,36,654.32,0.55,4,5,netbanking,insufficient_funds,7,4879.06,1,1
32,53,968.63,0.69,0,61,upi,card_declined,9,4042.17,2,0
29,27,512.79,0.48,2,2,card,insufficient_funds,32,3343.35,0,0
54,8,651.13,0.83,1,3,card,network_error,35,9584.42,1,0
45,32,1464.5,0.64,1,7,card,card_declined,17,9931.51,0,0
37,1,2712.96,0.48,3,76,card,insufficient_funds,22,21137.63,2,0
56,17,1475.06,0.84,1,50,wallet,expired_card,26,7530.66,0,1
41,57,1358.43,0.46,0,60,upi,card_declined,32,10158.15,0,0
38,9,6531.22,0.74,1,65,netbanking,card_declined,29,1701.61,1,0
27,20,1623.59,0.76,0,65,netbanking,card_declined,37,2047.9,1,0
63,45,570.47,0.96,2,62,card,insufficient_funds,36,7208.52,0,0
31,32,337.55,0.49,2,54,card,card_declined,46,9760.74,1,0
54,2,1429.96,0.79,0,53,wallet,network_error,42,14619.17,1,1
35,32,409.7,0.63,1,9,card,bank_error,10,1506.17,2,1
41,45,544.02,0.64,3,1,card,expired_card,23,3408.35,1,0
31,9,1356.02,0.7,4,15,card,insufficient_funds,5,3602.43,0,1
51,30,2270.93,0.54,1,89,upi,insufficient_funds,11,2689.63,2,0
29,20,897.86,0.68,1,36,card,insufficient_funds,12,1205.67,2,0
39,38,471.4,0.81,3,10,card,insufficient_funds,20,7382.02,0,0
23,1,989.78,0.67,1,50,card,card_declined,10,1138.99,2,0
53,57,906.45,0.43,3,31,card,insufficient_funds,26,7931.1,0,0
62,5,1190.81,0.55,1,84,card,network_error,12,9298.47,0,0
53,35,472.6,0.61,2,69,card,insufficient_funds,42,9761.79,0,0
39,36,610.33,0.61,1,16,card,bank_error,25,6735.48,2,1
31,1,2245.07,0.45,2,79,upi,network_error,8,6715.43,0,0
33,14,1868.47,0.67,1,42,wallet,bank_error,20,1456.92,1,0
53,9,2477.14,0.82,0,26,netbanking,bank_error,10,2285.09,3,1
42,30,300.26,0.43,2,30,netbanking,network_error,25,3870.17,1,1
49,24,589.76,0.85,1,2,upi,insufficient_funds,47,1510.2,1,0
50,4,2194.34,0.97,2,67,wallet,insufficient_funds,30,1757.16,0,0
62,50,1660.1,0.41,1,83,wallet,insufficient_funds,12,3113.55,1,1
53,14,1458.43,0.52,2,56,upi,card_declined,8,4916.81,1,0
37,25,850.93,0.73,2,24,upi,network_error,23,8726.6,0,0
35,4,710.44,0.53,5,67,card,network_error,17,1314.36,1,0
55,25,1121.66,0.86,0,40,card,insufficient_funds,4,6567.9,0,0
20,10,801.14,0.59,2,63,card,network_error,1,2588.18,1,0
40,35,1587.12,0.58,2,69,upi,insufficient_funds,37,5531.12,0,0
49,55,1125.51,0.4,1,59,card,bank_error,39,11415.34,3,1
62,7,555.68,0.56,2,61,netbanking,insufficient_funds,8,3532.57,1,0
33,42,1710.36,0.53,0,52,card,card_declined,33,7113.42,0,0
22,13,2638.58,0.61,2,76,card,card_declined,37,9941.0,0,0
21,4,2764.8,0.49,3,36,card,network_error,39,5997.61,1,0
38,50,1757.06,0.76,2,31,upi,insufficient_funds,35,6728.51,1,0
57,43,1773.94,0.54,1,7,card,bank_error,25,985.7,1,1
68,57,486.46,0.9,2,20,card,card_declined,29,5513.29,0,0
31,36,685.44,0.57,2,33,upi,card_declined,40,1464.27,1,0
56,56,974.73,0.53,3,83,netbanking,insufficient_funds,28,9217.51,0,0
48,14,1660.38,0.43,1,17,upi,expired_card,35,4749.68,0,0
31,18,720.37,0.84,3,6,upi,insufficient_funds,3,1950.84,1,1
23,8,884.59,0.7,0,86,upi,insufficient_funds,2,7137.89,0,0
29,32,1622.51,0.47,1,81,upi,card_declined,16,9870.64,0,0
33,27,1207.1,0.53,2,20,card,bank_error,47,3080.0,0,0
34,42,1385.35,1.0,3,42,card,insufficient_funds,46,7438.81,0,0
62,37,636.11,0.88,1,63,wallet,insufficient_funds,33,765.09,0,0
40,23,876.27,0.61,1,41,wallet,expired_card,7,5717.02,2,0
31,7,789.44,0.73,0,72,upi,expired_card,23,8155.99,1,0
24,12,1095.91,0.65,2,7,upi,bank_error,31,5464.42,1,1
63,25,809.82,0.42,1,71,card,network_error,44,12697.82,0,1
49,3,736.44,0.87,0,29,upi,card_declined,18,1619.69,0,0
32,26,1196.93,0.83,3,67,card,card_declined,20,8036.78,0,0
61,4,4758.61,0.65,2,16,card,card_declined,8,7994.87,1,0
34,42,1649.95,0.91,2,77,card,bank_error,30,2496.3,1,1
58,36,315.4,0.72,3,50,upi,card_declined,13,19275.76,1,0
64,15,1402.35,0.44,1,82,card,insufficient_funds,38,22802.1,3,0
61,32,764.77,0.56,1,44,card,insufficient_funds,30,13137.08,0,0
51,29,567.5,0.68,1,77,upi,bank_error,20,2030.52,0,0
22,10,1794.89,0.46,0,31,netbanking,card_declined,10,8904.87,0,0
62,21,1157.51,0.74,2,67,netbanking,card_declined,45,5371.84,0,0
44,54,6250.77,0.47,1,3,card,card_declined,28,4928.49,0,0
69,16,1012.33,0.52,2,66,upi,insufficient_funds,19,5781.72,0,0
40,47,936.02,0.94,3,77,netbanking,network_error,2,3232.46,3,1
57,19,2535.14,1.0,3,75,wallet,expired_card,45,3112.02,2,0
31,29,1113.63,0.73,0,7,upi,card_declined,27,8496.85,2,1
32,52,523.18,0.77,6,27,card,bank_error,45,2487.67,2,0
60,51,591.98,0.88,0,7,wallet,expired_card,45,10022.41,1,0
50,18,871.39,0.82,0,8,card,network_error,13,6334.25,1,1
48,58,1737.75,0.51,3,42,upi,expired_card,12,824.42,1,0
52,44,2671.75,0.65,2,85,wallet,expired_card,32,4546.14,1,0
34,57,1922.47,0.72,2,26,upi,card_declined,17,5463.97,1,1
45,16,1632.1,0.62,2,61,upi,card_declined,40,5899.83,2,0
36,1,2363.3,0.51,1,20,card,insufficient_funds,38,2157.33,2,0
63,48,1693.95,0.84,2,79,card,card_declined,21,2136.99,0,0
40,2,582.74,0.52,0,87,upi,network_error,33,18014.19,1,1
49,56,939.61,0.56,3,79,upi,bank_error,24,2454.36,1,1
57,15,764.58,0.57,1,51,card,insufficient_funds,16,2759.84,0,0
30,39,2653.39,0.5,5,74,card,expired_card,3,6789.42,1,0
37,28,562.15,0.91,2,2,card,insufficient_funds,23,1049.0,0,0
52,1,569.85,0.77,0,30,upi,bank_error,18,3307.0,1,0
22,5,1235.15,0.9,1,17,upi,network_error,10,7033.97,1,1
26,42,4231.51,0.7,0,67,card,card_declined,32,3583.72,2,1
46,22,1834.31,0.71,1,72,card,card_declined,44,1123.04,1,0
23,53,2273.72,0.77,3,43,upi,insufficient_funds,13,7266.44,0,0
42,36,505.34,0.62,2,49,card,expired_card,19,2950.73,0,0
48,46,1751.38,0.7,2,4,card,network_error,32,4667.63,0,1
39,13,503.79,0.73,3,88,card,bank_error,39,3496.33,0,0
19,1,1829.24,0.97,1,29,netbanking,network_error,13,2127.21,0,0
62,16,365.19,0.93,1,72,upi,insufficient_funds,47,5454.65,3,0
22,55,864.9,0.48,2,34,upi,network_error,9,2986.07,1,1
44,41,260.56,0.42,1,9,card,bank_error,12,6199.81,0,1
42,22,590.34,0.81,1,58,upi,bank_error,6,10343.78,0,0
25,32,404.55,0.43,1,81,upi,network_error,20,5460.74,0,0
18,16,1729.92,0.44,0,74,card,insufficient_funds,42,6027.02,1,0
37,51,1171.54,0.5,1,24,wallet,network_error,20,1876.09,2,1
61,15,790.55,0.61,4,56,upi,card_declined,44,3278.61,0,0
40,58,1190.33,0.66,1,86,netbanking,card_declined,8,7794.52,1,0
49,46,612.99,0.71,2,81,upi,insufficient_funds,9,9474.9,1,0
28,52,1373.75,1.0,0,61,card,insufficient_funds,4,2264.73,1,0
56,42,1038.56,0.63,2,73,upi,card_declined,21,3959.02,2,0
64,53,5413.36,0.55,2,79,card,expired_card,8,912.26,0,1
41,12,3440.8,0.75,0,63,card,insufficient_funds,35,14544.08,0,0
28,1,2118.35,0.53,3,42,upi,insufficient_funds,21,3501.07,1,0
46,53,1345.64,0.96,1,17,upi,expired_card,42,1247.84,0,1
43,17,1471.81,0.56,1,71,card,network_error,26,4954.77,1,0
33,41,2613.96,0.99,1,66,upi,card_declined,6,4606.41,3,1
52,55,1341.71,0.65,2,48,upi,insufficient_funds,5,21253.67,2,0
37,51,1400.75,0.89,3,70,netbanking,card_declined,26,16362.22,1,0
63,57,732.5,0.79,0,33,upi,bank_error,27,8252.19,1,1
20,50,677.82,0.96,1,38,card,insufficient_funds,18,6079.04,0,0
18,28,1017.33,0.78,1,1,netbanking,insufficient_funds,37,3100.11,2,1
64,7,175.86,0.75,0,55,wallet,bank_error,21,8791.14,2,0
18,9,1074.54,0.79,1,55,upi,card_declined,16,4455.46,0,1
34,22,925.65,0.87,0,10,upi,network_error,33,6453.41,1,1
19,26,2029.05,0.94,0,55,card,expired_card,40,7391.88,0,1
46,53,2584.39,0.56,0,24,wallet,card_declined,2,7665.8,0,1
37,12,6634.25,0.52,3,72,card,insufficient_funds,28,6433.6,0,0
23,7,1645.3,0.42,1,28,upi,insufficient_funds,46,3572.91,0,0
25,46,1219.77,0.62,2,51,card,insufficient_funds,4,9694.07,2,0
46,47,737.82,0.91,2,46,card,card_declined,43,8986.91,0,0
65,15,526.23,0.44,2,72,card,bank_error,20,6811.92,0,0
68,38,2079.63,0.72,2,29,card,insufficient_funds,22,7146.75,2,1
50,21,1075.76,0.82,1,19,upi,insufficient_funds,19,12665.99,0,0
20,14,1476.52,0.9,4,79,wallet,card_declined,30,2481.31,0,0
52,2,1110.98,0.75,2,5,card,insufficient_funds,47,4944.07,1,1
22,8,1131.46,0.51,5,49,upi,insufficient_funds,35,10480.83,0,0
44,45,1278.51,0.98,2,55,upi,insufficient_funds,45,1349.48,2,0
61,55,1473.59,0.46,1,46,card,card_declined,5,16807.64,2,1
29,6,2118.59,0.86,1,15,wallet,network_error,4,7216.78,2,1
37,37,462.84,0.45,2,72,card,insufficient_funds,15,5626.18,2,0
62,37,1652.85,0.49,4,39,wallet,card_declined,24,11187.17,0,0
37,57,445.1,0.94,4,22,wallet,insufficient_funds,33,2240.79,0,0
26,33,1791.84,0.85,2,62,card,network_error,10,22292.77,0,1
56,41,1372.19,0.62,0,69,netbanking,insufficient_funds,35,4294.64,0,0
21,6,1039.38,0.78,1,74,upi,network_error,37,3483.53,0,0
68,52,1068.21,0.67,3,31,netbanking,card_declined,32,3151.52,0,0
36,26,1206.94,0.44,2,37,card,insufficient_funds,16,59991.93,0,1
55,39,2353.57,0.83,0,23,netbanking,insufficient_funds,13,24591.32,0,1
44,41,2212.14,0.86,0,88,upi,insufficient_funds,17,11063.39,0,0
62,37,2038.11,0.93,0,4,upi,network_error,5,5835.36,1,1
60,14,427.31,0.72,1,43,upi,bank_error,45,1442.03,1,0
30,37,1641.47,0.8,3,38,upi,bank_error,8,10267.78,1,1
30,8,204.7,0.66,3,15,card,network_error,47,1161.53,1,1
39,39,246.78,0.59,0,11,wallet,bank_error,26,2063.16,0,1
45,13,2408.49,0.65,0,25,card,bank_error,12,7103.6,1,0
69,13,398.28,0.95,1,26,netbanking,network_error,38,4518.91,0,1
64,40,967.4,0.5,1,39,card,card_declined,39,6403.65,0,0
62,43,2930.82,0.55,0,56,wallet,bank_error,25,2563.56,0,1
39,28,1650.18,0.76,4,51,netbanking,card_declined,45,9158.47,0,1
60,58,1420.84,0.47,3,33,card,card_declined,35,2670.27,3,0
36,18,1055.64,0.94,1,20,upi,network_error,5,1109.96,1,1
25,57,1197.66,0.43,1,52,card,bank_error,13,17036.18,1,0
69,19,707.95,0.85,1,34,upi,card_declined,45,1508.16,2,1
25,38,783.91,0.62,2,45,card,insufficient_funds,38,7438.46,1,0
59,32,1165.06,0.43,1,76,card,insufficient_funds,30,6197.04,0,0
43,22,1290.37,0.91,0,4,wallet,card_declined,13,3410.37,1,1
65,2,981.92,0.78,2,13,card,card_declined,15,2037.2,1,0
68,13,229.19,0.41,1,59,card,insufficient_funds,19,9563.52,0,0
43,23,3279.39,0.56,2,67,upi,expired_card,38,11473.88,1,0
40,25,2113.5,0.61,2,53,wallet,card_declined,38,6254.37,0,0
60,28,950.67,0.59,0,17,card,card_declined,42,7776.86,1,1
30,58,2160.08,0.7,2,71,card,insufficient_funds,32,6477.77,0,0
45,11,853.23,0.72,1,45,upi,network_error,35,3031.5,1,0
26,33,1369.61,0.64,2,47,wallet,network_error,20,5156.23,0,0
37,24,285.36,0.6,3,78,netbanking,expired_card,20,3412.78,0,0
36,2,1312.53,0.7,0,26,upi,bank_error,13,10820.26,0,0
65,30,900.6,0.42,3,31,card,insufficient_funds,26,7421.97,2,0
56,17,1277.47,0.79,2,31,upi,insufficient_funds,17,18741.94,1,0
68,40,3629.76,0.76,4,80,netbanking,card_declined,30,13312.8,1,0
29,34,1082.84,0.57,1,60,netbanking,bank_error,4,4119.27,0,0
32,38,796.11,0.51,3,1,card,insufficient_funds,8,3788.64,2,0
48,22,802.33,0.44,3,46,card,expired_card,9,884.17,0,0
31,5,406.95,0.75,2,34,card,card_declined,22,2102.95,0,0
28,48,1455.31,0.74,1,54,upi,card_declined,44,8322.86,1,0
43,40,1594.16,0.72,3,59,upi,bank_error,12,3754.34,1,0
59,51,1148.02,0.99,0,41,card,card_declined,19,2119.52,2,1
44,16,2087.94,0.72,1,51,card,expired_card,33,4240.32,0,1
28,13,2101.88,0.83,0,5,wallet,card_declined,4,2260.76,0,1
55,26,1151.57,0.47,2,88,card,expired_card,2,4859.39,1,0
51,31,1652.17,0.58,3,10,upi,card_declined,7,1490.52,2,0
60,52,5018.45,0.57,1,38,upi,bank_error,3,2594.11,1,0
36,39,616.81,0.75,2,35,upi,card_declined,8,12127.87,1,0
23,48,1884.12,0.6,1,66,card,card_declined,9,11544.08,1,0
63,23,1165.35,0.78,1,19,upi,insufficient_funds,21,7102.73,0,1
69,48,2280.21,0.81,0,38,upi,insufficient_funds,21,4385.19,1,1
55,12,629.27,0.42,2,53,netbanking,card_declined,32,1305.25,0,0
66,14,1261.67,0.78,3,50,upi,insufficient_funds,1,1632.39,1,1
59,56,681.49,0.47,2,78,upi,insufficient_funds,22,8097.91,0,0
45,18,318.34,0.68,0,34,card,network_error,43,7624.55,0,1
18,27,2930.92,0.84,2,4,wallet,bank_error,2,10913.43,2,0
52,28,809.06,0.82,1,61,upi,card_declined,9,2002.8,0,1
57,18,608.05,0.58,3,89,upi,network_error,39,3820.32,4,0
25,16,732.29,0.56,1,70,card,insufficient_funds,15,5298.71,3,0
69,52,3932.8,0.66,1,9,upi,insufficient_funds,16,3198.79,1,1
64,16,2744.54,0.51,0,52,card,card_declined,44,10289.31,0,0
24,13,941.3,0.98,2,82,card,bank_error,10,2689.17,1,1
28,58,2004.12,0.61,3,31,upi,bank_error,9,6615.84,2,0
56,29,516.58,0.95,2,86,card,expired_card,16,8822.27,0,0
21,9,1582.06,0.94,3,68,upi,insufficient_funds,12,5035.0,1,0
42,26,811.27,0.62,2,33,upi,card_declined,42,3263.8,1,0
29,28,1488.12,0.55,1,59,card,card_declined,21,4561.2,0,0
43,41,419.2,0.86,1,35,card,bank_error,30,12689.69,1,1
55,13,723.0,0.54,1,13,netbanking,expired_card,45,6459.21,0,1
63,36,1245.55,0.71,3,79,netbanking,expired_card,27,2235.29,0,1
29,9,1236.37,0.47,0,61,upi,network_error,13,1953.38,0,0
60,47,393.87,0.63,3,48,upi,network_error,28,11318.54,0,0
68,14,555.41,0.45,1,38,upi,network_error,45,7863.59,0,0
54,51,1474.97,0.57,6,65,card,network_error,23,2499.42,1,0
63,12,1358.6,0.8,0,54,upi,bank_error,27,4409.59,2,1
41,53,1735.13,0.99,0,31,netbanking,insufficient_funds,22,3386.65,0,1
33,58,1252.81,0.55,2,49,upi,bank_error,13,17151.33,1,1
30,57,524.67,0.68,3,81,upi,expired_card,41,4137.85,1,1
42,32,856.03,0.67,2,22,upi,card_declined,31,6541.41,2,1
69,38,1590.36,0.51,2,29,upi,bank_error,24,21209.13,2,1
21,3,543.93,0.77,0,65,upi,bank_error,17,3797.36,0,1
28,58,498.59,0.83,1,48,upi,card_declined,42,2613.06,0,1
49,57,887.06,0.49,0,66,card,bank_error,15,2726.14,3,1
66,54,1326.12,0.85,1,25,card,insufficient_funds,40,2597.31,3,1
24,52,301.88,0.82,1,21,upi,card_declined,46,7750.91,1,1
63,16,925.43,0.52,1,26,card,insufficient_funds,16,3730.74,2,0
28,20,1576.55,0.79,2,1,card,insufficient_funds,7,3179.59,0,0
45,32,1809.4,0.64,2,32,card,bank_error,14,6071.53,0,0
58,56,543.14,0.81,0,73,card,card_declined,35,5920.02,0,1
40,23,1422.77,0.7,2,46,card,network_error,23,12777.11,0,1
62,17,2198.62,0.43,1,5,card,card_declined,10,4655.55,0,1
40,16,1676.89,0.87,2,40,upi,card_declined,1,3886.1,2,0
67,38,821.94,0.73,4,17,wallet,card_declined,11,9476.53,0,0
45,8,206.51,0.83,1,53,netbanking,expired_card,41,45631.9,0,1
60,19,1269.7,0.48,3,83,netbanking,expired_card,4,5677.32,0,1
64,30,3310.96,0.83,0,29,netbanking,card_declined,37,4105.25,0,1
43,57,1952.46,0.65,3,76,upi,bank_error,19,16533.12,1,0
42,58,1859.77,0.88,0,8,card,card_declined,43,2585.59,1,0
46,34,1233.9,0.76,3,43,upi,expired_card,38,4969.9,4,0
36,14,2054.42,0.61,1,15,card,network_error,23,2419.2,2,0
50,22,1355.97,0.52,1,34,upi,card_declined,24,4766.45,1,1
53,44,322.98,0.89,2,35,card,bank_error,44,9102.44,2,0
31,17,2046.95,0.74,2,33,card,network_error,13,1997.01,4,1
31,59,600.17,0.99,0,21,upi,bank_error,32,15747.98,2,1
52,15,1149.48,0.62,4,19,card,expired_card,1,5008.38,0,0
47,50,1839.85,0.81,0,1,card,card_declined,22,2366.37,0,0
45,48,649.09,0.77,0,51,netbanking,card_declined,38,4014.48,1,0
34,32,550.14,0.78,4,33,card,bank_error,32,3207.44,1,0
20,13,1531.52,0.84,3,26,card,insufficient_funds,42,3811.15,0,0
33,21,502.97,0.48,0,42,card,bank_error,39,595.07,0,0
63,49,958.19,0.73,3,54,upi,card_declined,39,995.32,1,0
47,40,2415.98,0.71,2,45,card,expired_card,13,2358.1,1,1
69,33,3423.93,0.61,2,27,netbanking,card_declined,36,3550.29,2,0
46,57,315.09,0.66,0,51,card,card_declined,47,21084.05,1,0
62,58,940.96,0.71,1,28,card,insufficient_funds,21,4014.99,1,0
32,27,2667.87,0.59,1,84,card,bank_error,16,3929.21,0,0
63,35,829.91,0.58,0,8,upi,insufficient_funds,9,1955.77,1,1
42,16,1908.97,0.84,0,31,netbanking,card_declined,4,5839.11,2,1
68,28,2012.45,0.44,0,5,card,card_declined,25,2731.93,0,1
55,34,715.02,0.59,2,11,card,bank_error,16,14582.89,1,0
59,47,1480.35,0.79,3,85,card,card_declined,10,3821.04,2,0
64,1,1544.76,0.53,1,72,wallet,insufficient_funds,10,3798.29,1,0
69,41,2073.78,0.74,2,26,card,card_declined,31,7210.93,3,0
55,48,351.57,0.58,1,60,upi,insufficient_funds,25,4652.26,1,0
40,31,2710.76,0.91,3,46,card,insufficient_funds,9,642.46,0,0
42,36,1773.66,0.61,1,12,upi,card_declined,28,4771.04,2,0
59,44,497.07,0.54,2,13,netbanking,card_declined,45,7244.87,0,0
24,33,1002.79,0.72,0,74,upi,insufficient_funds,14,4771.34,0,0
39,33,1971.37,0.48,1,8,wallet,insufficient_funds,5,6728.89,1,1
34,39,515.96,0.88,2,42,upi,card_declined,38,9677.29,1,0
35,18,574.11,0.81,3,65,wallet,bank_error,10,5609.2,0,1
66,23,1111.01,0.86,3,9,upi,expired_card,38,17270.69,0,1
58,23,808.06,0.64,4,4,upi,insufficient_funds,28,9999.27,0,1
27,15,1307.15,0.9,5,55,netbanking,expired_card,10,2310.26,0,0
27,26,1950.95,0.7,1,85,card,insufficient_funds,33,8453.57,0,0
24,30,1326.86,0.46,0,71,card,card_declined,20,4240.81,0,0
65,25,1088.76,0.53,2,55,card,expired_card,31,2944.12,0,0
67,45,1957.22,0.83,0,57,card,card_declined,7,9620.52,0,0
55,16,1018.99,0.94,1,57,wallet,card_declined,27,4492.69,2,0
44,39,650.66,0.46,1,39,card,bank_error,8,3024.04,1,0
69,48,2461.92,0.92,2,28,card,insufficient_funds,14,6519.97,1,1
50,45,201.73,0.88,0,26,card,insufficient_funds,8,13368.85,0,1
18,14,1146.9,0.61,2,73,upi,bank_error,3,2610.04,0,0
61,17,850.31,0.81,4,70,upi,bank_error,4,24274.45,0,0
51,12,574.73,0.51,4,22,upi,card_declined,20,2863.55,2,0
21,29,1351.55,0.89,2,73,upi,card_declined,13,4071.1,0,0
34,32,1512.92,0.79,1,45,card,insufficient_funds,6,8148.97,0,0
21,56,613.81,0.66,3,15,wallet,bank_error,4,3286.23,0,0
60,24,412.74,0.92,3,65,card,card_declined,21,12781.04,1,0
43,52,439.58,0.48,3,18,card,network_error,22,3210.31,1,1
21,13,3902.08,0.91,4,11,netbanking,insufficient_funds,43,5665.23,1,0
18,56,4215.78,0.41,0,4,card,network_error,19,8938.78,4,1
24,20,1119.55,0.85,1,34,upi,network_error,23,5186.59,0,1
47,15,419.85,0.74,0,48,card,insufficient_funds,17,4421.92,1,0
67,56,990.54,0.82,2,83,card,bank_error,4,2487.2,1,1
26,53,234.99,0.65,4,48,card,insufficient_funds,32,2972.27,0,0
52,4,1366.86,0.92,1,76,upi,bank_error,29,1461.06,1,1
25,54,546.84,0.59,1,40,card,expired_card,31,400.71,1,0
41,34,470.06,0.56,5,59,upi,bank_error,21,16080.96,1,0
36,28,2174.04,0.58,1,48,upi,network_error,10,4089.64,1,0
53,50,984.4,0.86,4,41,upi,card_declined,41,4119.48,2,1
67,2,2010.17,0.7,0,22,card,card_declined,37,19136.45,0,0
69,57,2552.52,0.72,1,64,upi,expired_card,46,2656.68,1,1
60,47,1030.1,0.9,1,76,netbanking,insufficient_funds,10,2605.11,1,0
44,30,1092.68,0.9,3,49,card,insufficient_funds,36,5653.11,0,1
49,26,2300.29,0.5,3,55,wallet,insufficient_funds,28,2949.42,0,0
31,51,752.09,0.73,2,15,card,expired_card,20,1339.66,0,0
35,47,2460.8,0.48,1,4,card,expired_card,23,3000.8,1,1
45,26,266.06,0.92,0,8,card,insufficient_funds,4,1033.03,0,1
46,20,855.46,0.9,0,60,card,card_declined,26,13133.97,1,0
33,42,1250.21,0.91,2,3,upi,card_declined,44,4103.66,1,0
52,28,471.77,0.82,1,7,upi,insufficient_funds,43,1185.0,0,1
64,56,1420.38,0.68,0,79,card,network_error,22,5713.0,1,0
48,20,1237.13,0.64,1,84,wallet,insufficient_funds,46,11438.44,0,0
21,11,656.86,0.64,3,17,netbanking,insufficient_funds,28,9080.82,0,0
54,58,639.5,0.44,1,10,card,insufficient_funds,9,11363.92,0,1
34,10,595.6,0.97,2,80,card,insufficient_funds,21,3326.01,0,0
56,23,366.29,0.67,0,26,card,insufficient_funds,5,8005.5,1,0
65,37,3384.84,0.96,5,22,upi,bank_error,20,4110.81,1,0
63,41,946.46,0.93,3,15,upi,network_error,41,9996.04,0,1
43,52,425.36,0.9,2,58,card,insufficient_funds,18,3658.63,3,1
65,19,1006.65,0.75,0,60,upi,card_declined,32,8195.07,0,0
56,45,1297.14,0.46,2,76,wallet,insufficient_funds,25,3962.36,0,0
58,18,618.53,0.59,1,39,upi,network_error,44,4729.94,1,0
21,49,849.57,0.76,3,3,upi,bank_error,40,4043.54,0,1
47,27,2732.0,0.41,3,60,card,card_declined,4,4474.04,0,1
47,6,484.22,0.43,2,53,card,card_declined,13,3112.64,2,0
39,10,729.87,0.81,0,24,wallet,card_declined,4,9672.25,1,0
28,2,269.4,0.93,2,55,upi,card_declined,26,4315.6,1,0
19,24,3929.61,0.91,2,2,upi,insufficient_funds,1,2936.26,2,0
61,38,1738.38,0.5,2,68,card,network_error,14,9522.81,0,1
29,28,1059.24,0.95,1,23,upi,bank_error,16,3612.21,0,1
47,28,663.38,0.82,1,59,upi,expired_card,34,6796.15,0,0
53,53,640.59,0.83,0,57,upi,bank_error,5,2036.24,1,1
35,45,908.36,0.58,4,87,upi,insufficient_funds,31,10528.86,1,0
43,50,1552.01,0.83,0,72,wallet,network_error,42,2182.92,3,1
24,39,520.87,0.83,0,42,card,bank_error,17,7005.57,0,0
18,2,793.0,0.76,0,12,card,insufficient_funds,25,8714.85,0,0
43,46,1998.36,0.61,2,73,netbanking,bank_error,28,5345.83,1,0
40,5,3382.58,0.89,2,75,card,insufficient_funds,17,2471.68,1,0
43,50,1604.34,0.96,3,1,wallet,bank_error,40,1874.12,1,1
62,11,689.83,0.92,0,54,card,insufficient_funds,22,4579.52,1,0
23,10,983.87,0.55,1,43,upi,card_declined,20,8663.15,0,0
23,43,1463.52,0.67,2,62,netbanking,insufficient_funds,46,3391.63,0,0
61,59,894.23,0.61,0,15,upi,insufficient_funds,41,1535.42,1,1
25,2,1804.94,0.82,2,7,upi,bank_error,17,12530.51,0,1
41,15,657.84,0.9,4,28,card,insufficient_funds,46,3027.15,2,0
39,39,3392.42,0.53,2,6,card,expired_card,4,2703.92,0,0
36,41,1031.47,0.97,1,20,netbanking,bank_error,11,4334.46,0,0
54,37,705.02,0.81,0,88,netbanking,bank_error,39,10075.84,0,1
35,7,1659.25,0.53,1,42,card,bank_error,14,5973.05,3,1
48,20,552.58,0.62,5,38,netbanking,bank_error,32,4769.3,1,0
54,34,1216.27,0.46,2,62,card,insufficient_funds,46,9876.35,0,0
47,35,2924.8,0.76,2,76,upi,bank_error,17,5036.04,1,0
59,34,467.98,0.5,1,3,card,insufficient_funds,47,4367.93,0,0
50,53,2524.92,0.82,1,28,card,insufficient_funds,27,8575.97,1,1
27,22,444.2,0.84,0,12,card,insufficient_funds,46,4719.11,1,1
54,31,1947.56,0.69,0,80,upi,expired_card,22,2801.97,1,0
29,23,565.3,0.46,1,44,upi,insufficient_funds,40,9274.32,2,0
47,19,2525.71,0.77,2,15,upi,insufficient_funds,2,12288.24,1,0
44,4,732.7,0.62,0,55,card,network_error,41,6017.11,0,1
56,24,854.43,0.97,3,85,card,card_declined,14,7763.38,0,1
26,20,568.55,0.71,0,82,card,insufficient_funds,45,7364.26,0,0
38,39,202.68,0.44,0,48,netbanking,card_declined,38,1233.12,0,0
29,28,492.93,0.78,2,6,wallet,card_declined,3,4305.45,0,0
46,54,337.25,0.87,0,64,netbanking,network_error,36,4431.5,2,1
50,39,262.61,0.5,2,81,card,card_declined,39,4007.12,2,0
60,17,1347.17,0.67,0,87,netbanking,bank_error,6,11839.85,2,1
32,19,3188.82,0.85,4,35,card,bank_error,23,3644.51,0,0
19,54,3858.93,0.41,0,82,upi,insufficient_funds,21,5700.46,1,1
69,48,485.99,0.42,3,11,upi,insufficient_funds,5,2022.61,2,0
56,35,1015.42,0.81,1,23,card,bank_error,11,9205.62,2,0
61,32,2478.36,0.84,4,57,upi,card_declined,26,2664.58,0,0
35,47,437.85,0.91,2,81,card,expired_card,39,15976.74,0,0
20,46,2546.62,0.64,0,70,upi,card_declined,45,16147.67,0,0
24,47,2576.1,0.63,1,88,card,expired_card,37,5988.98,0,0
60,46,280.82,0.73,4,37,upi,insufficient_funds,15,7920.35,0,0
35,39,210.76,0.85,2,63,upi,expired_card,40,3952.68,1,0
61,57,828.67,0.78,1,80,card,bank_error,22,3883.0,1,1
55,35,2114.67,0.6,2,29,wallet,insufficient_funds,4,1696.59,1,0
54,30,378.49,0.61,0,42,wallet,card_declined,45,1442.39,2,0
50,17,263.27,0.86,2,28,netbanking,network_error,25,2220.96,3,1
61,42,1147.17,0.72,2,16,upi,bank_error,15,12944.42,0,1
48,47,1707.75,0.46,3,67,netbanking,bank_error,34,3769.63,0,0
28,29,681.21,0.49,2,88,upi,card_declined,5,11122.29,2,0
21,6,721.32,0.91,1,18,card,network_error,3,4914.19,0,1
35,17,1700.51,1.0,1,48,card,bank_error,19,4926.44,1,0
21,17,596.49,0.6,1,17,upi,insufficient_funds,5,4020.97,1,1
66,14,628.66,0.63,1,74,upi,bank_error,38,6493.61,2,0
51,24,1331.55,0.49,2,25,wallet,insufficient_funds,19,4931.72,2,0
46,57,1439.86,0.54,1,48,netbanking,network_error,8,4313.33,2,0
41,50,937.53,0.65,0,87,upi,bank_error,21,8020.64,1,1
39,57,3099.94,0.57,4,50,card,card_declined,8,4994.29,0,0
19,37,1853.52,0.82,1,19,upi,insufficient_funds,4,3167.39,2,1
61,40,857.78,0.72,0,74,card,bank_error,20,3158.86,2,1
23,39,444.3,0.89,0,75,card,network_error,36,7778.66,0,0
59,55,2195.13,0.83,2,41,upi,insufficient_funds,6,602.82,2,0
42,32,2249.66,0.48,1,5,card,insufficient_funds,19,1639.84,0,1
38,36,1023.19,0.47,2,6,upi,insufficient_funds,6,10492.7,0,0
33,50,1331.18,0.94,1,3,upi,insufficient_funds,24,8716.39,0,1
48,37,1791.61,0.89,1,45,card,network_error,5,3309.15,3,1
31,48,3368.33,0.68,3,75,card,network_error,29,9079.77,1,0
56,14,2040.77,0.48,1,61,card,bank_error,4,4881.03,0,0
45,27,1497.44,0.94,2,48,card,card_declined,26,3505.11,1,0
49,59,2102.38,0.54,4,24,card,insufficient_funds,46,5662.9,0,1
45,19,2454.77,0.42,2,48,card,insufficient_funds,19,3198.06,1,1
68,31,1325.45,0.95,4,26,netbanking,insufficient_funds,46,3379.63,1,0
66,46,2084.47,0.89,2,49,upi,bank_error,18,2708.96,0,1
26,9,683.06,0.82,0,88,card,insufficient_funds,6,6171.89,1,0
62,38,2263.54,0.42,1,55,wallet,card_declined,46,5169.02,2,0
39,17,687.05,0.72,2,4,upi,expired_card,31,3850.99,0,0
49,19,541.41,0.79,0,49,card,bank_error,1,5219.48,2,0
22,44,1002.06,0.86,1,74,upi,insufficient_funds,6,2836.08,1,0
40,4,428.71,0.68,2,44,upi,insufficient_funds,37,3513.3,1,0
22,48,722.31,0.97,3,29,upi,insufficient_funds,2,4580.13,0,1
59,57,1429.29,0.55,1,26,upi,insufficient_funds,43,12105.43,1,0
49,11,1332.15,0.44,1,83,card,card_declined,37,3196.8,0,0
27,22,1715.9,0.6,0,85,wallet,network_error,23,4395.88,1,0
56,4,1734.55,0.8,1,83,card,expired_card,44,6684.57,0,1
32,17,1425.03,0.84,1,61,upi,card_declined,44,6446.8,2,1
24,8,604.16,0.84,1,40,netbanking,network_error,27,3691.04,1,0
46,46,2092.86,0.47,2,19,card,insufficient_funds,27,2680.9,0,0
64,59,1015.63,0.93,0,82,upi,bank_error,37,6097.78,1,1
20,34,1297.49,0.57,0,14,wallet,bank_error,24,12554.63,0,0
36,11,1179.53,0.53,1,35,netbanking,card_declined,27,6978.3,1,0
27,31,3301.79,0.77,1,82,upi,insufficient_funds,31,982.98,0,1
45,11,475.13,0.53,1,19,card,bank_error,30,8110.8,2,0
46,56,862.48,0.7,0,89,upi,bank_error,24,8528.56,1,1
32,54,1590.73,0.64,1,79,upi,insufficient_funds,1,2618.45,1,0
52,56,1113.58,0.54,2,3,upi,card_declined,40,12401.96,1,1
23,38,781.11,0.58,3,87,card,insufficient_funds,32,3710.24,4,1
29,53,286.4,0.66,0,50,netbanking,insufficient_funds,15,9127.34,1,1
64,21,897.08,0.61,2,12,card,insufficient_funds,24,9394.75,1,1
55,46,1413.32,0.63,3,54,card,network_error,11,6082.72,1,0
30,30,1604.33,0.84,1,65,upi,insufficient_funds,43,15164.4,0,0
46,10,974.91,0.5,3,10,card,card_declined,38,6739.52,1,0
36,26,1242.13,0.78,1,27,card,insufficient_funds,30,6204.71,0,0
20,27,492.53,0.81,3,76,card,insufficient_funds,18,2123.33,1,0
25,8,1440.26,0.88,2,68,card,expired_card,47,2507.43,0,1
25,39,1103.9,0.91,2,21,card,network_error,33,29374.7,1,0
37,8,1231.08,0.5,2,20,upi,card_declined,42,1216.56,0,0
64,8,940.48,0.48,1,17,upi,insufficient_funds,3,5112.98,1,0
21,55,1272.8,0.77,0,46,netbanking,expired_card,2,3618.72,1,0
68,34,1709.97,0.85,0,34,card,bank_error,11,8090.81,0,1
38,59,1311.36,0.56,3,78,card,card_declined,21,7435.08,0,0
20,16,306.12,0.72,5,10,upi,insufficient_funds,23,3156.45,0,0
62,41,1330.51,0.86,1,20,card,network_error,1,5199.93,2,1
25,13,835.89,0.86,1,64,card,insufficient_funds,7,1264.04,0,0
40,23,667.98,0.79,3,62,netbanking,insufficient_funds,47,16716.45,4,1
33,12,2819.8,0.45,0,79,upi,card_declined,27,3880.98,1,1
30,27,570.91,0.43,0,39,card,insufficient_funds,17,11868.01,0,0
20,22,617.84,0.63,3,62,card,bank_error,35,2446.95,1,0
65,32,228.38,0.42,2,79,card,bank_error,16,8091.12,1,0
26,57,3005.98,0.94,0,83,card,insufficient_funds,3,4136.06,1,0
31,49,2046.33,0.41,1,12,card,bank_error,12,7021.35,1,1
30,27,869.08,0.42,2,24,card,card_declined,22,3035.05,1,0
24,2,1684.06,0.5,1,53,card,network_error,20,3327.67,2,0
32,45,230.93,0.78,3,33,card,network_error,33,6409.39,0,1
24,33,1529.51,0.72,1,69,upi,network_error,7,1742.01,0,0
55,26,601.88,0.8,0,73,wallet,insufficient_funds,37,21237.98,0,0
51,28,3539.1,0.94,0,78,card,bank_error,7,4089.38,0,1
58,19,1418.39,0.67,1,46,card,insufficient_funds,23,5258.4,1,0
39,43,1201.96,0.43,1,89,upi,network_error,1,15929.28,1,0
41,5,617.39,0.86,4,7,upi,expired_card,41,14999.08,1,1
66,33,620.1,0.89,1,43,upi,bank_error,12,7157.19,0,0
54,20,1660.36,0.43,0,7,card,card_declined,33,4405.01,2,0
61,30,613.36,0.55,0,61,upi,expired_card,15,2489.5,1,0
18,45,596.71,0.86,1,32,card,insufficient_funds,27,34123.69,0,1
27,8,2936.46,0.63,1,85,card,expired_card,16,8625.68,0,0
60,38,1341.15,0.68,3,59,netbanking,expired_card,15,930.15,1,0
33,17,509.11,0.89,1,79,upi,card_declined,24,7895.49,1,0
63,44,1613.6,0.46,1,30,card,card_declined,45,3332.4,0,0
25,1,902.04,0.81,1,4,wallet,card_declined,44,1219.0,0,0
66,3,318.6,0.53,2,34,upi,insufficient_funds,33,4722.81,0,0
42,46,773.32,0.44,3,9,upi,network_error,14,2700.36,3,0
67,26,526.36,0.8,0,60,card,bank_error,11,6685.45,2,0
29,31,1311.65,0.47,3,76,card,network_error,26,2166.3,1,0
42,8,693.04,0.85,0,24,upi,network_error,12,4117.52,1,0
34,43,1168.68,0.52,0,55,upi,bank_error,34,21685.64,2,1
43,59,1748.27,0.43,4,29,card,card_declined,37,4770.27,2,0
63,46,5725.42,0.46,1,54,card,card_declined,37,9701.55,0,0
65,8,4384.94,0.9,2,51,upi,expired_card,41,4709.93,0,1
31,35,1282.13,0.62,1,22,upi,card_declined,27,2227.41,0,1
58,39,1056.99,0.58,2,20,wallet,bank_error,16,558.11,2,1
53,28,723.02,0.69,0,37,card,bank_error,39,7703.94,0,1
40,51,347.18,0.78,3,51,card,bank_error,12,4747.93,1,1
60,4,221.31,0.42,1,73,wallet,insufficient_funds,47,9792.26,0,0
23,57,607.96,0.94,1,86,upi,card_declined,29,5271.79,1,0
64,16,3450.28,0.98,0,50,card,network_error,2,23412.79,1,1
22,13,3368.32,0.65,2,80,upi,card_declined,6,3165.01,0,0
60,20,1153.03,0.65,3,66,card,network_error,10,6341.72,1,0
42,51,1518.76,0.93,3,62,card,expired_card,33,5510.45,1,0
35,5,718.16,0.66,1,44,card,network_error,2,7750.02,1,0
30,55,1073.73,0.91,1,23,card,card_declined,18,2120.84,2,1
60,37,636.94,0.42,1,11,upi,network_error,16,2681.56,0,0
31,20,636.14,0.69,2,54,card,expired_card,6,2405.53,1,0
45,24,1683.75,0.97,2,55,card,network_error,15,10197.74,0,1
35,36,717.87,0.55,2,61,upi,bank_error,14,27271.75,1,0
45,34,1547.69,0.56,2,52,upi,bank_error,3,2320.02,2,0
68,58,989.27,0.78,1,22,card,insufficient_funds,41,5891.29,1,0
44,45,2958.72,0.96,0,3,netbanking,bank_error,8,5984.45,1,1
49,48,1614.27,0.52,1,76,upi,insufficient_funds,39,1867.92,0,0
64,54,1301.18,0.95,2,65,upi,network_error,46,9777.4,0,0
26,34,402.93,0.8,2,58,card,bank_error,37,5607.14,0,1
57,19,777.94,1.0,3,43,card,network_error,19,1843.52,0,0
49,17,1058.7,0.84,0,61,card,insufficient_funds,47,4088.6,1,0
37,5,1139.33,0.8,1,53,card,card_declined,43,10571.51,0,0
45,25,1744.56,0.89,1,33,card,bank_error,2,8843.59,0,1
50,18,1266.76,0.51,2,25,card,card_declined,37,7474.88,0,0
21,55,532.05,0.97,0,50,upi,bank_error,37,7649.88,0,1
63,53,1659.85,0.5,2,47,card,expired_card,3,1461.58,1,0
51,50,794.02,0.42,1,58,netbanking,bank_error,44,8036.13,0,0
65,8,696.96,0.82,4,66,card,insufficient_funds,34,23352.35,2,0
20,27,506.79,0.51,0,79,upi,card_declined,34,1793.6,0,0
43,15,857.54,0.86,0,13,card,card_declined,44,7511.71,1,1
25,45,742.45,0.88,2,42,upi,card_declined,37,8650.36,0,0
23,13,2471.35,0.54,2,15,card,insufficient_funds,44,5682.13,0,0
33,16,909.36,0.45,1,6,upi,insufficient_funds,33,11975.05,0,0
41,22,1591.63,0.7,2,85,card,bank_error,22,14260.94,2,0
65,20,310.47,0.93,3,42,card,network_error,47,30607.52,1,0
56,13,1846.6,0.91,1,35,card,insufficient_funds,1,8138.0,0,1
47,20,1718.09,0.47,3,82,upi,card_declined,45,2737.69,0,0
62,2,395.83,0.98,1,6,card,network_error,19,7146.41,2,1
30,35,595.68,0.56,3,78,upi,network_error,42,2763.91,0,0
22,47,689.46,0.61,3,18,card,card_declined,37,7219.91,0,1
42,55,951.57,0.49,0,43,card,network_error,15,2220.73,1,0
37,19,669.52,0.63,1,20,upi,insufficient_funds,18,1778.23,0,0
35,45,923.83,0.78,1,79,upi,card_declined,16,5808.91,1,0
64,37,1732.8,0.7,1,53,upi,expired_card,35,1144.66,0,0
35,58,741.95,0.9,2,48,card,network_error,39,13869.52,3,1
19,54,1350.29,0.78,1,27,card,bank_error,11,5878.27,0,0
27,6,1240.01,0.56,3,88,upi,card_declined,7,11716.68,1,0
62,14,138.34,0.73,4,76,wallet,insufficient_funds,30,10272.42,0,0
67,4,622.98,0.44,3,1,card,insufficient_funds,46,9385.84,1,0
64,22,2186.3,0.75,2,14,upi,card_declined,5,6276.87,1,1
29,51,586.21,0.63,0,32,upi,card_declined,2,4701.19,0,1
64,55,518.23,0.46,2,67,upi,insufficient_funds,45,7249.21,1,0
30,39,2264.54,0.58,0,10,netbanking,network_error,1,2445.97,1,0
67,36,1220.98,0.94,0,26,upi,insufficient_funds,19,4363.34,1,1
64,34,3041.43,0.75,1,74,upi,insufficient_funds,47,3939.83,3,0
28,27,792.06,0.94,2,65,card,network_error,23,6698.07,2,1
36,7,2544.0,0.65,2,50,card,bank_error,38,6031.74,0,0
52,3,588.64,0.99,2,49,upi,insufficient_funds,16,4489.24,0,0
56,47,181.65,0.62,0,32,upi,insufficient_funds,14,17013.12,0,1
43,33,1756.87,0.85,0,83,upi,card_declined,4,14351.16,0,1
63,2,1638.05,0.58,1,65,card,insufficient_funds,6,21090.66,1,0
31,42,1756.39,0.46,0,26,upi,insufficient_funds,4,1721.11,1,0
62,16,949.01,0.9,1,69,upi,bank_error,5,7659.2,1,0
61,25,3062.13,0.86,2,26,netbanking,bank_error,35,3685.23,2,0
41,15,2009.93,0.89,2,65,card,expired_card,26,2143.19,0,0
58,24,1953.63,0.58,0,12,card,insufficient_funds,9,9456.39,2,1
18,15,1194.11,0.82,4,36,card,insufficient_funds,5,23664.79,1,0
68,31,427.14,0.53,1,24,upi,network_error,25,2017.97,1,1
60,14,1149.81,0.41,0,42,netbanking,expired_card,45,4270.69,1,0
39,54,1410.39,0.92,1,55,upi,network_error,18,1496.07,3,0
40,14,4550.37,0.71,4,55,upi,insufficient_funds,38,6376.08,1,0
36,6,1321.11,0.99,1,89,card,card_declined,30,2916.22,1,0
35,14,527.28,0.63,0,8,upi,insufficient_funds,32,7098.77,0,0
29,17,1520.97,0.97,1,76,netbanking,bank_error,35,15292.41,1,1
45,18,2644.57,0.77,6,61,netbanking,network_error,20,9814.24,1,0
45,20,3626.4,0.71,1,27,wallet,card_declined,31,11829.85,2,1
50,51,1017.57,0.58,0,76,upi,bank_error,20,4755.11,1,0
36,17,953.64,0.9,1,63,card,bank_error,27,9426.15,0,0
45,16,408.32,0.9,3,32,netbanking,card_declined,17,844.86,0,0
69,40,718.85,0.65,1,60,wallet,network_error,15,8343.87,1,1
66,39,1484.7,0.84,0,35,wallet,card_declined,12,11689.97,0,1
54,52,377.4,0.67,2,16,upi,card_declined,11,3290.17,2,1
43,32,4597.59,0.84,0,36,card,card_declined,42,4172.75,1,0
52,44,854.34,1.0,3,56,card,bank_error,8,7107.92,0,1
51,9,1193.03,0.56,1,30,upi,network_error,3,1135.14,2,1
52,27,1393.4,0.78,1,32,card,card_declined,33,2207.88,0,0
57,46,2417.29,0.63,2,79,wallet,network_error,25,776.91,0,0
33,52,1321.73,0.73,0,21,card,bank_error,38,7185.73,1,1
55,33,519.22,0.92,3,56,card,expired_card,41,12902.59,0,0
30,10,1473.3,0.61,3,40,card,card_declined,17,3725.01,2,0
40,17,2413.74,0.44,0,54,card,bank_error,32,7075.18,2,0
39,49,586.23,0.88,4,30,upi,insufficient_funds,22,6951.09,0,0
33,49,1919.89,0.73,3,89,upi,card_declined,43,7978.94,2,0
45,36,1310.25,0.67,4,20,card,bank_error,3,15069.81,0,0
65,17,1172.16,0.51,2,74,upi,network_error,24,7715.82,1,0
52,18,700.65,0.46,1,1,card,expired_card,20,1480.04,0,1
62,52,938.64,0.57,2,74,card,insufficient_funds,15,8577.31,0,0
63,23,1490.7,0.83,2,18,upi,network_error,45,20736.12,0,0
25,34,814.91,0.65,2,57,upi,bank_error,45,1795.87,2,0
61,8,552.53,0.74,2,59,wallet,insufficient_funds,41,2749.28,2,0
39,13,536.95,0.45,3,13,card,card_declined,6,1823.86,1,0
38,23,1334.94,0.47,0,32,card,card_declined,42,2820.86,1,0
43,57,1544.55,0.41,1,86,wallet,card_declined,2,48401.35,0,0
57,54,1045.88,0.8,1,70,card,network_error,33,4061.6,0,0
38,20,3907.24,0.56,1,33,upi,insufficient_funds,14,1520.85,1,0
42,22,333.46,0.98,1,65,netbanking,card_declined,8,1513.01,1,0
58,47,1430.52,0.59,0,3,upi,card_declined,18,1500.61,1,0
18,52,302.32,0.62,1,5,card,network_error,9,7360.27,1,1
23,23,1019.77,0.68,2,12,upi,insufficient_funds,47,8204.49,0,0
40,41,1306.4,0.59,5,33,upi,network_error,10,2077.94,0,0
68,35,969.17,0.89,1,27,netbanking,expired_card,27,4971.68,1,1
40,3,279.64,0.93,3,13,card,network_error,38,9064.71,1,0
60,34,1025.99,0.41,1,75,upi,bank_error,40,13452.35,0,1
60,33,1098.88,0.79,1,75,wallet,bank_error,10,2880.86,1,0
40,46,2055.42,0.81,2,36,card,bank_error,19,14390.5,1,1
49,17,403.87,0.98,1,58,card,bank_error,43,5680.41,1,1
47,45,3006.93,0.62,0,64,card,insufficient_funds,28,2271.07,1,0
30,19,188.2,0.52,2,50,upi,network_error,13,15173.64,0,0
60,30,442.66,0.71,1,51,netbanking,insufficient_funds,25,4247.19,1,1
35,23,1240.53,0.67,2,4,card,bank_error,25,3615.22,0,0
40,15,1363.02,0.88,0,44,card,bank_error,10,4366.47,3,0
32,59,3160.13,0.94,3,18,netbanking,insufficient_funds,31,13542.42,0,1
50,57,1255.49,0.45,2,18,card,network_error,47,7666.33,0,0
38,14,1021.39,0.91,1,6,card,bank_error,5,10124.06,0,1
56,2,1496.83,0.95,2,59,upi,network_error,14,3131.55,2,1
40,39,212.96,0.95,0,63,card,card_declined,15,1136.71,0,0
44,49,541.66,0.86,1,43,netbanking,insufficient_funds,28,9551.88,2,1
62,18,481.67,0.85,0,69,upi,expired_card,9,6478.37,0,1
61,6,2135.29,0.41,2,75,card,insufficient_funds,42,2191.36,0,0
35,59,2724.4,0.95,3,69,card,network_error,8,4016.05,1,1
41,32,4045.97,0.61,0,9,upi,bank_error,44,11630.07,0,0
68,21,1633.84,0.42,2,23,netbanking,card_declined,13,3006.49,2,0
64,40,2047.57,0.65,1,11,upi,expired_card,7,2302.69,0,0
57,28,1171.17,0.84,3,61,card,expired_card,4,5680.07,0,0
68,27,773.16,0.67,0,79,upi,insufficient_funds,21,3110.16,0,0
59,2,515.06,0.85,2,89,upi,bank_error,17,4380.89,1,0
24,33,483.74,0.71,3,17,netbanking,insufficient_funds,2,14389.74,0,0
67,16,419.96,0.58,4,50,upi,insufficient_funds,33,2149.18,3,0
65,39,1829.46,0.52,3,53,card,bank_error,43,1629.0,1,0
37,22,823.08,0.65,1,14,card,network_error,34,2150.75,1,0
44,56,660.85,0.42,1,39,card,card_declined,43,10044.09,0,0
23,43,265.33,0.65,1,55,upi,insufficient_funds,8,3391.42,0,0
44,47,578.7,0.44,3,9,card,card_declined,45,7982.28,0,0
26,13,896.97,0.93,1,63,card,bank_error,38,2502.17,2,1
62,56,374.1,0.75,1,27,card,insufficient_funds,28,3084.71,0,1
48,2,7058.57,0.79,1,35,card,bank_error,9,2029.72,1,0
38,14,429.13,0.57,2,80,card,card_declined,1,7464.85,0,0
43,56,2457.28,0.54,1,60,upi,network_error,30,23040.12,1,1
57,38,1007.91,0.82,2,86,upi,network_error,45,7761.51,2,1
65,41,737.65,0.8,3,30,wallet,card_declined,32,3716.16,0,0
62,28,920.94,0.47,2,39,card,insufficient_funds,31,15938.55,0,0
30,7,1107.48,0.54,2,52,wallet,insufficient_funds,4,4393.11,0,0
66,18,1285.06,0.97,3,58,card,network_error,36,4347.71,1,0
40,56,551.5,0.58,1,65,upi,bank_error,15,11931.31,1,1
37,41,1622.18,0.42,4,76,upi,bank_error,14,8099.52,0,0
54,55,901.88,0.44,1,81,card,insufficient_funds,18,1032.69,0,0
45,36,431.87,0.87,2,89,upi,bank_error,11,5973.87,1,0
34,41,812.83,0.85,2,29,wallet,insufficient_funds,13,3154.67,0,1
45,36,2962.48,0.63,5,58,wallet,bank_error,16,3494.45,0,0
58,44,1278.7,0.49,3,42,upi,expired_card,15,6125.75,0,0
19,4,1100.15,0.7,2,28,upi,bank_error,11,10963.65,2,1
42,57,830.15,0.6,1,83,card,card_declined,11,2664.71,0,0
67,30,877.1,0.62,1,10,card,expired_card,27,10654.91,1,1
58,24,1279.31,0.56,0,11,card,expired_card,4,1416.17,1,0
23,20,910.65,0.44,1,74,upi,card_declined,26,1496.37,2,0
28,46,1507.0,0.87,1,60,card,bank_error,26,8099.02,0,1
55,56,1375.1,0.77,2,30,upi,insufficient_funds,15,4776.28,1,0
23,31,475.76,0.9,2,49,card,bank_error,42,17527.16,1,1
62,24,1586.86,0.7,1,71,upi,bank_error,13,4171.25,1,1
28,7,562.16,0.99,3,69,upi,network_error,22,8785.3,1,0
31,26,546.2,0.98,3,60,upi,insufficient_funds,40,25221.61,2,1
19,13,1077.41,0.56,3,28,netbanking,insufficient_funds,21,9198.68,0,0
57,54,1313.89,0.63,0,20,netbanking,bank_error,11,2996.95,0,0
20,8,1686.56,0.85,2,59,upi,expired_card,2,17629.54,1,0
52,55,242.39,0.87,1,12,card,bank_error,11,20015.09,0,0
50,5,1905.45,0.95,0,5,upi,card_declined,26,4572.02,1,0
41,44,1463.91,0.79,2,30,card,bank_error,41,12361.53,1,1
36,13,659.66,0.69,3,33,upi,bank_error,15,16961.94,0,0
35,29,929.43,0.63,3,10,card,bank_error,13,6782.81,1,0
66,20,1259.75,0.65,1,39,wallet,insufficient_funds,15,4548.08,0,1
69,14,95.31,0.91,5,76,upi,card_declined,38,4430.71,0,0
41,32,456.82,0.99,0,66,card,insufficient_funds,19,4512.85,1,1
62,50,2472.27,0.43,0,60,upi,network_error,44,2236.91,0,0
52,27,719.34,0.75,0,41,netbanking,expired_card,44,2493.86,0,0
18,56,1032.62,0.71,0,69,card,insufficient_funds,11,4067.06,1,0
53,25,1010.65,0.63,3,37,upi,insufficient_funds,12,10599.45,0,1
42,52,1808.51,0.91,3,78,card,network_error,23,20471.02,3,0
62,4,824.97,0.75,2,8,upi,card_declined,1,8080.95,0,1
66,21,875.23,0.59,1,57,card,card_declined,30,5008.04,0,0
60,18,1253.14,0.67,1,67,card,card_declined,39,3014.83,2,1
51,39,1983.57,0.61,3,28,upi,card_declined,23,1586.89,0,0
42,15,2475.41,0.66,1,14,card,insufficient_funds,25,9318.05,1,1
33,53,877.19,0.44,3,11,wallet,network_error,44,7411.84,0,1
51,38,777.73,0.47,2,29,upi,insufficient_funds,21,12555.21,4,0
46,48,989.91,0.77,0,54,card,insufficient_funds,28,5283.97,0,0
36,52,2792.05,0.81,0,76,upi,expired_card,11,3813.91,1,1
40,24,1890.89,0.78,0,9,netbanking,expired_card,24,3856.46,1,1
36,8,783.81,0.86,1,36,wallet,insufficient_funds,12,2813.78,2,1
42,28,354.31,0.97,1,19,card,insufficient_funds,3,1783.3,0,1
33,21,2380.05,0.92,3,7,card,insufficient_funds,33,10437.81,1,1
68,16,2574.67,0.65,2,17,wallet,card_declined,13,5395.23,0,0
26,54,503.89,0.53,4,48,card,card_declined,2,17935.12,0,0
18,16,803.0,0.59,2,51,upi,bank_error,42,6549.14,3,0
59,35,2025.49,0.75,0,87,card,insufficient_funds,44,1375.73,0,0
36,17,1436.64,0.91,2,76,upi,card_declined,16,4666.35,0,0
50,9,271.51,0.82,2,71,wallet,card_declined,20,3308.72,1,0
51,57,497.89,0.73,0,89,upi,bank_error,32,2537.14,4,0
33,35,1647.7,0.76,2,78,upi,insufficient_funds,23,1192.57,1,0
61,52,1305.64,0.72,3,58,card,insufficient_funds,10,1746.25,2,0
57,29,1747.96,0.98,0,89,card,card_declined,23,22271.64,2,0
35,39,1893.91,0.89,0,75,card,network_error,17,2252.63,1,1
51,18,1298.8,0.87,1,75,netbanking,bank_error,8,5482.06,2,1
42,12,1471.83,0.71,1,7,upi,insufficient_funds,4,2783.0,0,0
62,19,736.04,0.6,3,62,card,insufficient_funds,8,1213.89,1,0
23,48,1187.93,0.41,5,67,card,card_declined,23,3946.14,1,1
38,22,1365.7,0.43,0,15,netbanking,insufficient_funds,34,8386.8,1,0
23,59,3619.78,0.42,3,67,card,bank_error,33,3372.32,1,0
49,56,615.72,0.99,0,53,card,card_declined,14,30281.05,1,0
58,49,1820.18,0.47,1,41,upi,insufficient_funds,21,2179.9,0,0
65,52,1011.42,0.49,2,17,card,card_declined,4,5622.61,1,0
60,15,1846.94,0.69,1,57,card,bank_error,26,1322.74,0,0
56,1,1008.02,0.69,0,44,wallet,network_error,18,6166.93,1,0
48,2,2500.34,0.95,2,71,upi,network_error,46,14644.52,0,0
59,8,652.11,0.44,1,75,upi,expired_card,37,7731.86,1,0
27,22,1211.42,0.97,2,64,upi,expired_card,1,666.8,3,0
47,25,1491.53,0.53,1,20,card,insufficient_funds,3,8224.73,1,0
69,2,680.67,0.98,1,1,netbanking,insufficient_funds,27,2722.6,0,0
35,51,1357.3,0.72,1,85,card,bank_error,16,2468.47,0,1
41,9,2219.07,0.79,0,31,wallet,insufficient_funds,36,7662.71,1,1
69,9,1046.3,0.59,0,17,card,card_declined,23,8998.04,2,0
26,13,1854.44,0.77,3,89,wallet,bank_error,32,5452.59,0,1
48,6,684.02,0.83,1,41,upi,card_declined,14,5692.89,0,0
32,30,509.02,0.41,3,76,card,card_declined,39,12212.63,1,0
21,15,1784.39,0.42,1,28,card,expired_card,11,13745.71,4,1
57,51,741.42,0.99,1,49,card,card_declined,3,5185.13,1,0
26,53,339.1,0.67,2,55,card,card_declined,15,10748.53,0,0
62,15,644.08,0.96,1,8,upi,card_declined,8,9093.97,1,1
26,50,2816.65,0.84,0,32,upi,insufficient_funds,26,39458.76,1,1
43,7,2303.5,0.62,0,51,upi,card_declined,20,2306.2,0,1
21,58,500.55,0.49,1,69,card,expired_card,45,17938.97,2,0
34,11,394.19,0.99,2,38,card,bank_error,2,4199.52,1,1
33,40,823.48,0.75,1,77,upi,card_declined,33,34164.0,0,0
32,38,2271.79,0.52,3,19,netbanking,card_declined,17,4494.86,3,1
52,40,956.22,0.81,1,6,card,bank_error,41,8052.22,1,1
69,2,961.81,0.46,0,45,card,card_declined,19,5598.99,0,0
22,51,713.45,0.92,3,70,card,expired_card,39,4228.65,0,1
22,48,906.81,0.45,1,16,card,expired_card,12,1815.44,0,1
37,39,1984.63,0.54,4,54,upi,insufficient_funds,11,4974.42,1,0
32,10,1164.07,0.45,2,82,card,insufficient_funds,21,4418.83,0,0
35,44,952.12,0.46,1,32,netbanking,network_error,44,4033.86,4,1
64,17,1729.32,0.71,3,29,card,bank_error,27,2618.53,3,0
19,7,1152.99,0.81,0,52,card,network_error,23,6318.88,1,1
46,54,2132.74,0.87,1,81,card,expired_card,15,5066.12,0,0
30,40,681.29,0.82,3,69,upi,expired_card,39,7364.58,0,1
21,39,1326.7,0.62,1,29,upi,card_declined,22,7919.67,0,0
59,4,2041.21,0.73,3,3,netbanking,network_error,13,5313.93,2,1
62,35,3253.09,0.96,2,51,card,insufficient_funds,46,22390.71,1,0
27,51,510.02,0.63,2,68,card,bank_error,11,3828.53,1,0
48,47,971.07,0.55,3,44,netbanking,network_error,17,2714.2,1,0
58,36,436.53,0.71,1,25,card,insufficient_funds,15,7213.35,2,1
25,31,556.21,0.58,3,22,netbanking,insufficient_funds,40,6425.53,2,0
20,25,1110.94,0.56,4,42,upi,insufficient_funds,34,12787.6,0,0
65,41,265.37,0.87,1,75,card,insufficient_funds,15,4305.45,1,0
63,13,1470.76,0.93,2,8,card,card_declined,47,2960.61,0,1
26,18,1619.74,0.7,2,44,upi,network_error,13,2846.58,2,0
47,21,1039.52,0.87,1,53,netbanking,card_declined,29,8188.07,1,0
28,48,608.94,0.51,1,86,upi,bank_error,37,6187.82,1,1
52,1,924.5,0.73,1,67,card,insufficient_funds,47,13341.15,0,0
54,36,4825.35,0.78,2,27,upi,expired_card,3,9006.91,1,1
59,50,761.84,0.69,0,11,upi,bank_error,42,3112.6,1,1
30,8,631.75,0.47,1,27,upi,card_declined,10,5002.88,2,0
53,52,217.35,0.84,3,7,card,insufficient_funds,16,2244.36,0,1
30,48,2277.24,0.9,1,75,netbanking,card_declined,40,3886.53,0,0
29,21,460.29,0.78,3,57,card,expired_card,29,1908.26,2,1
54,43,1166.49,0.5,4,89,card,bank_error,18,1716.81,0,0
27,52,4791.87,0.44,0,39,card,insufficient_funds,36,25351.97,2,0
26,53,1420.16,0.58,0,51,netbanking,card_declined,35,3533.82,1,0
69,53,1409.14,0.42,1,80,card,network_error,2,6771.99,0,0
24,21,873.01,0.9,1,21,wallet,insufficient_funds,25,10955.05,0,1
19,27,1366.03,0.82,1,57,upi,insufficient_funds,25,6416.57,0,0
40,19,1156.29,0.74,1,51,upi,insufficient_funds,28,2050.75,0,0
56,23,1600.75,0.93,2,17,upi,insufficient_funds,37,28266.61,0,0
57,51,202.04,0.47,2,31,card,insufficient_funds,43,3517.17,1,0
56,50,1430.32,0.83,1,14,netbanking,card_declined,47,5967.79,0,1
38,51,1485.38,0.49,1,87,wallet,network_error,19,4612.35,0,1
40,43,6523.31,0.44,1,2,card,bank_error,17,5901.56,1,0
46,35,1093.35,0.48,1,26,netbanking,card_declined,22,13771.51,0,1
31,40,1280.68,0.97,2,22,upi,insufficient_funds,18,3762.0,1,1
43,52,1447.26,0.66,0,28,upi,insufficient_funds,26,3503.88,0,1
68,51,1476.09,0.43,0,6,card,bank_error,15,9479.61,2,1
22,42,462.42,0.75,4,19,card,bank_error,29,5078.94,1,0
48,48,1944.73,0.52,1,56,card,insufficient_funds,7,8258.45,2,0
42,5,576.99,0.4,0,21,card,insufficient_funds,18,7679.63,1,0
48,52,1457.76,0.86,2,42,wallet,bank_error,11,3180.79,1,1
67,41,601.01,0.49,2,20,card,network_error,8,3842.28,1,1
37,8,938.5,0.97,1,79,upi,network_error,39,6777.39,3,0
61,11,788.95,0.76,1,44,card,card_declined,40,8154.56,1,0
34,16,921.23,0.45,0,31,upi,expired_card,25,5851.54,1,0
62,39,1034.71,0.53,0,9,card,insufficient_funds,14,14473.92,0,0
19,47,1423.14,0.77,0,50,upi,card_declined,34,4705.0,0,0
42,24,1025.24,0.6,2,81,upi,insufficient_funds,10,5907.85,0,0
30,21,2022.65,0.72,2,83,card,network_error,16,3760.1,0,0
56,52,754.84,0.88,1,32,upi,bank_error,29,5263.91,1,1
45,23,1481.48,0.88,4,74,netbanking,insufficient_funds,6,2760.88,0,0
59,49,612.32,0.82,1,40,card,bank_error,38,1762.35,0,0
23,38,3819.34,0.93,4,52,wallet,expired_card,8,3896.04,2,0
20,47,1485.9,0.52,0,69,upi,insufficient_funds,22,19165.11,1,0
52,8,673.16,0.51,1,77,netbanking,network_error,44,3328.18,3,0
35,7,3692.9,0.88,0,27,netbanking,card_declined,37,5529.88,1,0
28,2,1576.48,0.59,1,2,card,insufficient_funds,44,5287.53,0,0
37,30,674.85,0.71,1,1,upi,insufficient_funds,23,2643.22,1,0
22,13,1000.37,0.85,5,8,upi,insufficient_funds,3,3347.84,0,0
36,23,494.44,0.64,3,10,card,expired_card,45,5683.17,0,0
39,29,494.33,0.48,2,69,wallet,bank_error,26,2461.61,1,0
36,38,2555.21,0.81,0,66,upi,card_declined,41,1994.05,2,1
64,37,584.68,0.89,0,41,card,card_declined,35,3080.89,1,1
33,20,429.96,0.41,4,48,card,network_error,42,3000.56,0,0
41,33,1711.32,0.74,4,81,upi,expired_card,44,1947.71,2,0
58,29,3504.52,0.68,1,48,card,card_declined,38,9988.25,0,0
21,50,2465.38,0.56,1,33,card,insufficient_funds,2,18055.45,0,0
32,15,5452.28,0.5,1,89,wallet,card_declined,20,2934.74,1,0
42,23,5973.65,0.51,1,69,upi,network_error,18,11260.49,1,0
61,42,583.9,0.83,1,51,upi,bank_error,41,8502.52,0,0
52,3,881.85,0.72,0,64,card,insufficient_funds,14,6750.87,1,1
31,37,365.25,0.99,3,82,card,network_error,28,7093.18,1,1
66,56,485.88,0.55,1,23,card,insufficient_funds,30,10728.72,1,1
36,29,2323.19,0.97,1,52,upi,bank_error,44,1164.52,0,1
55,45,1331.15,0.71,2,82,card,network_error,16,4230.93,4,0
53,8,3039.75,0.49,0,75,card,network_error,36,2072.25,0,0
24,22,598.36,0.49,1,43,netbanking,expired_card,47,4792.56,0,0
47,53,746.89,0.77,2,74,netbanking,card_declined,18,4808.44,2,0
36,29,1661.55,0.9,2,10,upi,insufficient_funds,7,2393.83,0,0
66,2,2297.67,0.85,2,73,upi,expired_card,11,23637.09,2,0
42,41,349.16,0.79,0,77,card,expired_card,15,10849.02,2,0
33,49,926.73,0.5,1,87,card,insufficient_funds,46,1464.95,2,1
64,59,1450.32,0.47,4,1,wallet,bank_error,12,11975.31,2,0
57,50,1897.11,0.4,1,16,card,insufficient_funds,25,4801.49,3,0
68,45,2178.71,0.46,3,19,upi,card_declined,2,1809.34,1,0
25,1,1040.87,0.86,0,76,upi,insufficient_funds,11,16467.75,2,1
35,44,461.82,0.94,4,5,upi,bank_error,40,4984.99,0,1
45,20,284.91,0.54,3,55,card,insufficient_funds,33,21231.72,0,0
33,52,965.28,0.88,0,62,upi,bank_error,12,2768.52,2,0
69,21,895.89,0.52,2,5,card,network_error,4,3171.22,0,0
36,37,628.16,0.55,1,7,card,insufficient_funds,41,4266.86,0,0
59,8,2049.12,0.53,2,78,upi,network_error,20,17783.16,1,1
34,27,491.12,0.43,2,33,upi,bank_error,37,4010.16,1,0
62,47,689.94,0.52,0,6,upi,network_error,26,6688.63,1,1
30,59,2481.85,0.62,2,82,upi,insufficient_funds,3,27706.56,1,0
24,35,637.48,0.64,2,6,card,insufficient_funds,43,4766.73,0,0
44,6,1375.0,0.59,4,51,card,insufficient_funds,2,9846.2,1,0
27,45,1089.29,0.71,0,12,card,insufficient_funds,8,1817.33,1,1
51,44,1300.16,0.63,1,75,upi,card_declined,25,1315.12,1,1
53,19,2032.62,0.98,1,4,card,network_error,47,2353.66,0,1
42,18,1377.06,0.88,1,77,card,card_declined,24,12875.18,0,0
23,56,415.47,0.96,1,1,wallet,card_declined,19,1773.86,0,0
41,1,467.7,0.73,1,52,card,card_declined,32,17171.57,0,0
35,25,1348.0,0.81,3,53,card,bank_error,1,1524.64,0,1
40,27,576.16,0.5,1,14,upi,network_error,2,6822.05,0,0
23,7,2140.3,0.85,3,21,card,bank_error,12,5710.34,0,0
46,44,1361.58,0.54,1,31,card,card_declined,43,1605.37,0,1
42,42,329.96,0.49,4,41,netbanking,insufficient_funds,41,3364.08,0,0
34,29,4114.85,0.43,1,57,wallet,bank_error,34,3949.34,0,0
63,31,848.64,0.68,2,7,card,expired_card,38,2897.03,2,0
41,44,947.19,0.57,3,61,card,card_declined,46,1497.61,1,1
28,43,1474.07,0.99,3,15,upi,network_error,26,10517.93,0,1
43,36,1032.1,0.55,3,9,card,insufficient_funds,20,1370.63,1,0
68,19,2149.84,0.92,0,60,card,insufficient_funds,14,1991.76,0,1
51,6,537.75,0.59,1,56,card,bank_error,37,3238.05,1,0
45,25,2447.81,0.85,0,88,card,bank_error,43,5582.12,1,0
20,31,1766.4,0.8,2,15,netbanking,card_declined,8,9570.53,0,0
28,9,637.73,0.74,0,85,card,network_error,5,2796.6,0,0
55,20,1307.88,0.65,1,88,card,expired_card,43,1979.52,1,0
31,10,2561.96,0.8,1,7,upi,expired_card,20,2134.75,1,1
68,37,1579.86,0.64,2,24,card,card_declined,7,5749.22,0,1
43,27,1215.82,0.73,4,57,upi,network_error,5,1896.58,1,0
65,13,1695.47,0.75,1,87,card,network_error,47,3458.18,1,0
38,41,1798.39,0.56,0,64,upi,insufficient_funds,41,2315.53,1,0
56,2,769.67,0.6,1,25,upi,network_error,23,1005.85,0,1
47,50,1223.82,0.41,1,72,card,card_declined,23,3560.54,3,0
25,21,1986.37,0.91,2,34,card,card_declined,23,5083.25,4,1
68,33,1203.57,0.85,2,54,upi,insufficient_funds,17,7677.32,0,0
37,24,663.65,0.51,0,86,upi,network_error,41,6056.77,1,0
65,53,1334.2,0.62,1,34,card,insufficient_funds,19,2985.58,0,0
49,44,834.37,0.65,2,28,wallet,bank_error,29,3831.05,2,1
39,42,1648.39,0.6,2,1,netbanking,insufficient_funds,4,4320.01,0,0
24,34,2977.47,0.88,4,37,card,expired_card,5,9965.17,2,0
26,9,1761.66,0.84,1,30,upi,bank_error,10,10423.77,0,1
62,2,616.11,0.86,2,25,card,bank_error,14,17000.91,1,0
18,55,1354.49,0.94,1,60,card,card_declined,37,4754.84,0,0
46,56,180.22,0.76,1,2,card,insufficient_funds,42,12508.87,0,1
25,30,1022.75,0.77,2,28,upi,network_error,35,4319.35,0,1
21,22,2117.81,0.83,2,48,card,insufficient_funds,4,5206.13,1,0
52,46,1453.23,0.81,0,28,upi,insufficient_funds,6,3124.88,1,0
20,11,1184.47,0.92,2,87,upi,bank_error,47,6984.61,2,0
62,55,4870.1,0.86,2,24,upi,insufficient_funds,11,1422.47,0,1
57,43,332.49,0.47,1,72,netbanking,card_declined,23,11836.59,0,0
24,17,388.95,0.96,0,18,upi,expired_card,20,5733.35,1,0
44,36,1536.81,0.81,2,20,card,insufficient_funds,18,7199.02,1,1
18,13,2056.3,0.48,1,68,wallet,bank_error,14,5919.23,0,0
44,7,2115.81,0.86,3,8,card,card_declined,1,13357.36,0,0
33,16,734.4,0.62,1,56,upi,card_declined,41,7039.47,1,0
55,33,607.36,0.88,2,61,upi,insufficient_funds,38,1961.33,1,0
24,45,547.86,0.97,3,39,card,network_error,23,2343.16,0,0
61,1,1374.13,0.55,3,84,card,card_declined,31,4633.16,2,0
40,11,551.01,0.91,2,18,card,bank_error,14,2401.88,2,1
58,6,2392.83,0.86,1,59,card,network_error,7,2139.89,1,1
28,20,1079.96,0.8,0,18,netbanking,expired_card,6,2788.62,0,1
59,35,670.08,0.63,2,83,upi,insufficient_funds,23,5410.72,1,0
50,44,671.99,0.47,4,42,card,expired_card,40,12334.46,3,0
67,37,375.28,0.69,2,53,upi,network_error,13,13028.4,1,1
53,41,628.97,0.46,3,33,netbanking,card_declined,22,8155.4,0,0
54,26,744.75,0.7,1,21,wallet,expired_card,18,3798.94,2,1
58,58,1459.22,0.89,1,71,card,bank_error,33,4584.43,0,1
34,12,1023.07,1.0,1,60,upi,insufficient_funds,11,5210.46,2,1
52,30,600.76,0.52,2,14,wallet,expired_card,7,2899.71,1,0
65,28,465.14,0.52,0,33,upi,bank_error,40,6668.83,1,0
22,27,929.0,0.89,1,4,wallet,card_declined,44,8381.26,2,1
65,42,260.58,0.68,1,43,wallet,card_declined,46,3171.05,1,1
49,19,877.87,0.95,0,2,upi,expired_card,29,575.52,0,1
20,5,2394.4,0.86,2,40,netbanking,bank_error,1,1656.21,0,0
69,58,953.13,0.84,3,50,card,bank_error,39,8414.42,0,0
64,5,1226.02,0.46,2,63,wallet,insufficient_funds,25,1598.58,1,0
52,41,1126.27,0.42,0,49,upi,bank_error,34,6450.05,4,0
69,27,415.86,0.59,1,64,upi,network_error,26,3539.86,0,1
31,28,3752.75,0.53,2,50,netbanking,card_declined,44,12887.11,0,0
65,26,824.44,0.83,0,10,netbanking,bank_error,15,5394.44,0,1
48,27,1094.07,0.67,2,85,upi,bank_error,29,1093.23,1,0
48,52,693.02,0.71,2,23,card,card_declined,25,4718.49,0,1
34,49,2432.43,0.89,3,37,upi,card_declined,6,4790.15,1,1
41,42,395.02,0.69,1,72,netbanking,card_declined,27,4264.63,1,0
69,21,2728.78,0.73,1,10,upi,card_declined,4,2341.78,2,0
40,1,886.24,0.91,0,25,wallet,network_error,4,6493.56,0,0
35,54,754.86,0.66,1,33,netbanking,bank_error,44,3968.83,1,1
67,28,706.68,0.45,2,17,upi,insufficient_funds,43,8686.07,1,1
31,48,3889.57,0.71,4,24,card,bank_error,42,4383.89,2,0
67,58,356.61,0.75,1,49,card,card_declined,37,5718.9,1,0
32,58,754.17,0.71,1,30,upi,insufficient_funds,28,3709.25,1,0
32,15,444.28,0.55,0,65,card,insufficient_funds,36,3645.96,1,1
23,55,308.35,0.53,3,81,upi,card_declined,21,7131.88,2,0
44,17,2734.49,0.62,0,28,upi,network_error,3,6546.08,0,0
32,26,1076.0,0.5,2,13,card,insufficient_funds,17,3982.26,0,0
67,20,486.58,0.8,1,57,card,network_error,31,3228.24,0,1
53,25,1959.34,0.77,1,60,netbanking,card_declined,25,8166.25,0,1
25,13,828.42,0.78,0,10,upi,bank_error,34,1999.65,1,0
32,33,697.43,0.53,1,65,card,insufficient_funds,47,4201.64,0,0
20,25,1640.52,0.55,2,84,upi,expired_card,24,2337.89,1,0
64,8,816.04,0.87,3,7,upi,insufficient_funds,34,7288.02,0,0
30,5,558.95,0.81,3,60,card,insufficient_funds,23,2240.34,1,0
58,6,1784.3,0.93,3,63,upi,insufficient_funds,12,5565.62,0,1
51,23,993.31,0.64,0,85,card,insufficient_funds,24,1829.82,0,0
41,52,1849.15,0.73,2,26,netbanking,insufficient_funds,17,4903.86,0,0
57,30,827.18,0.84,2,71,wallet,insufficient_funds,5,4256.82,1,0
49,14,2237.95,0.98,1,38,card,insufficient_funds,10,2999.46,1,0
49,54,1107.46,0.99,1,54,wallet,expired_card,43,4330.52,0,0
47,23,2302.05,1.0,1,45,wallet,card_declined,15,2226.81,1,0
69,11,2249.93,0.93,2,58,card,card_declined,14,3688.71,1,0
66,31,2605.49,0.78,2,41,card,insufficient_funds,45,3642.21,1,0
30,6,1150.33,0.4,4,45,upi,card_declined,39,10331.45,0,0
18,11,1433.54,0.82,1,34,card,card_declined,16,4001.64,0,0
51,13,933.08,0.54,2,76,card,bank_error,23,45384.02,0,0
32,12,585.0,0.43,2,76,card,card_declined,23,1871.68,1,0
61,54,4457.34,0.82,1,58,card,insufficient_funds,16,6596.47,2,0
31,2,647.76,0.85,2,79,card,insufficient_funds,33,1395.47,1,0
46,53,2066.08,0.8,1,84,upi,card_declined,16,2593.63,0,1
51,35,1822.69,0.62,0,10,upi,card_declined,2,8549.31,0,1
35,55,1244.81,0.71,2,17,upi,network_error,30,8440.83,0,1
24,36,983.88,0.96,3,74,upi,network_error,34,4604.87,2,1
46,17,990.76,0.84,1,61,wallet,card_declined,40,2362.83,0,1
48,28,692.32,0.7,1,11,wallet,bank_error,35,9373.96,2,1
42,28,1171.58,0.76,2,17,netbanking,insufficient_funds,27,12547.93,1,1
55,22,479.64,0.96,0,75,card,insufficient_funds,36,2318.04,1,1
31,38,1850.25,0.64,2,15,card,bank_error,30,4780.12,2,0
25,7,934.51,0.46,0,4,netbanking,card_declined,36,7914.58,1,0
44,15,559.24,0.6,5,89,wallet,network_error,33,4757.06,1,0
19,32,448.76,0.65,3,53,upi,bank_error,1,3446.69,2,0
34,11,999.91,0.56,3,47,upi,bank_error,33,4690.97,0,1
54,24,1024.56,0.72,2,46,upi,network_error,2,2645.91,0,0
31,3,763.07,0.58,1,29,card,bank_error,12,729.92,0,0
42,30,1558.82,0.46,2,31,card,card_declined,15,2484.06,1,0
47,6,1399.56,0.51,1,73,card,insufficient_funds,7,8955.33,1,0
46,58,1141.09,0.95,1,48,upi,bank_error,3,1851.23,0,1
37,2,573.54,0.78,1,56,upi,bank_error,7,6274.08,1,1
38,14,653.27,0.59,2,65,card,expired_card,45,7028.21,1,1
39,41,412.56,0.62,0,3,card,card_declined,7,32489.25,2,0
52,18,959.14,0.7,2,4,wallet,bank_error,16,4468.66,0,0
54,51,1623.79,0.8,1,19,card,card_declined,47,12166.85,0,1
33,44,469.77,0.75,2,41,wallet,expired_card,32,6059.85,2,0
67,31,740.4,0.96,2,22,upi,insufficient_funds,28,1155.26,0,1
66,13,1056.77,0.78,1,72,card,insufficient_funds,3,2449.82,0,1
60,26,1622.09,0.95,2,25,card,card_declined,36,5440.08,0,0
34,44,390.01,0.4,2,4,upi,network_error,24,20225.49,2,1
33,12,5187.09,0.93,2,53,upi,bank_error,40,8199.59,1,0
19,18,1857.19,0.83,1,51,card,insufficient_funds,22,4041.52,1,0
21,9,721.02,0.5,3,78,card,expired_card,6,6390.91,0,0
38,49,518.41,0.56,1,5,card,bank_error,9,2835.65,2,0
56,21,1337.51,0.73,0,50,upi,bank_error,36,4654.4,1,1
51,48,1525.94,0.47,1,50,card,network_error,41,2003.99,2,1
47,49,548.29,0.87,0,59,upi,bank_error,12,5350.74,1,1
23,53,502.76,0.87,1,21,netbanking,bank_error,15,9997.03,0,1
34,56,586.74,0.58,2,79,card,network_error,6,15959.0,0,0
56,40,1147.29,0.44,1,23,card,bank_error,46,40542.09,1,1
42,43,1157.51,0.99,3,81,card,card_declined,15,28918.7,2,0
22,24,4989.2,0.55,2,3,card,card_declined,12,2103.92,2,0
22,34,240.94,0.44,4,50,card,insufficient_funds,14,25575.25,1,1
37,8,685.27,0.6,0,54,card,bank_error,2,10258.24,1,0
33,44,757.17,0.98,1,16,upi,insufficient_funds,18,10982.69,2,0
68,53,1541.52,0.88,2,6,card,insufficient_funds,27,13367.84,0,1
58,33,1585.52,0.69,3,41,card,card_declined,44,2353.25,1,1
54,23,953.64,0.58,0,54,netbanking,insufficient_funds,17,10843.23,0,1
57,13,3157.73,0.65,2,10,upi,bank_error,44,1200.23,2,0
26,54,502.05,0.41,0,29,wallet,bank_error,25,2892.22,0,0
22,53,673.75,0.83,1,59,card,bank_error,43,2143.12,2,0
59,49,436.66,0.46,0,81,card,card_declined,6,17422.69,1,0
19,14,989.68,0.71,1,46,upi,insufficient_funds,36,11043.18,2,0
26,14,869.4,0.74,0,78,upi,insufficient_funds,43,4001.23,0,1
60,16,1901.44,0.4,0,12,wallet,expired_card,25,5218.87,2,1
53,49,4013.62,0.99,3,29,upi,insufficient_funds,37,10291.89,2,0
39,38,3113.13,0.58,0,78,upi,bank_error,44,8768.06,1,0
39,58,465.92,0.45,2,72,upi,bank_error,16,10601.72,0,1
39,39,1138.37,0.91,1,49,netbanking,insufficient_funds,8,1192.93,0,1
51,26,1885.72,0.49,1,40,netbanking,network_error,28,3016.15,1,1
46,26,1750.96,0.41,1,81,card,card_declined,43,2652.77,1,0
55,1,5541.9,0.7,1,43,upi,insufficient_funds,7,1743.88,0,1
63,32,940.23,0.48,0,87,upi,network_error,28,3183.01,1,0
50,57,1158.25,0.99,2,7,netbanking,bank_error,31,6922.4,0,0
35,15,5263.69,0.41,3,12,netbanking,bank_error,30,1387.8,0,0
24,52,1471.36,0.43,1,80,card,insufficient_funds,3,1626.42,1,0
18,21,722.01,0.9,3,13,netbanking,card_declined,45,11264.61,0,0
50,18,554.27,0.54,0,61,wallet,network_error,5,4735.26,1,0
18,30,1269.47,0.95,0,47,card,card_declined,41,2673.57,1,1
41,58,2313.75,0.59,3,19,upi,card_declined,35,8166.51,0,1
21,13,2293.04,0.44,0,3,card,expired_card,4,3428.72,0,0
21,24,595.56,0.41,0,72,card,expired_card,25,7764.35,1,1
35,30,1178.85,0.57,1,40,upi,expired_card,9,3637.38,2,0
44,2,799.84,0.68,1,12,card,bank_error,47,5576.98,1,0
60,19,988.75,0.4,4,31,netbanking,card_declined,41,9395.34,0,0
49,47,2067.09,0.75,0,35,card,expired_card,33,5456.05,0,1
50,44,1058.98,0.6,0,84,upi,insufficient_funds,5,5404.9,1,0
45,47,1731.48,0.63,0,66,card,bank_error,39,14124.22,2,0
59,25,1768.17,0.56,2,27,upi,bank_error,6,1804.08,1,0
58,50,715.03,0.72,2,3,upi,bank_error,8,1706.6,0,1
53,14,2592.18,0.54,1,48,wallet,network_error,27,23103.4,0,0
23,6,509.45,0.48,0,21,netbanking,card_declined,44,4261.02,0,0
33,12,452.88,0.93,0,52,card,insufficient_funds,35,17895.79,1,0
51,20,785.05,0.63,2,7,upi,insufficient_funds,24,2360.41,2,0
40,23,554.15,0.45,1,51,card,insufficient_funds,35,2283.14,0,0
67,30,1675.24,0.54,4,45,upi,insufficient_funds,27,6954.49,0,0
59,30,6597.53,0.59,1,46,card,network_error,40,2706.79,2,1
41,38,2415.46,0.86,2,33,card,card_declined,32,3961.93,1,0
66,58,619.0,0.41,2,36,upi,card_declined,15,3660.85,1,1
30,30,545.33,0.69,0,17,card,insufficient_funds,46,934.91,0,0
35,41,2173.79,0.64,3,6,card,card_declined,8,3852.5,2,0
30,30,478.85,0.98,1,21,wallet,network_error,31,4011.97,1,0
66,57,550.4,0.51,2,38,card,card_declined,44,5673.08,0,0
54,58,1419.91,0.78,4,34,upi,insufficient_funds,8,2068.21,2,0
60,36,750.45,0.52,2,49,upi,expired_card,39,4889.6,0,0
56,49,1192.17,0.73,1,61,wallet,insufficient_funds,30,7681.22,2,1
59,34,870.12,0.73,3,58,upi,bank_error,24,2801.54,0,0
34,16,1075.44,0.45,4,76,card,card_declined,38,5418.87,0,0
32,24,2022.5,0.67,3,12,wallet,insufficient_funds,2,10433.14,1,0
35,14,1694.37,0.68,2,18,upi,bank_error,47,2682.63,3,1
40,26,2083.7,0.59,3,62,card,insufficient_funds,32,2955.84,0,0
68,8,1715.55,0.57,0,6,card,network_error,7,17963.49,0,1
47,14,1800.64,0.53,0,77,card,network_error,33,13545.48,3,1
51,31,1094.96,0.4,0,89,card,insufficient_funds,23,8671.65,1,0
21,2,396.18,0.4,0,48,upi,network_error,29,13426.62,0,1
20,48,1017.24,0.75,2,88,card,network_error,46,10683.42,2,1
24,4,1368.06,0.57,0,11,card,bank_error,32,10948.3,1,1
35,1,1155.11,0.5,2,33,card,expired_card,45,5234.66,0,0
59,55,1471.35,0.81,2,21,card,card_declined,29,4299.36,0,0
24,20,4640.99,0.72,2,24,card,bank_error,12,4925.31,1,1
57,59,771.96,0.95,3,55,wallet,card_declined,38,1823.15,1,0
23,14,826.01,0.9,2,49,card,bank_error,2,9496.03,0,1
39,40,2555.7,0.84,2,84,wallet,bank_error,7,1990.0,1,1
18,25,1196.55,0.48,0,9,wallet,network_error,40,7543.14,1,0
21,25,1507.57,0.8,1,38,upi,card_declined,8,3998.96,0,0
63,3,724.68,0.82,2,5,card,network_error,19,4765.65,1,0
66,5,656.73,0.86,2,41,card,bank_error,37,2975.19,0,0
69,38,471.09,0.56,1,34,card,network_error,9,1718.0,2,1
67,54,1237.28,0.78,1,74,upi,bank_error,15,3839.48,1,1
60,26,552.79,0.77,2,63,card,card_declined,25,4116.55,0,1
46,40,507.27,0.63,2,17,card,insufficient_funds,12,3987.55,0,0
38,38,1741.9,0.8,2,53,card,insufficient_funds,3,6948.91,1,0
43,38,703.23,0.45,2,36,card,card_declined,11,8547.34,0,0
31,4,473.35,0.79,3,36,card,card_declined,32,3829.49,1,0
26,7,440.38,0.76,3,13,card,bank_error,24,7254.75,0,0
64,30,2076.02,0.53,2,20,card,insufficient_funds,9,5330.41,2,0
29,30,1017.85,0.89,1,51,upi,network_error,21,4065.31,0,1
59,56,829.21,0.92,1,83,card,card_declined,32,1136.43,2,1
68,19,1236.48,0.53,3,86,upi,bank_error,6,12967.63,1,0
68,39,1156.78,0.45,1,16,upi,expired_card,20,18440.72,1,0
23,35,757.08,0.76,1,6,upi,card_declined,38,10721.25,0,1
37,40,868.2,0.69,3,75,upi,network_error,44,4015.61,1,1
41,33,1828.97,0.66,1,10,wallet,expired_card,16,1583.96,0,1
44,33,1953.43,0.86,0,31,card,insufficient_funds,28,3727.47,0,0
55,14,609.88,0.98,1,18,upi,network_error,22,7325.49,0,1
25,38,2685.9,0.69,2,41,card,insufficient_funds,43,3630.74,0,1
18,10,4475.35,0.4,3,47,netbanking,insufficient_funds,23,8413.39,1,0
66,57,894.31,0.76,0,24,card,card_declined,33,5939.22,0,1
66,28,879.43,0.79,2,80,upi,bank_error,7,11737.56,1,0
41,14,584.78,0.9,1,89,card,bank_error,12,2670.88,0,0
64,36,686.76,0.52,1,89,upi,bank_error,19,12954.94,0,0
24,38,1375.3,0.71,1,40,card,insufficient_funds,47,3468.36,1,0
36,16,5551.75,0.67,3,45,upi,bank_error,14,3323.34,0,1
39,21,1825.92,0.8,1,83,netbanking,expired_card,25,4804.61,1,1
52,28,869.14,0.44,1,74,card,card_declined,29,11235.71,1,0
47,33,814.59,0.93,0,1,card,card_declined,7,7819.61,2,1
46,6,689.04,0.71,2,27,netbanking,expired_card,20,1779.07,0,0
39,41,2302.91,0.93,1,22,card,insufficient_funds,31,2558.46,1,1
28,15,924.95,0.6,3,28,wallet,network_error,37,47915.23,0,1
37,44,1507.17,0.79,2,48,upi,network_error,42,10256.74,0,1
46,3,929.16,0.97,3,35,card,network_error,38,5969.31,2,1
68,43,4830.14,0.97,2,3,card,bank_error,36,2818.68,0,0
58,47,754.51,0.97,0,38,upi,card_declined,38,8105.82,1,0
59,35,670.25,0.43,2,44,netbanking,card_declined,36,2162.7,0,0
51,14,782.74,0.64,5,5,card,expired_card,21,8987.5,1,0
18,2,1475.58,0.44,3,74,card,expired_card,20,9095.16,1,0
48,29,2993.76,0.59,2,7,wallet,network_error,41,9297.64,3,1
47,4,1477.81,0.5,1,89,upi,insufficient_funds,47,30133.58,1,0
65,26,1798.31,0.77,3,42,card,insufficient_funds,37,6740.65,0,0
35,51,1631.58,0.87,0,57,card,expired_card,37,3087.96,1,1
34,12,341.89,0.71,1,85,wallet,insufficient_funds,33,1357.88,0,0
55,2,1084.31,0.88,1,29,upi,network_error,30,19530.56,2,1
31,17,878.34,0.41,0,81,card,insufficient_funds,18,3832.78,0,0
40,35,993.4,0.89,0,63,card,network_error,2,4851.32,1,1
42,10,616.47,0.51,1,36,upi,insufficient_funds,44,1200.78,2,0
32,48,2013.87,0.68,2,40,card,card_declined,10,3617.61,0,1
63,22,1134.48,0.67,2,21,upi,expired_card,9,3268.25,0,0
39,41,1129.69,0.92,1,53,upi,expired_card,22,20815.19,1,0
20,43,989.24,0.98,1,16,upi,insufficient_funds,23,4779.86,0,0
36,21,705.91,0.55,2,46,card,card_declined,42,5164.77,1,0
61,15,315.0,0.44,2,9,upi,card_declined,5,3527.31,2,0
51,35,1326.34,0.79,1,3,upi,network_error,47,11776.34,0,0
52,48,1187.39,0.7,0,23,card,expired_card,17,964.5,1,0
67,21,1593.95,0.74,3,13,card,insufficient_funds,34,3724.54,1,0
18,21,1153.57,0.43,3,38,card,insufficient_funds,44,5346.27,1,0
69,21,515.17,0.87,2,34,card,insufficient_funds,8,8386.39,0,0
38,44,628.69,0.54,0,26,upi,insufficient_funds,39,5146.63,0,0
46,32,2800.68,0.6,2,32,upi,insufficient_funds,23,9480.53,0,0
23,55,1370.94,0.54,1,20,wallet,bank_error,13,4345.32,2,1
54,5,1924.17,0.97,3,46,upi,insufficient_funds,42,5246.75,2,0
18,39,2086.5,0.5,2,55,upi,insufficient_funds,45,6360.43,1,1
68,9,550.81,0.84,2,9,card,card_declined,18,16988.86,1,0
18,53,864.06,0.55,1,51,card,bank_error,26,5314.24,1,0
44,18,1766.42,0.65,1,57,card,bank_error,16,7539.93,1,1
38,21,619.63,1.0,1,80,card,network_error,46,13380.56,0,0
33,8,824.05,0.46,4,45,upi,insufficient_funds,38,9153.23,0,0
61,44,762.38,0.93,2,38,upi,insufficient_funds,43,3461.77,1,0
57,52,654.14,0.97,3,68,card,card_declined,9,2450.35,1,0
43,34,1001.14,0.82,1,12,upi,insufficient_funds,38,6159.78,1,1
33,10,780.49,0.41,1,10,upi,expired_card,6,18929.6,1,0
45,51,829.66,0.89,0,80,card,bank_error,5,14828.13,0,1
18,41,1323.35,0.93,3,65,card,insufficient_funds,10,1238.19,3,0
53,57,2205.39,0.99,3,12,upi,card_declined,23,18394.58,1,1
27,24,1872.83,0.9,1,52,upi,bank_error,6,8042.71,0,0
60,40,1240.77,0.67,2,51,upi,expired_card,13,1733.04,0,0
34,24,3454.96,0.81,3,86,card,bank_error,9,1893.3,0,1
40,56,1739.42,0.69,2,64,wallet,bank_error,38,3682.7,0,1
24,32,1925.9,0.61,2,57,card,card_declined,32,2737.78,0,0
61,56,978.35,0.78,3,19,netbanking,network_error,16,25026.52,0,0
24,33,836.62,0.86,1,30,netbanking,expired_card,17,12296.52,0,1
61,38,1426.85,0.78,2,85,upi,network_error,32,6260.5,0,1
32,44,2068.03,0.9,1,82,upi,card_declined,32,13470.33,2,0
51,57,1239.06,0.51,2,24,netbanking,bank_error,4,34080.03,0,1
63,56,704.01,0.62,2,26,upi,expired_card,12,4458.17,1,0
62,51,446.52,0.59,3,36,upi,card_declined,28,1962.46,0,0
21,59,362.47,0.52,0,56,netbanking,card_declined,6,15624.25,0,0
31,49,1129.79,0.67,3,80,wallet,insufficient_funds,4,10051.13,2,0
31,34,1941.42,0.97,3,58,card,bank_error,47,5965.98,1,0
33,11,218.73,0.72,0,32,wallet,insufficient_funds,8,3170.92,0,0
24,31,716.78,0.57,2,2,wallet,card_declined,29,7765.84,2,0
49,18,639.42,0.61,1,73,card,card_declined,27,2071.28,1,0
36,23,1430.08,0.77,0,82,upi,network_error,22,8307.21,0,0
19,22,687.62,0.61,2,49,card,card_declined,46,1375.7,0,0
27,43,463.44,0.72,1,46,card,insufficient_funds,47,2130.31,0,0
67,18,716.02,0.56,2,83,upi,bank_error,47,9737.99,0,0
34,40,641.63,0.61,3,55,upi,insufficient_funds,3,938.09,0,0
54,47,1106.65,0.82,1,12,upi,insufficient_funds,9,7871.89,1,0
29,41,943.55,0.75,1,77,upi,insufficient_funds,26,7059.27,2,0
23,47,1494.78,0.46,3,63,upi,card_declined,12,1890.04,0,0
39,39,1091.85,0.98,0,35,card,card_declined,11,7213.33,0,0
49,20,2231.61,0.43,2,74,upi,expired_card,12,3833.67,0,0
58,13,801.46,0.45,0,22,upi,insufficient_funds,38,3210.1,1,0
37,45,1692.69,0.82,2,10,card,expired_card,26,3842.33,1,0
18,1,1369.9,0.82,4,50,card,insufficient_funds,47,1791.74,0,0
64,52,891.78,0.41,0,35,card,card_declined,19,9625.06,0,1
23,4,1775.06,0.79,1,16,netbanking,bank_error,16,3470.28,2,1
36,24,625.43,0.42,1,36,card,card_declined,30,1410.26,1,0
35,36,2612.04,0.98,0,61,card,bank_error,5,5821.89,1,1
23,36,636.85,0.82,0,75,upi,network_error,37,12416.88,1,1
62,45,429.04,0.51,1,17,wallet,expired_card,9,746.54,0,0
50,2,406.22,0.49,1,89,card,card_declined,31,7352.27,3,0
40,28,1168.84,0.74,1,1,card,card_declined,2,9412.9,0,0
40,26,738.84,0.78,1,12,card,insufficient_funds,16,2621.1,3,1
43,23,1244.97,0.9,1,3,card,insufficient_funds,22,2739.57,1,1
30,15,506.8,0.94,2,73,card,network_error,24,11779.66,3,1
24,36,1542.08,0.64,3,83,card,network_error,42,3395.49,1,0
32,27,1247.44,0.91,3,19,upi,bank_error,42,10718.99,1,1
61,6,796.13,0.73,2,84,wallet,bank_error,16,1948.06,0,0
44,35,1698.32,0.68,2,75,upi,bank_error,20,2046.38,0,0
43,39,1640.15,0.82,3,88,upi,insufficient_funds,13,12665.04,2,0
50,38,1169.64,0.46,1,22,upi,card_declined,46,3695.38,0,0
32,35,2040.8,0.56,2,1,upi,insufficient_funds,17,8613.73,0,0
53,36,2385.94,0.89,0,53,card,network_error,21,1585.35,1,0
62,10,631.44,0.7,3,44,card,insufficient_funds,20,7836.99,1,0
44,30,2422.9,0.94,4,10,upi,card_declined,23,3330.63,2,1
22,53,584.44,0.45,3,75,upi,network_error,16,3849.5,0,1
19,41,1881.98,0.59,1,8,wallet,insufficient_funds,23,1435.57,0,1
50,38,2128.23,0.61,1,17,upi,expired_card,11,9945.76,1,0
33,29,970.43,0.65,0,70,upi,network_error,3,2419.31,1,1
40,52,1056.5,0.99,3,7,card,insufficient_funds,47,2610.52,0,0
55,59,889.52,0.59,3,63,upi,bank_error,18,6435.63,0,0
33,43,615.79,0.71,2,37,wallet,card_declined,45,7168.28,0,0
31,39,701.73,0.72,2,68,upi,insufficient_funds,27,15051.87,1,1
46,50,1552.52,0.86,1,64,upi,card_declined,27,7193.08,1,0
43,4,1996.17,0.71,1,7,wallet,bank_error,26,3670.36,0,1
52,5,1085.61,0.76,1,16,card,bank_error,28,1028.58,0,1
32,4,540.73,0.85,4,89,netbanking,insufficient_funds,44,1394.57,0,0
20,36,491.58,0.46,2,14,card,bank_error,33,4205.22,1,0
40,59,1018.12,0.98,1,36,card,network_error,37,5180.99,1,1
46,45,758.0,0.91,1,73,upi,insufficient_funds,19,7184.76,1,0
51,16,2515.81,0.63,0,11,card,expired_card,9,22848.89,1,0
50,25,670.75,0.84,0,1,wallet,card_declined,8,3930.45,0,0
58,14,1665.97,0.86,0,9,card,card_declined,20,966.23,0,1
58,11,710.22,0.91,1,25,card,card_declined,28,4562.8,2,0
40,29,899.24,0.51,2,15,card,network_error,24,2752.16,0,1
24,34,1237.07,0.82,3,58,netbanking,expired_card,21,25967.38,1,0
20,22,1577.68,0.42,1,24,card,network_error,45,8434.72,0,0
49,14,1474.08,0.47,3,72,upi,insufficient_funds,10,2245.23,1,0
48,56,741.06,0.87,2,71,wallet,expired_card,12,1629.41,1,1
35,24,1176.43,0.89,2,46,card,insufficient_funds,18,2282.62,2,0
60,59,843.58,0.76,0,18,card,bank_error,40,5360.36,3,1
24,39,402.67,0.75,0,67,card,card_declined,23,3889.41,1,0
58,26,1287.23,0.85,1,63,card,insufficient_funds,38,4784.61,0,0
18,43,2654.19,0.94,1,24,card,network_error,32,2049.91,0,1
31,36,3232.23,0.65,0,84,upi,network_error,40,2915.07,0,1
69,39,1369.46,0.47,0,31,netbanking,insufficient_funds,30,1662.1,1,0
49,16,1308.12,0.9,0,38,upi,insufficient_funds,11,7161.26,1,1
23,58,175.29,0.6,1,43,upi,bank_error,13,6505.89,1,0
56,38,7399.22,0.48,2,8,netbanking,card_declined,39,4316.7,0,0
27,59,2985.96,0.77,0,72,card,insufficient_funds,31,12705.47,3,1
24,32,1865.71,0.75,1,5,upi,card_declined,16,8250.75,1,0
43,6,1153.32,0.68,1,80,card,insufficient_funds,30,2250.42,0,0
51,34,230.08,0.92,1,27,upi,insufficient_funds,13,5275.98,1,0
47,56,1245.9,0.56,2,63,upi,insufficient_funds,28,1563.98,2,0
53,8,1121.29,0.41,3,65,card,bank_error,35,3924.03,0,0
38,30,408.92,0.59,2,63,netbanking,insufficient_funds,18,8648.47,0,1
34,27,1500.74,0.41,2,5,card,card_declined,29,3321.7,2,0
50,7,2606.15,0.73,0,67,upi,insufficient_funds,19,4111.48,1,0
27,27,1391.86,0.63,0,52,upi,card_declined,4,6341.18,4,1
68,25,1388.67,0.89,0,81,card,card_declined,37,7170.02,0,0
64,56,1452.51,0.88,0,83,card,card_declined,36,4695.16,2,1
59,46,874.86,0.66,0,4,upi,card_declined,20,13060.15,0,1
68,41,1864.66,0.53,1,77,card,network_error,14,7016.23,0,0
29,15,3186.43,0.65,1,51,netbanking,bank_error,19,2339.52,2,1
33,25,1128.77,0.78,2,43,card,card_declined,39,54627.7,3,0
58,22,646.28,0.51,5,55,card,card_declined,7,2337.46,2,0
49,18,415.77,0.86,2,41,card,bank_error,27,12387.02,0,1
32,12,1557.23,0.6,0,31,upi,insufficient_funds,30,6177.85,0,0
44,23,1685.73,0.96,0,35,card,bank_error,13,28890.45,2,1
45,51,1414.83,0.71,2,80,card,expired_card,33,2873.9,2,0
34,45,929.89,0.91,0,57,card,card_declined,34,6872.52,0,1
63,39,1331.4,0.77,0,24,upi,card_declined,36,11989.56,0,0
67,25,753.76,0.73,0,53,netbanking,insufficient_funds,36,15165.53,1,0
19,10,666.77,0.81,0,30,card,insufficient_funds,24,4048.99,0,1
53,30,545.98,0.89,1,81,card,network_error,34,9221.66,0,1
67,10,549.98,0.79,1,77,card,insufficient_funds,33,3288.35,1,0
24,34,1589.71,0.88,2,7,netbanking,insufficient_funds,25,3962.75,1,1
30,46,908.24,0.51,1,9,card,bank_error,22,2622.91,2,1
32,13,680.64,0.57,0,21,wallet,insufficient_funds,11,1872.33,1,0
42,54,422.7,0.54,2,30,upi,bank_error,1,3009.19,0,1
40,29,1754.16,0.88,0,22,netbanking,network_error,38,5621.12,1,0
39,38,2318.84,0.45,2,47,wallet,card_declined,28,8474.76,1,0
43,41,535.45,0.88,1,62,card,expired_card,25,2443.9,1,0
50,45,1005.0,0.63,2,31,upi,insufficient_funds,16,8755.96,0,0
28,9,570.9,0.45,5,4,upi,expired_card,47,20053.3,0,0
27,13,993.02,0.65,1,10,card,bank_error,9,11339.27,1,1
42,37,1678.3,0.58,3,30,card,insufficient_funds,21,10633.95,1,0
54,14,3404.44,0.76,1,7,netbanking,card_declined,14,5574.88,1,0
65,37,801.98,0.68,0,15,wallet,insufficient_funds,33,1534.91,0,1
60,9,1789.94,0.58,1,19,netbanking,bank_error,21,10512.73,1,0
55,8,1820.8,0.92,1,74,wallet,bank_error,42,13054.53,0,0
58,39,986.54,0.64,4,39,upi,card_declined,21,662.31,2,0
62,40,2470.24,0.68,1,3,card,card_declined,2,2050.15,0,1
41,54,871.83,0.91,3,52,upi,card_declined,19,2898.5,2,0
57,3,1487.39,0.45,0,82,card,card_declined,20,1578.76,1,0
63,55,733.97,0.63,1,88,card,card_declined,3,2120.54,0,0
50,56,1590.91,0.64,1,13,upi,insufficient_funds,35,18403.43,1,1
34,47,1483.04,0.7,0,44,upi,insufficient_funds,19,8193.84,2,0
41,40,2517.83,0.46,3,81,upi,expired_card,15,5344.59,1,1
54,33,3963.58,0.46,1,17,card,card_declined,18,5057.61,0,0
19,32,2081.99,0.65,3,75,wallet,card_declined,22,20291.29,1,0
49,7,1753.66,0.42,1,17,card,card_declined,29,3595.9,0,0
41,19,834.24,0.55,1,52,upi,card_declined,17,2273.5,1,0
26,34,224.54,0.52,3,49,card,insufficient_funds,11,12006.95,1,0
21,14,2721.16,0.69,1,83,upi,card_declined,2,2207.77,1,0
34,50,4021.17,0.41,1,71,card,card_declined,10,844.71,1,0
34,47,1365.24,0.81,1,19,card,bank_error,47,5079.71,1,1
67,46,542.25,0.91,4,34,netbanking,card_declined,22,1723.01,0,0
65,56,2877.0,0.82,4,30,netbanking,insufficient_funds,17,9065.59,1,0
47,57,2376.91,0.89,1,29,upi,expired_card,26,5649.11,0,1
57,19,263.45,0.79,2,48,card,card_declined,47,5122.55,0,0
28,51,1209.89,0.7,4,8,upi,bank_error,46,4550.06,1,0
38,54,1299.79,0.53,1,68,card,bank_error,3,4646.02,1,0
38,59,356.7,0.57,0,52,upi,bank_error,38,4188.35,0,0
35,26,515.32,0.59,0,75,card,insufficient_funds,22,7992.17,3,0
46,17,2354.52,0.42,0,82,card,insufficient_funds,20,1873.42,1,0
41,54,1151.49,0.95,3,85,upi,expired_card,41,14128.18,1,0
27,28,563.99,0.94,1,58,card,card_declined,35,4758.83,1,0
62,19,686.37,0.46,0,61,upi,insufficient_funds,15,13808.55,0,0
34,27,473.06,0.73,1,40,card,insufficient_funds,38,10506.78,3,1
35,48,1156.08,0.68,2,17,upi,network_error,10,3140.47,3,0
59,52,1856.81,0.81,1,81,card,bank_error,33,9947.06,0,0
65,57,2499.06,0.76,1,15,upi,network_error,23,2319.15,1,0
37,19,687.05,0.47,0,84,card,network_error,6,3062.22,1,1
54,33,856.07,0.8,0,11,card,expired_card,31,1048.06,0,0
62,51,1557.46,0.77,2,83,card,expired_card,26,16108.99,1,0
35,7,2136.29,0.72,1,88,upi,bank_error,13,13004.58,0,0
34,29,1421.61,0.64,1,70,card,insufficient_funds,16,1950.26,2,0
26,55,2663.17,0.97,1,82,card,bank_error,36,4517.08,0,0
31,43,3912.12,0.91,1,48,card,card_declined,29,7203.69,2,1
66,5,350.37,0.75,1,13,card,insufficient_funds,23,6317.43,1,0
46,30,3175.79,0.4,2,26,card,card_declined,12,2390.99,2,0
48,49,2721.66,0.66,1,8,card,insufficient_funds,36,8432.24,0,1
21,43,481.6,0.82,4,26,card,insufficient_funds,45,16990.47,1,1
35,56,1517.24,0.47,2,14,upi,bank_error,25,17341.08,1,1
37,58,1711.6,0.64,1,41,card,insufficient_funds,24,6383.18,2,0
64,8,511.39,0.52,3,6,card,bank_error,27,6155.0,0,0
60,42,1050.73,0.6,0,16,upi,network_error,33,1380.02,0,1
61,12,1223.51,0.42,5,34,upi,bank_error,19,2166.14,0,0
26,42,514.94,0.48,1,40,card,bank_error,1,3425.31,2,1
30,13,865.02,0.67,1,12,upi,network_error,29,17410.11,0,1
32,26,2924.34,0.94,1,1,upi,network_error,29,5156.89,2,1
44,18,3562.89,0.69,1,29,upi,bank_error,45,1619.05,0,0
32,42,506.48,0.67,2,81,card,card_declined,43,2186.51,2,0
45,51,169.81,0.87,1,82,wallet,insufficient_funds,17,13229.81,0,0
54,52,2607.51,0.56,3,49,upi,bank_error,39,4117.94,0,0
36,49,3927.23,0.46,2,16,card,card_declined,30,1830.68,0,0
43,20,2025.83,0.53,2,9,card,insufficient_funds,25,3764.95,0,0
69,16,897.04,0.87,1,59,upi,expired_card,33,3363.59,1,1
43,37,513.57,0.81,3,39,card,card_declined,34,2858.27,0,0
42,3,1688.75,0.45,1,38,card,card_declined,41,17332.02,0,0
43,27,2294.51,0.8,2,6,card,network_error,14,24802.05,1,1
43,15,691.0,0.96,0,81,card,insufficient_funds,26,2282.9,0,1
63,58,1329.48,0.43,1,88,card,network_error,18,2270.43,0,0
45,34,808.92,0.77,3,74,upi,card_declined,20,910.97,1,0
66,45,1858.93,0.63,0,59,upi,card_declined,7,5561.6,0,0
35,22,259.51,0.7,4,3,upi,bank_error,30,18158.96,0,0
49,40,1447.61,0.72,0,19,card,bank_error,29,7143.64,1,1
20,23,848.81,0.86,0,27,upi,card_declined,45,10777.98,2,0
19,59,3953.86,0.73,5,25,netbanking,network_error,2,9868.15,0,0
50,49,1364.29,0.76,5,85,card,bank_error,12,4617.51,0,0
59,4,1799.78,0.6,3,66,upi,card_declined,21,7562.62,0,0
36,51,566.68,0.48,3,84,upi,network_error,10,4541.94,2,0
34,54,939.17,0.81,4,23,upi,card_declined,34,3720.87,3,0
61,57,1445.42,0.4,0,63,card,card_declined,38,8654.61,0,1
50,41,852.7,0.6,2,58,card,bank_error,33,10447.35,1,0
29,23,925.57,0.53,2,50,card,insufficient_funds,6,4569.17,0,0
66,47,1318.27,0.63,1,8,card,card_declined,21,4837.61,0,0
20,9,330.54,0.59,4,51,wallet,bank_error,28,6695.53,3,1
60,24,759.69,0.82,0,42,card,bank_error,9,6926.83,0,1
66,21,1904.85,0.56,0,63,netbanking,expired_card,21,3073.71,1,0
43,41,832.51,0.74,0,31,upi,network_error,42,1702.92,1,0
52,46,5628.51,0.67,0,59,card,network_error,10,1912.55,0,1
25,55,1168.55,0.88,3,82,wallet,insufficient_funds,29,3811.65,1,0
69,53,299.94,0.66,2,88,netbanking,card_declined,16,8016.53,2,0
53,16,1496.24,0.92,5,51,upi,card_declined,19,4819.57,2,0
24,56,523.67,0.4,1,57,card,insufficient_funds,32,2721.92,0,0
63,55,1391.3,0.76,2,5,card,bank_error,12,4800.86,1,0
63,25,738.03,0.41,3,75,upi,card_declined,24,1719.65,1,0
53,26,773.1,0.83,1,52,card,bank_error,42,3067.17,1,1
33,49,2263.37,0.54,1,88,upi,card_declined,1,13756.61,0,0
41,45,361.97,0.63,0,65,card,card_declined,47,15059.55,1,0
18,9,780.8,0.63,2,12,netbanking,insufficient_funds,43,28522.4,0,1
66,15,722.04,0.91,4,23,card,network_error,42,6839.68,1,0
42,39,2795.95,0.46,0,52,upi,card_declined,33,4585.57,1,0
27,33,858.99,0.8,3,89,card,bank_error,46,4076.93,1,1
33,1,567.3,0.99,3,63,wallet,card_declined,13,4611.49,0,0
33,5,1289.32,0.41,2,76,card,network_error,29,2500.92,0,0
25,56,586.4,0.98,0,3,netbanking,expired_card,2,4801.55,2,1
46,9,649.01,0.41,1,24,card,card_declined,40,5494.78,1,0
56,44,1777.71,0.9,5,79,card,bank_error,11,2506.19,1,1
45,6,147.49,0.98,0,42,upi,card_declined,11,4192.67,0,1
23,28,558.46,1.0,1,21,wallet,network_error,31,4026.52,1,1
33,45,682.84,0.68,1,85,upi,network_error,5,2848.88,2,1
37,26,3234.37,0.92,5,85,upi,card_declined,3,8526.93,0,0
33,28,1497.77,0.47,0,25,card,insufficient_funds,18,1431.61,1,0
24,40,1072.55,0.66,1,12,card,network_error,30,1630.3,1,1
58,15,1020.2,0.58,0,48,card,card_declined,21,967.75,1,0
31,6,1195.63,0.64,4,82,card,card_declined,11,1451.6,0,0
60,27,1302.34,0.82,2,74,card,card_declined,13,39887.07,0,0
43,38,1197.36,0.45,2,70,upi,network_error,13,21876.01,1,0
43,4,4283.83,1.0,2,57,card,expired_card,3,3211.68,0,0
31,11,806.38,0.78,0,29,upi,card_declined,16,3516.66,0,1
24,21,1239.01,0.92,3,29,card,insufficient_funds,26,3224.83,0,1
50,30,1126.19,0.9,0,46,card,expired_card,14,3141.31,2,0
43,18,2116.45,0.86,1,9,upi,network_error,4,14553.44,1,1
62,35,675.02,0.42,1,32,wallet,bank_error,37,7218.71,0,0
37,3,848.3,0.71,0,13,upi,card_declined,26,2528.22,1,0
20,12,380.64,0.6,0,53,card,bank_error,38,5085.07,0,0
69,27,2188.37,0.47,1,75,card,insufficient_funds,15,30003.42,0,1
21,53,377.65,0.61,4,54,card,insufficient_funds,21,5758.43,0,0
43,30,1599.89,0.79,1,29,card,card_declined,41,18705.91,1,0
28,21,3557.34,0.54,1,51,card,bank_error,13,7476.89,0,0
19,38,4221.79,0.67,1,76,upi,insufficient_funds,13,10168.49,2,1
31,21,885.21,0.64,0,49,card,bank_error,38,2086.51,0,1
61,38,860.82,0.43,1,41,card,insufficient_funds,18,13181.33,2,0
47,40,1041.19,0.78,4,86,card,insufficient_funds,16,2268.08,1,0
66,15,2060.12,0.77,1,12,upi,card_declined,11,16408.28,0,0
29,18,999.78,0.98,2,35,card,network_error,26,4678.32,0,1
43,52,905.41,0.58,1,4,card,insufficient_funds,41,1118.12,1,1
61,29,2323.65,0.65,4,45,upi,insufficient_funds,1,5001.28,0,0
50,48,1130.68,0.64,3,49,upi,insufficient_funds,32,14860.91,2,0
30,38,985.19,0.95,2,74,card,network_error,45,3322.51,0,1
31,21,593.9,0.65,2,18,upi,insufficient_funds,1,24159.33,0,0
41,17,2250.53,0.67,2,46,upi,card_declined,7,5739.57,0,0
51,41,1303.69,0.55,2,83,upi,insufficient_funds,14,34559.18,0,0
61,51,1087.67,0.4,1,58,card,card_declined,41,3974.4,1,0
43,18,297.86,0.47,2,15,card,expired_card,18,6033.92,1,0
38,57,2139.12,0.82,1,58,upi,insufficient_funds,13,4939.95,2,0
45,55,495.73,0.81,1,23,card,network_error,25,5963.69,1,1
65,37,1504.69,0.59,2,23,card,insufficient_funds,13,4253.44,0,0
53,38,635.89,0.68,1,85,upi,expired_card,36,3453.72,1,0
57,12,517.41,0.58,2,26,card,expired_card,17,4786.9,1,0
19,11,2100.03,0.84,2,34,card,card_declined,37,4238.72,0,0
59,48,1177.51,0.91,2,41,upi,insufficient_funds,30,2859.12,0,1
26,52,1128.59,0.94,4,77,upi,insufficient_funds,17,4996.54,2,0
40,49,4295.64,0.5,1,57,upi,card_declined,10,12124.98,2,0
32,20,4249.37,0.82,2,25,netbanking,card_declined,16,5610.98,0,0
30,9,922.54,0.98,2,54,card,card_declined,46,8810.56,0,0
40,1,439.22,0.79,2,44,upi,network_error,34,4131.68,1,1
34,58,2950.32,0.61,2,13,upi,insufficient_funds,23,14452.34,1,1
65,3,427.85,0.78,1,54,netbanking,card_declined,15,4339.02,1,1
19,21,1529.41,0.81,1,27,card,insufficient_funds,7,4081.1,0,0
37,23,909.12,0.64,1,8,upi,bank_error,35,6246.17,0,0
37,9,1156.55,0.46,2,43,netbanking,insufficient_funds,18,3679.79,1,0
63,54,2587.39,0.76,1,70,netbanking,insufficient_funds,15,12348.33,1,0
20,19,632.2,0.88,2,77,card,network_error,43,2477.01,2,0
29,45,716.43,1.0,1,84,netbanking,insufficient_funds,24,14115.12,0,1
57,55,1864.29,0.53,2,55,upi,bank_error,39,3918.72,3,0
19,46,3835.95,0.82,3,64,card,bank_error,9,6250.33,0,0
53,52,6197.63,0.42,6,5,wallet,card_declined,9,1009.08,0,1
31,19,397.2,0.98,1,59,card,bank_error,33,3408.28,1,0
33,23,817.52,0.41,4,27,card,expired_card,34,11098.75,0,0
36,27,532.68,0.62,6,19,card,insufficient_funds,23,14644.12,0,0
51,27,1983.44,0.45,2,65,wallet,bank_error,45,14107.74,1,0
61,39,1144.37,0.77,0,68,card,bank_error,32,13696.11,1,0
63,36,2027.28,0.6,1,66,upi,card_declined,21,2635.98,2,1
23,12,831.66,0.84,2,26,upi,expired_card,22,34640.7,4,1
30,55,1789.46,0.69,4,33,card,bank_error,2,8890.73,0,1
53,27,967.53,0.65,2,38,card,expired_card,44,2628.28,0,0
39,46,1211.44,0.61,2,7,card,insufficient_funds,9,4158.6,1,1
35,34,732.62,0.45,2,5,card,insufficient_funds,26,2165.41,0,0
29,33,2841.34,0.52,0,9,netbanking,bank_error,20,13844.99,2,1
69,28,453.09,0.78,2,13,wallet,card_declined,41,9289.14,0,0
47,31,1012.71,0.7,0,40,wallet,network_error,15,5821.46,0,1
68,32,3814.71,0.44,0,48,card,bank_error,43,6846.36,0,0
57,50,2678.97,0.73,1,46,upi,insufficient_funds,40,11602.95,0,0
24,20,607.74,0.43,2,64,netbanking,card_declined,36,5294.59,1,0
49,40,629.76,0.71,3,64,netbanking,network_error,21,1418.99,1,1
65,35,1571.6,0.98,2,29,card,insufficient_funds,15,13621.44,1,0
36,31,1728.4,0.58,0,18,card,network_error,23,1210.71,2,0
23,58,2522.32,0.83,1,30,wallet,bank_error,5,10280.31,0,0
37,31,408.92,0.85,2,74,upi,insufficient_funds,34,10451.81,1,0
44,38,2754.68,0.64,3,19,netbanking,bank_error,24,4333.18,1,0
60,22,583.47,0.76,3,48,upi,bank_error,26,3169.77,0,0
54,45,2791.32,0.68,0,9,card,bank_error,8,1867.47,1,1
65,41,353.97,0.57,1,85,upi,card_declined,8,3497.46,0,0
24,9,502.82,0.85,1,1,upi,bank_error,42,1162.31,0,1
22,52,3658.14,0.82,3,78,card,expired_card,6,4505.23,2,1
28,9,3801.79,0.94,1,39,card,bank_error,26,10055.09,1,1
32,15,1176.42,0.77,0,55,card,card_declined,43,1091.34,0,0
20,13,870.87,0.63,3,52,upi,card_declined,34,4066.91,1,1
22,22,1084.38,0.83,0,71,upi,insufficient_funds,44,12307.35,0,0
40,16,1466.02,0.77,3,64,upi,insufficient_funds,27,15378.83,2,0
54,32,1561.45,0.77,3,24,card,network_error,15,5738.71,0,0
26,2,892.2,0.91,2,27,wallet,card_declined,18,1029.44,3,0
32,26,282.92,0.95,0,66,upi,card_declined,2,1871.99,0,0
20,14,749.5,0.51,1,66,card,bank_error,25,1848.3,1,0
46,59,369.26,0.59,1,62,card,insufficient_funds,9,9978.94,3,1
23,38,1874.44,0.79,3,16,upi,bank_error,16,9615.79,2,0
34,34,1419.73,0.73,0,12,card,insufficient_funds,5,3019.53,1,1
43,8,1014.47,0.79,0,40,card,network_error,25,7483.25,0,0
38,36,920.08,0.66,1,10,netbanking,card_declined,44,1792.62,1,0
25,21,4342.79,0.65,3,64,card,insufficient_funds,23,3669.94,2,0
38,56,2446.65,0.47,0,55,upi,expired_card,4,4331.93,1,0
28,46,1266.14,0.77,0,79,upi,network_error,31,5062.96,0,1
55,43,752.47,0.51,1,89,card,network_error,44,1778.74,1,1
25,56,2705.38,0.8,2,4,card,bank_error,19,6862.03,0,1
59,28,1184.82,0.98,2,23,wallet,insufficient_funds,8,1188.72,0,1
41,46,696.57,0.55,1,49,card,card_declined,38,1791.48,0,0
52,44,725.3,0.49,1,4,upi,network_error,47,2635.31,0,1
31,48,1742.9,0.41,2,1,netbanking,card_declined,36,10351.8,1,1
31,6,2135.86,0.63,0,65,card,network_error,41,7083.48,0,0
27,20,1711.15,0.53,0,39,upi,bank_error,17,2153.93,0,1
29,31,1737.65,0.7,0,3,upi,network_error,5,5892.43,2,1
55,33,886.26,0.71,0,57,card,network_error,19,11043.85,0,1
61,44,749.25,0.61,1,59,upi,expired_card,16,23990.75,1,0
63,7,1216.83,0.85,0,79,card,insufficient_funds,11,7772.77,0,0
51,8,1035.44,0.94,2,18,card,network_error,2,7822.94,0,0
58,9,544.27,0.53,5,21,upi,card_declined,5,2070.89,0,0
27,2,1072.15,0.9,0,56,upi,card_declined,35,6121.59,0,0
34,17,1777.52,0.48,2,52,card,card_declined,17,5334.01,0,0
34,52,834.42,0.54,1,8,wallet,bank_error,37,3393.5,4,1
20,45,3331.16,0.74,3,25,wallet,card_declined,15,1515.15,0,0
48,37,456.56,0.58,1,32,card,expired_card,23,2311.71,0,0
68,42,615.9,0.43,3,70,netbanking,network_error,43,2692.08,0,0
18,44,734.4,0.58,4,40,card,bank_error,18,11115.19,2,0
29,17,1950.31,0.94,2,84,upi,card_declined,37,3448.25,2,0
56,53,1272.41,0.5,1,29,upi,bank_error,3,3033.97,0,1
21,38,589.79,0.86,2,69,card,bank_error,34,1310.13,0,0
59,35,295.72,0.83,1,35,upi,card_declined,24,6008.97,0,0
30,47,477.84,0.46,1,83,upi,card_declined,2,10339.49,0,0
51,39,321.41,0.6,3,76,upi,card_declined,20,1101.1,0,1
59,30,2021.17,0.51,0,33,upi,card_declined,8,3437.02,0,1
38,6,522.51,0.41,2,46,upi,insufficient_funds,45,5766.21,0,0
39,4,1765.86,0.5,3,72,netbanking,bank_error,43,17960.43,0,0
21,51,1604.65,0.52,0,31,upi,insufficient_funds,28,2878.79,0,0
35,37,2525.29,0.5,2,75,upi,insufficient_funds,9,12339.21,0,0
22,35,664.97,0.45,2,68,upi,bank_error,30,2655.74,1,0
36,58,1455.8,0.72,4,40,card,card_declined,11,12918.78,1,0
19,57,1194.14,0.59,3,69,card,insufficient_funds,21,2732.0,0,0
29,9,1196.47,0.94,1,42,wallet,card_declined,15,4936.6,0,0
34,6,1082.13,0.51,2,86,card,expired_card,27,7995.76,0,0
27,13,1977.01,0.76,2,44,card,card_declined,44,752.79,2,0
51,59,1831.33,0.94,1,17,upi,card_declined,45,612.1,2,1
23,22,1094.7,0.43,5,20,netbanking,card_declined,26,9841.75,0,0
25,28,795.06,0.71,2,76,netbanking,insufficient_funds,22,11842.31,0,0
68,30,733.58,0.67,3,53,netbanking,card_declined,38,14575.91,0,0
28,52,1124.17,0.96,0,44,wallet,insufficient_funds,7,8967.83,0,1
29,36,1280.85,0.8,4,17,card,card_declined,4,7327.84,0,0
26,2,1028.62,0.61,5,27,card,card_declined,3,4152.14,0,0
19,58,443.96,0.83,1,23,wallet,network_error,25,4304.25,0,1
25,36,886.02,0.75,3,58,upi,network_error,21,6007.11,2,0
28,8,758.27,0.61,3,69,netbanking,network_error,24,1010.1,1,0
53,45,1108.27,0.87,1,56,card,network_error,1,5551.79,0,1
27,42,6472.45,0.8,2,45,upi,card_declined,7,5613.36,1,0
38,50,1481.94,0.4,0,29,wallet,network_error,25,5412.91,0,0
37,9,2653.33,0.92,2,14,card,card_declined,46,1016.82,0,0
65,1,679.35,0.64,3,8,wallet,bank_error,5,6681.19,0,0
25,13,1113.56,0.79,1,46,card,network_error,12,2312.53,2,1
53,50,2591.71,0.64,0,27,card,bank_error,36,6678.31,0,1
46,15,362.74,0.93,2,70,upi,card_declined,20,17992.3,1,0
59,32,931.33,0.79,2,7,card,card_declined,12,5137.88,1,1
29,34,1693.34,0.75,2,26,card,bank_error,28,2877.51,2,0
31,43,1042.31,0.99,1,42,card,expired_card,19,1517.59,1,0
65,31,736.92,0.57,0,30,upi,card_declined,47,6410.85,0,1
67,14,766.47,0.44,2,81,card,expired_card,38,5373.44,0,0
38,54,1367.55,0.71,0,6,wallet,card_declined,7,3797.93,0,1
39,47,365.28,0.65,1,67,netbanking,expired_card,4,3486.68,0,0
38,14,1196.6,0.67,2,83,upi,insufficient_funds,23,4283.87,0,0
61,48,1822.74,0.77,0,83,upi,bank_error,29,3171.96,0,0
67,55,851.08,0.77,1,54,card,card_declined,41,2440.39,1,0
47,29,367.98,0.64,2,88,upi,insufficient_funds,35,2954.93,0,0
56,47,766.3,0.92,4,35,card,bank_error,16,9107.26,0,0
37,19,1005.62,0.79,3,35,upi,bank_error,41,1732.66,0,1
41,27,516.17,0.93,3,5,upi,expired_card,18,7148.86,1,1
40,9,1120.4,0.95,5,6,upi,network_error,37,5797.86,0,1
24,37,1236.99,0.5,0,23,netbanking,bank_error,31,4218.05,2,1
26,37,2544.81,0.81,3,59,card,network_error,44,4398.43,1,0
18,43,977.07,0.59,0,51,card,expired_card,36,4871.56,0,0
43,28,1185.84,0.9,2,62,card,card_declined,11,2794.42,2,1
55,52,745.71,0.84,1,32,netbanking,expired_card,23,1803.32,0,0
55,57,785.23,0.52,1,1,upi,bank_error,23,8620.95,0,1
61,24,1795.31,0.96,0,49,card,card_declined,12,2140.26,1,0
39,28,930.62,0.81,1,28,card,expired_card,3,7636.51,1,1
61,36,1955.93,0.97,3,71,upi,insufficient_funds,20,8429.34,1,0
27,52,1061.3,0.52,2,37,card,network_error,23,1974.72,0,0
23,18,492.41,0.92,2,29,card,card_declined,35,9508.69,0,0
34,25,675.17,0.8,1,19,upi,bank_error,33,945.72,2,1
68,35,5960.28,0.73,0,19,card,card_declined,2,11269.94,1,0
67,4,1022.16,0.89,3,51,card,card_declined,44,3308.71,0,0
55,14,353.99,0.78,3,84,card,bank_error,43,9221.44,0,0
41,39,494.32,0.8,1,15,upi,insufficient_funds,37,6552.45,0,0
68,26,665.81,0.55,0,24,card,network_error,24,7848.76,0,0
27,8,586.81,0.89,4,61,netbanking,bank_error,19,1882.41,0,0
25,24,508.04,0.79,1,53,upi,card_declined,25,34427.6,2,1
38,16,3052.32,0.91,1,72,upi,insufficient_funds,5,9832.58,2,1
23,20,1746.32,0.61,2,59,upi,bank_error,10,11349.13,0,1
38,15,953.49,0.6,2,7,card,network_error,29,10928.14,0,1
56,7,726.99,0.41,0,83,wallet,insufficient_funds,47,6607.99,1,0
41,58,979.28,0.86,0,76,wallet,insufficient_funds,8,6140.84,0,0
50,17,3814.41,0.6,2,68,card,expired_card,18,9625.55,0,0
35,22,598.53,0.6,0,34,upi,network_error,40,4217.5,1,1
45,22,363.57,0.81,1,7,card,expired_card,29,2694.75,0,1
69,54,1749.61,0.55,0,54,upi,network_error,13,10665.51,1,0
49,12,2220.96,0.95,0,67,card,expired_card,33,3601.3,3,0
29,18,3029.47,0.72,2,12,card,bank_error,41,3464.42,1,1
65,56,856.94,0.98,1,58,upi,card_declined,1,712.19,0,1
59,46,863.23,0.45,2,83,card,bank_error,41,8033.69,2,0
44,47,4485.46,0.6,1,52,card,card_declined,18,4552.04,0,0
27,15,1663.78,0.63,2,81,upi,insufficient_funds,16,7444.93,0,0
63,37,1033.23,0.84,1,56,card,insufficient_funds,24,5076.93,0,0
69,16,1559.87,0.53,1,82,card,expired_card,30,10186.23,0,0
59,5,808.19,0.63,2,3,card,card_declined,41,6104.57,1,0
49,2,1354.05,0.95,2,13,netbanking,insufficient_funds,6,9858.35,0,0
59,52,1338.75,0.47,0,63,card,network_error,35,8497.25,1,0
43,28,1966.32,0.85,4,5,netbanking,expired_card,25,6321.57,1,1
42,57,550.35,0.82,0,25,card,insufficient_funds,18,3397.48,1,0
28,41,1406.42,0.48,2,86,card,card_declined,5,12840.15,2,0
40,54,484.63,0.81,1,72,upi,expired_card,39,2717.91,1,0
51,27,4075.97,0.74,4,52,upi,bank_error,11,3383.16,0,0
69,31,817.75,0.57,2,80,upi,insufficient_funds,46,3125.58,0,0
57,41,344.32,0.59,1,5,card,network_error,35,14430.54,0,1
40,36,7662.95,0.9,0,59,card,network_error,46,2135.44,1,1
46,47,761.47,0.54,1,25,card,card_declined,10,4564.03,1,0
48,43,1172.01,0.71,1,80,wallet,insufficient_funds,18,3789.37,2,1
24,1,334.71,0.81,2,88,upi,expired_card,23,2523.35,2,0
57,50,1056.69,0.48,4,14,upi,card_declined,37,2206.58,0,0
50,29,3536.52,0.96,2,77,card,insufficient_funds,24,10257.98,0,1
38,1,1796.25,0.56,5,87,upi,bank_error,32,8549.92,0,0
19,8,333.42,0.59,1,52,upi,card_declined,33,4465.88,0,0
35,57,642.76,0.8,3,25,card,insufficient_funds,41,4076.16,1,0
64,16,2085.42,0.45,1,72,card,card_declined,44,3223.38,1,0
50,58,1712.4,0.78,3,56,upi,insufficient_funds,38,1679.72,1,0
54,28,780.39,0.95,4,82,upi,expired_card,8,7134.15,1,0
51,22,1448.01,0.55,1,37,upi,insufficient_funds,45,2554.37,0,1
37,18,474.04,0.62,1,70,card,expired_card,15,892.93,0,1
52,22,439.26,0.54,0,6,card,insufficient_funds,38,2053.37,0,0
68,41,191.46,0.89,1,25,upi,insufficient_funds,39,8423.94,0,0
67,12,2095.97,0.5,5,20,upi,card_declined,32,6792.4,0,0
35,19,1018.8,0.61,2,23,upi,bank_error,43,4425.76,1,0
63,25,1099.88,0.76,2,57,upi,bank_error,40,10168.36,0,1
41,50,127.88,0.64,1,53,netbanking,insufficient_funds,31,2386.36,1,1
25,59,1059.19,0.44,1,59,card,card_declined,41,6643.18,0,0
47,5,1612.82,0.97,3,81,card,card_declined,4,9438.65,0,0
61,59,254.01,0.6,2,61,card,insufficient_funds,14,1890.14,2,0
27,34,1131.09,0.67,1,55,card,card_declined,14,2528.92,1,0
40,39,1046.75,0.5,0,80,wallet,expired_card,42,26012.02,1,1
69,59,791.78,0.92,2,20,card,insufficient_funds,42,2701.99,2,0
66,10,2738.97,0.57,5,3,netbanking,network_error,13,4290.47,0,0
28,47,2315.48,0.41,2,65,card,insufficient_funds,31,4239.42,1,0
19,57,11185.58,0.59,5,37,card,network_error,18,5315.25,2,0
43,7,469.16,0.99,3,35,card,network_error,20,3324.01,1,0
53,37,1480.37,0.49,1,16,card,expired_card,24,2883.47,1,1
50,47,3133.52,0.42,1,4,card,bank_error,16,39213.39,0,0
64,52,675.51,0.75,3,3,card,bank_error,11,3073.63,1,1
30,52,3582.73,0.62,3,17,upi,expired_card,22,6259.98,1,0
57,15,1415.78,0.88,1,44,card,card_declined,36,3244.56,1,0
42,42,322.89,0.84,1,63,wallet,insufficient_funds,16,5266.47,0,1
21,24,445.81,0.51,4,42,upi,bank_error,3,13516.91,0,0
59,26,730.52,0.74,0,17,netbanking,network_error,14,3592.84,0,1
36,26,1030.95,0.42,4,24,card,card_declined,35,2365.04,1,0
35,46,2609.49,0.66,0,37,card,insufficient_funds,45,5201.27,1,1
54,26,1029.91,0.83,0,2,netbanking,network_error,41,41117.13,0,1
47,58,2538.95,0.65,1,14,upi,bank_error,19,685.83,0,1
36,10,1182.71,0.47,0,10,wallet,card_declined,11,18724.87,2,1
40,17,1106.18,0.44,1,15,card,expired_card,34,1880.67,2,0
33,53,893.94,0.91,1,37,card,insufficient_funds,45,2530.64,2,0
18,14,2180.73,0.93,1,58,wallet,card_declined,14,5074.94,0,1
29,2,1200.67,0.61,2,46,upi,insufficient_funds,2,5365.38,1,0
41,48,656.69,0.5,0,53,netbanking,card_declined,44,15477.13,0,1
51,13,1383.62,0.99,4,82,card,card_declined,45,1338.34,1,0
25,27,796.22,0.73,2,56,card,insufficient_funds,14,11601.41,0,0
35,9,766.0,0.69,3,13,upi,card_declined,26,6014.21,0,0
65,7,2509.54,0.84,2,35,wallet,insufficient_funds,13,7683.07,0,0
22,48,980.87,0.5,5,36,wallet,card_declined,19,4722.12,1,0
43,10,4886.43,0.75,4,74,card,bank_error,14,821.01,0,0
47,56,1834.79,0.93,2,34,card,insufficient_funds,42,10931.63,0,1
30,54,641.59,0.41,3,24,card,card_declined,42,1605.18,0,0
36,9,611.49,0.8,0,53,netbanking,insufficient_funds,25,3166.92,1,0
46,22,460.11,0.73,4,27,netbanking,insufficient_funds,11,11656.71,1,0
20,23,1675.99,0.97,2,73,card,card_declined,35,1628.37,2,0
43,7,602.07,0.56,3,73,upi,card_declined,42,3193.22,0,0
57,48,224.54,0.92,0,74,upi,expired_card,34,16599.57,0,0
29,9,345.16,0.59,1,12,card,card_declined,40,4570.53,0,0
19,27,506.29,0.66,0,15,upi,insufficient_funds,4,5466.52,0,0
28,24,1388.25,0.53,1,3,card,insufficient_funds,33,3483.93,2,1
61,29,1035.01,0.92,3,28,upi,insufficient_funds,10,3299.93,1,0
45,17,2121.74,0.52,0,9,upi,bank_error,38,9592.31,0,1
35,20,581.13,0.92,3,39,card,insufficient_funds,45,2805.85,1,0
30,7,873.89,0.67,0,30,wallet,insufficient_funds,23,5245.9,0,1
54,43,3726.16,0.9,0,57,card,insufficient_funds,8,17471.99,0,0
39,40,863.66,0.56,0,23,card,network_error,39,3512.54,0,0
29,7,1283.21,0.48,1,30,upi,card_declined,12,1890.85,0,0
19,28,692.7,0.73,0,64,card,insufficient_funds,18,11985.12,1,0
54,19,936.47,0.71,1,16,upi,bank_error,3,12205.42,4,1
24,20,1529.49,0.61,2,36,netbanking,expired_card,4,1748.99,1,0
43,44,1737.09,0.8,0,30,wallet,card_declined,21,11217.63,0,1
43,39,1191.17,0.46,0,46,card,network_error,9,10590.27,1,1
41,40,914.26,0.77,0,80,upi,insufficient_funds,44,652.73,0,0
29,7,1201.28,0.53,5,20,upi,card_declined,28,5383.41,0,0
33,6,655.05,0.48,3,78,card,bank_error,15,6382.57,1,0
40,25,943.08,0.95,3,56,upi,insufficient_funds,27,6574.04,1,0
57,41,1383.87,0.68,3,37,card,bank_error,4,20676.23,1,1
26,59,2188.33,0.86,0,83,card,expired_card,26,10776.1,0,0
49,13,579.37,0.45,1,81,card,bank_error,2,7896.16,0,0
32,39,968.7,0.43,1,62,card,card_declined,21,4402.61,0,0
54,40,542.64,0.7,1,65,card,insufficient_funds,18,32090.0,2,1
30,22,803.43,0.59,0,29,card,card_declined,2,7101.11,2,1
22,49,2209.13,0.4,1,88,card,network_error,7,6163.02,1,0
28,17,753.28,0.51,1,83,card,insufficient_funds,20,1582.92,2,0
27,48,1025.36,0.53,2,43,wallet,card_declined,44,3688.14,0,0
69,22,461.39,0.57,2,74,upi,expired_card,16,3991.44,0,1
30,34,740.42,0.93,2,36,wallet,network_error,14,12942.41,1,1
58,8,370.98,0.65,4,17,upi,insufficient_funds,32,5126.0,1,0
63,49,1332.9,0.81,1,54,netbanking,card_declined,15,3091.02,1,1
67,45,1418.94,0.41,2,17,netbanking,card_declined,30,6404.17,1,0
32,18,1388.28,0.89,0,32,upi,expired_card,47,15641.61,0,0
59,24,1452.11,0.54,0,16,upi,insufficient_funds,7,17201.14,4,0
24,54,1390.06,0.59,2,51,card,card_declined,24,6358.9,2,1
57,42,376.76,0.43,2,59,upi,bank_error,17,2984.29,1,1
45,2,631.79,0.65,0,23,card,insufficient_funds,17,2781.1,2,0
49,2,228.01,0.91,2,16,upi,network_error,39,4385.56,0,0
52,27,792.74,0.63,1,32,upi,insufficient_funds,5,4008.97,3,0
32,14,596.15,0.95,2,66,netbanking,card_declined,1,3798.35,0,0
65,48,1067.33,0.92,0,70,wallet,bank_error,43,8992.05,1,1
53,39,6134.13,0.44,0,74,card,card_declined,21,8854.43,1,0
38,53,1896.18,0.58,1,62,upi,card_declined,30,5020.91,2,1
23,53,3199.36,0.95,0,30,wallet,insufficient_funds,4,2458.3,0,1
18,56,1948.84,0.42,1,36,wallet,card_declined,5,11932.03,0,1
21,12,1022.44,0.86,0,6,netbanking,insufficient_funds,41,12353.85,2,1
28,32,1089.21,0.94,0,45,card,network_error,21,2584.89,0,1
61,28,2008.63,0.86,3,33,card,card_declined,20,20974.53,2,0
43,55,1304.85,0.85,0,5,card,insufficient_funds,20,9057.99,0,1
54,28,896.44,0.91,6,56,wallet,bank_error,37,4305.04,2,1
40,46,2976.57,0.8,2,28,upi,insufficient_funds,17,4032.67,3,1
46,25,1497.14,0.65,1,7,upi,bank_error,9,5671.28,1,0
38,4,404.39,0.44,0,59,wallet,insufficient_funds,32,10210.04,0,0
65,26,966.56,0.87,0,19,card,bank_error,23,26283.99,0,1
62,36,1135.88,0.94,2,62,upi,card_declined,20,4927.4,2,0
62,50,826.29,0.71,1,43,upi,bank_error,9,5272.49,0,0
66,3,837.47,0.72,3,50,card,expired_card,26,14962.28,0,0
44,1,818.85,0.64,1,53,upi,network_error,17,9654.09,1,1
56,17,314.41,0.91,2,38,card,card_declined,20,9564.8,1,0
57,7,277.61,0.41,3,17,upi,network_error,31,14625.4,0,0
30,48,694.11,0.77,2,83,card,bank_error,18,8618.12,2,1
40,5,828.53,0.94,3,27,card,card_declined,21,9784.22,0,0
33,19,429.44,0.46,3,37,wallet,card_declined,27,2416.93,4,1
47,39,535.41,0.98,1,7,upi,insufficient_funds,26,3839.11,0,1
21,46,918.56,0.98,3,38,upi,bank_error,44,5943.39,1,1
57,34,2256.89,0.96,3,81,card,insufficient_funds,39,1594.46,0,1
33,35,2155.35,0.68,0,29,card,insufficient_funds,15,2935.09,0,0
48,49,2206.52,0.63,0,51,wallet,insufficient_funds,44,8247.85,2,0
59,16,540.65,0.82,0,81,upi,expired_card,31,1669.37,1,1
42,40,938.61,0.59,1,15,upi,network_error,19,16208.55,1,1
61,50,2604.38,0.44,2,16,upi,insufficient_funds,40,3182.33,1,0
29,47,318.85,0.94,2,11,card,card_declined,45,5553.68,0,1
43,39,795.03,0.78,1,33,wallet,insufficient_funds,4,4429.44,0,0
54,27,1281.15,0.52,3,20,card,card_declined,37,5522.12,0,0
65,41,332.42,0.41,0,29,card,expired_card,47,3543.22,1,0
50,38,1480.6,0.83,3,16,wallet,insufficient_funds,7,13615.58,2,1
45,50,3238.6,0.91,2,17,card,insufficient_funds,17,6889.38,1,1
26,50,2584.3,0.64,3,57,netbanking,insufficient_funds,10,1613.2,0,0
29,25,968.33,0.45,1,78,upi,card_declined,43,10257.35,1,0
22,26,1939.29,0.79,1,88,card,insufficient_funds,14,4492.59,0,0
69,56,329.83,0.58,1,37,card,expired_card,45,11694.02,2,1
45,14,1332.55,0.49,2,77,upi,expired_card,18,7260.71,1,0
52,14,886.01,0.71,1,18,upi,insufficient_funds,9,4792.02,1,0
22,14,987.72,0.69,2,71,card,insufficient_funds,16,3071.75,1,0
51,25,1179.31,0.71,3,49,netbanking,network_error,9,2351.35,0,0
63,36,1438.48,0.89,2,11,upi,expired_card,11,3366.7,1,0
51,4,396.84,0.69,2,57,wallet,bank_error,27,2937.59,1,0
30,47,552.07,0.94,1,81,card,card_declined,30,1176.6,3,0
56,15,916.55,0.91,1,19,card,bank_error,14,3719.74,1,0
59,32,315.75,0.79,4,70,wallet,insufficient_funds,14,4960.34,1,0
62,18,1207.22,0.43,1,82,upi,insufficient_funds,29,8309.62,0,0
65,14,1964.32,0.92,1,53,upi,expired_card,11,7851.85,1,0
31,58,2905.9,0.94,1,10,upi,card_declined,15,2636.86,0,1
28,1,1173.2,0.63,4,1,upi,insufficient_funds,44,15447.21,0,0
59,42,4107.09,0.72,3,1,card,insufficient_funds,14,8032.42,1,0
55,20,1070.06,0.57,1,47,upi,insufficient_funds,27,4584.87,2,0
21,10,454.98,0.41,3,27,upi,card_declined,3,10451.71,1,0
50,10,1054.51,0.69,1,25,wallet,expired_card,12,4607.65,0,0
24,59,949.59,0.48,1,10,card,network_error,14,19282.55,0,1
58,24,1573.9,0.51,1,36,card,bank_error,41,14319.69,0,0
25,34,1325.36,0.69,2,46,upi,network_error,17,2959.38,0,0
54,28,1260.79,0.92,3,8,upi,insufficient_funds,17,10124.35,0,1
68,27,2157.78,0.91,0,62,card,bank_error,34,2414.82,1,1
27,40,811.62,0.98,0,29,card,network_error,30,5174.74,0,0
60,1,1598.96,0.69,1,53,card,card_declined,23,9180.1,1,0
32,33,1334.89,0.73,2,4,card,insufficient_funds,36,5454.33,0,0
55,4,1187.69,0.89,1,49,upi,insufficient_funds,25,5307.87,0,0
32,7,1047.34,0.82,0,69,upi,bank_error,40,13421.9,1,1
22,9,450.39,0.51,2,42,netbanking,card_declined,32,15507.07,1,0
46,16,918.06,0.64,1,75,card,card_declined,23,8993.25,0,0
36,5,960.2,0.96,1,65,upi,bank_error,41,1834.67,0,0
68,34,661.22,0.49,2,77,wallet,bank_error,16,2054.76,0,1
27,23,423.89,0.53,4,84,wallet,insufficient_funds,32,3474.66,1,0
29,43,742.8,0.64,0,34,card,bank_error,43,7088.12,1,0
21,50,787.29,0.96,2,14,card,insufficient_funds,10,7356.9,2,1
48,25,429.14,0.47,0,53,wallet,bank_error,34,1552.74,0,0
35,57,428.83,0.8,1,76,upi,bank_error,33,2216.19,0,0
33,51,253.57,0.48,1,75,upi,network_error,28,3937.93,0,1
57,13,1348.23,0.71,4,1,wallet,network_error,7,4838.74,1,1
53,24,2174.66,0.72,3,8,card,network_error,40,6517.4,1,1
42,11,1109.06,0.43,2,18,card,card_declined,2,8557.44,1,0
40,52,826.32,0.97,1,5,card,insufficient_funds,35,10674.18,0,1
29,51,414.47,0.88,2,67,wallet,insufficient_funds,7,3066.53,1,1
51,17,234.3,0.58,2,22,upi,bank_error,13,4037.02,0,1
53,37,1071.61,0.48,1,6,card,card_declined,3,3219.17,0,0
54,13,1687.44,0.61,1,88,upi,network_error,25,5727.44,1,0
20,27,612.36,0.94,1,27,card,card_declined,7,2912.24,0,0
26,20,2295.69,0.48,3,85,card,bank_error,44,3726.05,2,0
35,33,677.07,0.61,2,37,card,card_declined,27,18883.43,1,0
60,42,2343.73,0.7,1,35,upi,insufficient_funds,22,8586.89,0,1
52,32,634.88,0.42,2,36,upi,card_declined,28,7722.55,0,0
51,8,170.03,0.56,3,61,upi,bank_error,5,4657.54,0,0
58,56,1700.11,0.76,3,1,card,bank_error,2,11535.9,0,0
31,29,574.79,0.59,2,48,wallet,bank_error,36,6011.91,1,0
21,40,372.51,0.92,3,83,upi,card_declined,24,7587.27,1,0
46,19,1536.27,0.96,2,87,card,bank_error,32,15840.15,1,1
58,6,588.42,0.66,1,67,card,card_declined,22,3773.67,2,0
62,44,407.88,0.72,0,77,wallet,insufficient_funds,42,1914.72,1,0
67,39,2746.24,0.78,0,39,upi,card_declined,6,9270.5,1,0
32,48,950.2,0.8,1,80,netbanking,bank_error,23,3393.7,1,0
45,41,401.59,0.44,6,3,card,expired_card,46,7039.86,2,0
59,21,792.99,0.43,1,26,wallet,card_declined,14,6188.9,0,0
33,57,4879.48,0.92,2,69,card,insufficient_funds,15,13381.66,0,0
29,22,1186.37,0.53,1,55,wallet,network_error,43,3164.22,0,0
69,42,699.74,0.75,1,3,netbanking,bank_error,6,7311.44,1,1
22,10,1557.7,0.77,0,56,upi,insufficient_funds,22,6679.11,1,0
51,10,797.88,0.5,1,28,upi,bank_error,44,11480.12,1,0
59,52,767.71,0.86,2,43,card,insufficient_funds,24,1845.0,0,0
18,29,692.66,0.92,1,30,upi,bank_error,14,10281.07,1,0
56,16,1993.73,0.57,0,87,upi,network_error,25,20534.36,3,0
49,1,1256.81,0.93,1,18,card,insufficient_funds,27,4587.02,0,0
43,17,2967.78,0.45,3,5,upi,insufficient_funds,38,7237.43,0,1
34,30,1359.43,0.88,1,86,wallet,bank_error,14,2760.64,1,1
65,26,3194.93,0.78,6,61,card,card_declined,21,4350.04,0,0
44,53,1728.59,0.75,0,1,card,card_declined,17,17927.22,0,1
41,46,914.19,0.54,1,64,card,insufficient_funds,14,18364.9,0,0
52,19,997.48,0.62,1,14,wallet,insufficient_funds,33,8628.76,4,1
63,53,3942.26,0.95,0,41,wallet,network_error,42,3974.08,0,1
59,21,2731.68,0.68,0,73,upi,expired_card,9,4425.63,1,0
56,17,3238.06,0.76,2,68,upi,bank_error,42,1825.62,2,0
43,46,541.74,0.96,1,53,wallet,card_declined,18,1732.82,0,0
66,40,295.12,0.68,1,89,card,card_declined,11,6708.56,0,0
55,21,607.76,0.63,2,31,upi,network_error,44,4247.14,2,0
40,53,1231.31,0.94,0,59,card,network_error,29,14042.56,0,0
39,41,697.92,0.95,2,66,wallet,insufficient_funds,5,669.97,0,0
21,40,1117.88,0.61,0,37,card,bank_error,24,8048.67,0,1
66,45,799.63,0.76,1,50,upi,network_error,5,12992.2,0,1
26,49,318.85,0.98,0,66,card,insufficient_funds,10,6824.77,2,0
21,19,1480.64,0.43,2,14,netbanking,bank_error,2,1804.63,0,0
24,7,1120.59,0.42,1,15,wallet,bank_error,23,2113.53,1,0
40,17,2780.95,0.71,0,25,card,bank_error,32,2787.84,0,0
19,1,1226.47,0.57,0,74,upi,bank_error,1,2848.61,0,0
66,37,1896.67,0.75,3,8,card,insufficient_funds,32,3411.85,2,0
41,57,618.01,0.83,2,58,card,bank_error,18,2644.01,0,0
57,6,1398.15,0.44,1,56,card,expired_card,16,4197.89,1,0
48,26,1931.41,0.93,0,14,wallet,network_error,16,4909.09,2,1
64,2,1618.82,0.57,1,84,card,bank_error,37,7739.76,2,0
48,59,935.81,0.63,0,42,card,card_declined,24,3540.19,1,0
64,32,1401.52,0.6,2,13,netbanking,bank_error,19,1313.66,2,1
57,57,1695.82,0.9,0,19,netbanking,network_error,40,6885.37,0,0
65,48,2542.68,0.5,0,34,card,network_error,1,1781.73,0,0
68,54,740.42,0.42,2,46,card,network_error,11,4291.86,0,1
60,5,501.81,0.98,0,88,upi,expired_card,40,2671.61,0,0
51,37,612.83,0.99,0,55,card,card_declined,19,5653.01,0,0
41,31,1214.13,0.55,2,85,upi,bank_error,5,3206.75,1,0
66,12,1100.01,0.41,3,64,card,insufficient_funds,21,32831.58,1,0
43,35,1701.26,0.79,2,57,card,bank_error,20,8238.63,0,0
33,30,1961.65,0.79,1,88,card,network_error,18,3401.94,0,0
64,48,293.05,0.96,1,72,upi,bank_error,34,1609.87,0,1
30,6,783.09,0.58,1,64,card,card_declined,23,9280.4,2,0
32,15,1272.28,0.51,1,5,netbanking,bank_error,19,2519.58,1,1
44,15,2393.77,0.77,2,89,wallet,network_error,10,925.27,1,0
21,16,1056.41,0.74,0,43,card,bank_error,37,3120.34,1,1
33,20,2852.12,0.83,0,17,card,card_declined,45,3718.26,1,0
47,13,1613.19,0.93,3,89,card,bank_error,34,4670.73,1,0
61,44,1431.59,0.74,1,46,card,bank_error,43,21979.49,2,0
47,42,1015.2,0.49,3,33,card,card_declined,44,6076.5,1,0
53,46,1077.9,0.76,0,69,card,card_declined,21,5654.16,0,1
20,31,1382.36,0.62,0,15,card,network_error,40,6386.26,1,0
39,34,956.46,0.67,2,42,card,insufficient_funds,44,4098.59,1,0
66,29,2389.39,0.98,2,15,upi,card_declined,47,4806.42,0,1
39,3,2029.82,0.73,1,65,card,bank_error,15,5168.32,2,1
67,9,2536.64,0.49,1,63,card,card_declined,22,3434.5,1,0
67,11,529.57,0.67,1,56,card,expired_card,17,8592.38,1,0
66,11,517.54,0.54,1,43,card,network_error,42,5207.78,0,0
29,25,1543.08,0.48,3,82,upi,insufficient_funds,7,7101.3,0,0
38,22,1036.46,0.83,0,70,card,card_declined,25,2333.65,0,0
21,42,1314.47,0.78,0,34,card,bank_error,22,5366.31,0,0
48,58,501.6,0.7,2,66,wallet,network_error,10,13111.89,1,1
61,46,395.21,0.65,1,81,upi,network_error,46,5508.99,2,1
48,9,1290.53,0.59,1,69,upi,expired_card,16,22019.92,2,0
40,20,644.25,0.45,2,20,card,insufficient_funds,13,10963.52,0,0
37,59,1807.81,0.58,1,14,upi,insufficient_funds,43,6220.03,1,1
32,21,712.83,0.9,4,76,wallet,insufficient_funds,35,5576.85,1,1
40,10,589.2,0.87,2,68,card,insufficient_funds,30,3139.46,2,0
45,22,224.38,0.98,2,41,wallet,bank_error,5,20943.88,2,1
33,29,2626.17,0.79,2,59,card,card_declined,39,14315.27,1,0
54,9,1786.99,0.73,1,50,card,insufficient_funds,6,8014.13,1,0
38,5,384.91,0.58,3,74,upi,card_declined,38,2252.3,0,0
32,40,270.91,0.45,1,39,card,expired_card,38,5459.96,3,1
34,11,722.02,0.77,3,30,card,insufficient_funds,20,13173.52,1,0
67,1,2128.4,0.69,0,37,upi,card_declined,39,23556.35,2,0
54,53,758.27,0.86,0,47,upi,insufficient_funds,6,48539.47,2,0
30,42,948.63,0.65,1,45,card,network_error,5,4969.7,1,0
36,1,2193.84,0.99,1,57,card,insufficient_funds,7,11741.1,0,1
47,58,549.06,0.64,1,4,card,expired_card,15,3087.53,0,1
62,54,680.29,0.6,4,6,wallet,insufficient_funds,18,3550.11,0,0
35,39,1278.84,0.92,4,15,upi,insufficient_funds,37,1436.76,2,1
31,46,901.32,0.64,0,45,wallet,bank_error,43,7356.01,1,1
53,5,593.46,0.92,5,82,netbanking,card_declined,27,19581.92,0,0
53,49,1799.16,0.42,2,81,upi,card_declined,23,4861.59,1,0
37,22,1575.75,0.82,2,60,netbanking,insufficient_funds,29,2039.02,0,0
69,26,1963.58,0.44,0,89,upi,card_declined,24,4308.46,0,0
36,53,985.05,0.49,2,28,upi,insufficient_funds,25,5301.11,1,0
62,6,319.7,0.82,2,77,card,bank_error,20,5065.73,0,0
61,32,1104.92,0.57,1,32,upi,expired_card,46,12683.02,0,0
24,48,482.87,0.53,2,48,upi,network_error,21,38268.29,0,0
61,11,265.38,0.88,1,19,upi,expired_card,40,12168.39,1,1
21,10,904.79,0.97,1,31,card,insufficient_funds,40,2953.5,1,0
51,47,1177.6,0.54,3,79,upi,card_declined,2,1643.81,1,0
19,39,3356.97,0.59,1,60,card,insufficient_funds,42,2183.84,1,0
22,55,471.57,0.83,2,44,upi,insufficient_funds,46,18118.15,4,1
27,34,1761.53,0.89,5,23,upi,card_declined,44,3358.35,0,0
49,31,358.08,1.0,2,27,upi,bank_error,20,3263.94,0,0
59,12,2667.98,0.56,2,1,card,network_error,11,18002.87,1,1
58,51,671.52,0.73,2,22,upi,card_declined,2,1225.03,1,0
30,44,867.5,0.48,1,8,card,bank_error,47,3813.06,0,0
56,16,875.32,0.6,2,69,card,card_declined,15,5991.14,0,0
22,38,1865.48,0.43,0,24,card,card_declined,26,26429.84,4,0
27,3,397.29,0.53,4,33,upi,bank_error,3,15844.91,0,0
27,2,968.57,0.7,2,12,card,insufficient_funds,18,9200.85,4,1
55,52,700.0,0.5,3,4,card,insufficient_funds,20,12113.21,0,0
44,5,5108.36,0.93,1,64,upi,card_declined,24,3751.25,2,0
68,11,513.12,0.83,2,79,upi,network_error,16,5473.8,0,0
38,58,179.93,0.42,3,60,card,insufficient_funds,41,2374.25,2,0
25,25,3591.11,0.93,0,9,card,card_declined,23,4007.06,0,1
18,35,1546.79,0.99,3,42,card,insufficient_funds,39,4078.15,2,1
45,35,631.97,0.7,1,53,wallet,bank_error,10,8755.86,1,0
66,22,1072.18,0.59,1,77,upi,bank_error,22,3658.67,0,0
56,37,625.97,0.56,0,74,wallet,insufficient_funds,20,9038.42,0,0
31,22,278.69,0.45,0,60,upi,card_declined,10,11646.14,3,0
38,55,977.51,0.69,3,14,wallet,network_error,26,11664.05,1,0
47,11,972.62,0.43,3,51,card,insufficient_funds,22,4322.8,0,0
38,32,1390.67,0.7,0,65,upi,bank_error,12,2029.25,1,0
66,35,554.96,0.55,4,27,upi,card_declined,7,6401.04,2,0
26,31,637.59,0.69,0,22,card,insufficient_funds,33,23620.9,0,0
34,45,842.53,0.65,0,22,card,card_declined,44,4882.97,0,0
22,53,551.92,0.58,0,64,card,bank_error,18,7556.38,0,0
48,8,2430.21,0.67,2,24,upi,insufficient_funds,44,5164.82,2,0
69,20,1987.01,0.68,1,30,card,insufficient_funds,42,5189.72,1,1
57,42,764.24,0.9,0,40,upi,insufficient_funds,11,17310.36,2,0
55,34,1594.33,0.8,3,81,netbanking,insufficient_funds,12,5922.46,0,0
60,4,460.91,0.66,2,23,netbanking,insufficient_funds,32,3053.32,0,0
36,18,793.98,0.94,0,10,wallet,bank_error,36,6732.34,3,0
53,51,3054.91,0.85,2,33,upi,card_declined,36,10168.29,0,1
67,4,1723.5,0.45,1,72,card,network_error,10,10417.96,3,0
50,20,1342.59,0.49,1,5,card,insufficient_funds,38,1949.28,3,1
30,58,853.22,0.45,0,27,card,insufficient_funds,37,4081.28,1,1
31,9,1064.91,0.59,4,62,card,bank_error,45,18042.66,1,0
50,16,392.34,0.66,1,25,card,insufficient_funds,43,3801.1,0,1
46,26,874.48,0.7,1,66,card,bank_error,41,3849.12,1,0
60,38,1426.85,0.91,0,20,upi,network_error,31,9976.55,1,1
66,25,1076.54,0.41,2,43,upi,card_declined,3,2071.39,0,0
53,4,1076.54,0.66,1,67,upi,insufficient_funds,39,3098.4,3,0
61,41,693.62,0.65,0,58,card,network_error,40,1734.52,2,0
27,59,580.9,0.97,2,41,card,bank_error,43,2888.59,0,1
48,45,544.87,0.54,1,64,upi,insufficient_funds,12,7350.54,1,0
23,41,919.37,0.47,1,46,card,insufficient_funds,16,971.91,0,1
18,38,1833.48,0.49,2,60,upi,expired_card,29,17658.56,0,0
24,53,601.26,0.71,1,15,wallet,network_error,1,7041.37,0,0
44,19,1128.37,0.63,2,27,upi,card_declined,28,3314.56,0,0
38,14,1108.58,0.85,1,58,upi,card_declined,45,1547.66,0,0
45,21,2102.94,0.59,1,24,card,card_declined,8,4047.67,1,0
33,15,1106.95,0.48,3,35,upi,card_declined,34,10708.15,2,0
63,3,387.03,0.63,0,23,upi,insufficient_funds,16,8978.89,1,0
40,37,4853.3,0.93,2,8,netbanking,expired_card,40,13335.89,0,1
69,53,2165.02,0.64,2,86,upi,card_declined,26,8324.79,2,1
37,50,1537.99,0.9,2,16,upi,bank_error,22,8887.97,0,0
55,46,733.0,0.62,1,70,upi,bank_error,25,9289.27,0,0
42,16,877.21,0.57,2,61,upi,insufficient_funds,24,5500.65,0,0
45,14,405.18,0.86,2,58,upi,expired_card,7,7147.41,0,0
22,9,868.17,0.53,1,29,card,bank_error,21,1759.17,0,0
38,47,1240.15,0.54,1,63,card,expired_card,1,3347.97,2,0
35,7,1077.45,0.43,1,26,card,insufficient_funds,2,5376.19,0,0
64,14,3739.81,0.51,0,9,upi,bank_error,17,8332.9,1,1
23,6,1754.06,0.63,3,19,wallet,expired_card,28,8223.34,2,1
46,21,2167.92,0.64,1,71,wallet,card_declined,19,2843.88,0,0
36,15,1600.57,0.65,0,25,upi,network_error,30,6833.65,2,0
50,52,1228.87,0.69,1,24,card,expired_card,47,2507.42,1,1
18,8,1507.74,0.74,1,39,netbanking,insufficient_funds,14,7076.97,0,0
62,34,273.45,0.51,2,47,upi,bank_error,29,6317.49,0,0
20,40,913.92,0.77,1,61,card,bank_error,2,11064.79,0,0
59,1,412.22,0.6,0,29,netbanking,card_declined,11,11753.98,1,0
38,32,480.12,0.84,2,20,upi,expired_card,32,34551.29,1,0
52,58,2528.89,0.73,3,5,netbanking,card_declined,47,891.31,1,0
58,49,516.16,0.73,2,36,card,insufficient_funds,46,2656.42,2,1
57,51,434.17,0.81,5,62,netbanking,bank_error,35,4898.27,0,0
20,5,1440.44,0.6,2,50,upi,insufficient_funds,43,31309.57,1,0
42,30,1045.16,0.66,1,20,card,insufficient_funds,9,2680.26,0,1
62,22,1498.75,0.75,2,11,upi,bank_error,34,3407.93,4,0
55,20,3748.59,0.65,1,85,upi,insufficient_funds,44,4073.63,1,0
62,16,1637.51,0.67,0,20,card,network_error,9,3699.68,4,1
37,7,370.4,0.56,2,6,upi,bank_error,47,6088.85,3,1
69,7,2107.02,0.57,1,45,card,card_declined,9,5904.06,0,0
61,50,940.16,0.82,3,26,upi,insufficient_funds,3,5932.31,2,0
62,50,1233.44,0.4,2,23,upi,insufficient_funds,27,5815.23,0,1
51,2,344.68,0.46,0,5,upi,bank_error,45,14511.32,2,1
38,47,1559.74,0.97,0,25,card,card_declined,21,5705.88,0,1
65,14,440.97,0.51,3,4,card,card_declined,34,1624.35,1,0
40,31,1593.96,0.65,1,10,upi,insufficient_funds,28,4661.48,0,1
23,50,661.16,0.91,2,34,card,bank_error,33,4787.6,0,1
68,41,1818.04,0.4,2,58,upi,card_declined,35,12956.4,0,0
30,14,442.95,0.96,0,8,upi,card_declined,40,9624.61,0,1
66,5,367.77,0.43,0,52,netbanking,network_error,5,10596.31,1,0
40,11,750.72,0.5,0,28,card,expired_card,46,9691.12,3,0
26,40,1321.37,0.42,2,9,upi,insufficient_funds,46,5922.74,0,0
34,5,491.96,0.71,0,34,card,bank_error,41,2508.88,1,0
19,29,1264.82,0.97,0,59,upi,insufficient_funds,31,5095.06,1,1
36,11,2022.49,0.9,1,17,card,insufficient_funds,42,2293.08,0,1
36,5,434.19,0.78,0,33,upi,insufficient_funds,45,877.51,0,0
24,49,1266.18,0.51,0,56,netbanking,insufficient_funds,33,5554.43,2,0
59,54,1600.14,0.92,0,61,card,card_declined,25,10687.98,1,1
59,32,958.13,0.85,1,37,netbanking,insufficient_funds,22,2484.51,1,1
37,36,1035.11,0.56,0,13,upi,insufficient_funds,8,1619.09,0,0
26,15,409.02,0.88,6,29,netbanking,bank_error,9,10135.8,0,0
34,19,1489.53,0.93,4,40,wallet,bank_error,11,12374.23,2,0
44,22,1144.64,0.82,1,55,card,card_declined,31,3482.08,3,1
64,34,1218.61,0.46,4,14,upi,card_declined,29,1714.74,1,0
19,56,4653.02,0.99,1,8,card,insufficient_funds,23,13322.6,0,1
53,17,948.93,0.45,1,32,card,bank_error,37,2779.32,1,1
36,12,1374.52,0.79,0,11,upi,insufficient_funds,20,14133.93,0,1
34,25,2701.81,0.47,2,69,card,network_error,23,2850.12,1,0
22,56,1060.18,0.94,2,50,upi,insufficient_funds,9,8449.07,0,1
56,17,664.08,0.61,1,37,upi,expired_card,46,5214.47,0,0
35,10,1449.34,0.71,2,45,upi,network_error,18,5127.28,0,0
24,28,678.91,0.51,2,69,upi,card_declined,30,5745.12,0,0
34,57,2539.03,0.73,2,66,netbanking,insufficient_funds,26,5829.29,1,1
56,18,1572.31,0.96,2,26,netbanking,expired_card,16,6789.18,1,0
53,51,600.2,0.94,3,30,upi,insufficient_funds,20,3615.94,0,1
57,18,458.05,0.44,1,77,card,insufficient_funds,16,23919.68,2,0
62,45,1223.47,0.63,1,38,upi,insufficient_funds,24,943.94,1,0
21,32,1311.4,0.56,1,27,card,network_error,16,12074.44,0,0
55,14,458.83,0.69,2,81,card,card_declined,32,5822.11,3,0
42,56,1900.78,0.9,3,51,upi,insufficient_funds,38,1534.11,0,0
22,16,1747.04,0.84,1,15,card,card_declined,17,9007.72,1,1
47,50,1392.83,0.61,3,62,upi,card_declined,36,7661.66,0,0
29,58,1863.97,0.63,0,30,netbanking,network_error,42,14585.69,0,0
21,18,548.51,0.79,3,32,wallet,bank_error,24,1817.35,0,0
41,16,571.35,0.52,3,50,wallet,insufficient_funds,25,13736.41,1,0
46,17,914.33,0.46,3,7,card,network_error,15,4098.85,0,0
26,7,703.38,0.55,2,39,card,insufficient_funds,21,3613.65,2,0
21,12,1558.55,0.47,3,61,card,network_error,40,5467.79,2,1
68,34,1927.27,0.61,3,16,upi,network_error,16,16943.94,0,0
41,10,670.19,0.96,0,75,card,network_error,19,9627.32,1,1
31,5,597.37,0.47,0,37,wallet,card_declined,20,4991.03,1,1
22,21,1994.92,0.89,2,53,card,insufficient_funds,38,38126.45,1,1
35,3,551.48,0.72,1,78,card,card_declined,5,13466.73,0,0
59,19,897.95,0.78,0,23,netbanking,insufficient_funds,15,8401.1,0,0
36,45,540.82,0.5,0,59,wallet,card_declined,40,5436.32,3,1
29,44,724.66,0.49,1,28,upi,bank_error,10,2038.8,1,1
35,35,382.04,0.5,1,69,upi,card_declined,11,25131.21,0,0
34,6,2690.61,0.8,4,88,upi,network_error,34,45468.68,0,1
47,14,2227.46,0.85,3,51,card,insufficient_funds,44,11962.71,0,0
41,4,623.33,0.95,0,82,card,insufficient_funds,8,3942.17,1,0
28,45,1516.47,0.64,1,68,upi,card_declined,40,4314.97,1,0
52,51,401.42,0.68,1,87,upi,insufficient_funds,46,3000.29,2,1
40,18,1694.65,0.68,2,73,upi,bank_error,24,9470.58,2,0
34,29,590.63,0.56,0,11,card,expired_card,34,5694.1,1,0
18,35,2571.65,0.6,4,35,card,bank_error,40,2326.99,2,0
32,52,1568.18,0.91,2,11,upi,bank_error,21,6398.29,1,0
49,38,849.05,0.61,3,71,upi,expired_card,2,1988.98,0,0
26,16,824.08,0.92,2,17,upi,expired_card,19,13631.52,0,0
32,20,1213.35,0.58,3,55,netbanking,card_declined,14,16920.68,3,0
45,24,574.36,0.6,3,82,netbanking,insufficient_funds,12,22341.75,1,0
41,35,2410.13,0.74,2,26,card,bank_error,37,6862.75,0,1
52,44,1358.57,0.46,3,47,upi,insufficient_funds,20,3487.57,2,0
39,51,2153.94,0.95,4,26,upi,network_error,20,812.34,1,1
44,19,197.41,0.89,0,57,netbanking,expired_card,31,9273.84,0,0
36,56,1109.05,0.8,3,81,netbanking,network_error,29,5834.94,1,0
62,4,1304.59,0.99,2,74,card,network_error,11,60966.54,1,1
29,33,1093.98,0.41,0,79,card,insufficient_funds,11,11215.49,0,0
37,2,1114.04,0.65,1,48,upi,expired_card,18,4623.9,2,0
18,13,875.86,0.92,0,26,card,bank_error,10,7698.37,0,1
38,58,5324.95,0.66,0,41,card,card_declined,18,10931.54,0,0
66,45,1300.21,0.4,1,28,card,insufficient_funds,9,26775.12,2,1
62,30,1194.8,0.49,1,19,wallet,network_error,6,6359.11,0,1
18,34,2112.44,0.66,3,1,card,card_declined,12,4836.71,0,0
27,30,741.49,0.8,1,34,upi,card_declined,1,1331.61,0,1
64,51,445.21,0.5,1,88,wallet,insufficient_funds,10,6059.46,1,0
49,54,2069.42,0.67,0,41,wallet,network_error,2,5424.22,1,0
56,24,868.31,0.41,1,88,upi,expired_card,45,2749.56,1,0
39,48,2842.69,0.69,1,82,upi,expired_card,41,2495.43,0,0
35,44,2720.6,0.94,0,65,card,bank_error,8,1080.41,1,1
65,33,215.76,0.76,2,74,netbanking,insufficient_funds,25,1831.76,2,0
63,41,1153.59,0.66,0,4,card,bank_error,30,2105.66,0,1
49,49,2330.0,0.5,1,14,card,expired_card,27,2155.25,1,0
44,10,320.96,0.52,2,63,card,expired_card,44,5028.16,2,0
45,18,1416.92,0.45,1,21,card,network_error,13,11611.66,0,0
35,19,1738.07,0.85,3,64,upi,card_declined,32,4891.01,0,0
56,7,1055.39,0.45,0,26,card,card_declined,6,1442.64,0,0
66,57,1060.74,0.63,1,69,card,bank_error,20,3659.33,1,0
46,19,2537.21,0.85,1,79,card,insufficient_funds,14,3391.08,1,0
35,24,385.23,0.83,2,24,netbanking,insufficient_funds,23,17223.1,1,0
61,15,1962.11,0.75,0,10,upi,insufficient_funds,13,4355.89,0,0
25,41,1512.46,0.74,1,81,card,expired_card,24,7468.33,1,0
48,42,2727.67,0.45,1,32,card,bank_error,47,13806.08,1,0
51,23,564.7,0.5,1,73,card,insufficient_funds,10,5936.56,0,1
24,52,3083.12,0.72,2,31,card,insufficient_funds,46,8928.42,2,0
53,52,414.93,0.61,1,15,wallet,insufficient_funds,41,4980.27,1,0
35,4,870.2,0.41,5,50,card,bank_error,10,3461.11,0,0
55,38,485.79,0.88,2,3,upi,insufficient_funds,8,5220.29,0,0
26,4,1821.32,0.79,2,35,card,insufficient_funds,18,5887.63,3,1
26,5,643.32,0.6,1,54,card,insufficient_funds,12,2804.89,2,0
63,41,2426.74,0.46,1,77,netbanking,bank_error,21,6463.11,0,0
25,44,336.41,0.75,0,86,card,insufficient_funds,26,10939.57,1,0
68,23,802.97,0.61,4,71,upi,bank_error,11,3554.2,0,0
52,40,3828.31,0.55,2,84,card,card_declined,11,1059.99,3,0
35,53,643.87,0.83,0,26,upi,card_declined,30,14143.46,1,0
22,37,2302.01,0.6,4,83,netbanking,card_declined,46,4770.27,0,1
31,11,1785.43,0.48,1,35,netbanking,card_declined,1,5851.62,0,0
45,55,439.12,0.69,2,28,card,card_declined,15,21322.49,1,0
47,11,1271.5,0.9,0,16,wallet,bank_error,28,3710.81,1,1
21,13,3197.34,0.91,3,48,upi,card_declined,38,3899.28,1,0
56,14,823.04,0.91,4,81,netbanking,bank_error,5,3457.16,0,0
37,8,676.58,0.65,1,88,card,card_declined,45,19543.67,0,0
42,25,1380.12,0.87,4,69,card,bank_error,41,3402.42,0,0
45,18,943.56,0.91,1,76,upi,expired_card,42,1402.3,1,0
29,51,384.84,0.68,0,22,upi,card_declined,8,4834.69,0,1
19,44,938.92,0.59,0,12,upi,expired_card,38,11005.71,0,1
60,44,780.77,0.82,1,58,card,insufficient_funds,45,2509.02,3,0
31,18,998.42,0.94,0,39,card,insufficient_funds,22,3928.18,0,0
39,10,203.91,0.98,3,36,card,network_error,38,14382.97,1,0
48,7,1415.2,0.57,2,6,card,expired_card,46,6357.53,1,0
40,50,349.41,0.97,1,48,card,network_error,30,1712.9,0,1
65,44,1849.53,0.7,4,8,wallet,card_declined,4,18868.08,0,1
37,14,2322.68,0.58,1,70,card,insufficient_funds,2,1868.44,1,0
55,15,273.16,0.99,0,55,card,card_declined,21,5377.43,1,0
21,16,2714.9,0.93,2,61,upi,network_error,33,13935.17,0,0
32,2,1010.49,0.82,1,83,upi,insufficient_funds,14,4009.79,3,0
41,30,2330.58,0.94,1,89,upi,network_error,16,9163.01,1,0
42,30,2104.44,0.81,2,10,upi,insufficient_funds,28,41774.19,1,0
18,18,398.74,0.66,3,48,card,insufficient_funds,46,2747.7,1,0
24,31,603.56,0.97,2,66,upi,card_declined,41,5932.95,2,1
48,44,3394.63,0.98,2,24,card,insufficient_funds,9,20624.47,3,0
29,48,460.17,0.59,1,28,card,bank_error,34,7888.71,1,0
59,13,1411.84,0.61,1,34,wallet,card_declined,11,10391.26,2,0
22,20,646.05,0.63,1,57,upi,insufficient_funds,19,13771.82,2,1
61,49,582.43,0.89,2,67,upi,bank_error,29,1628.94,1,0
67,50,1082.39,0.87,0,26,card,insufficient_funds,44,12323.96,0,0
59,35,5084.52,0.99,0,63,card,network_error,38,2257.37,0,0
55,23,1877.44,0.68,0,22,upi,card_declined,9,2126.92,1,1
29,42,524.48,0.84,3,36,card,bank_error,7,7319.74,1,0
56,33,1257.42,0.91,1,78,netbanking,insufficient_funds,31,2734.84,0,0
35,38,298.39,0.53,1,37,card,insufficient_funds,3,6756.77,0,0
19,35,226.26,0.77,1,3,upi,insufficient_funds,8,6012.22,0,1
27,51,1234.46,0.73,0,74,upi,network_error,9,2763.0,1,1
32,36,1808.88,0.85,1,64,netbanking,insufficient_funds,15,2299.12,2,0
47,20,3270.55,0.82,4,23,card,card_declined,8,3384.46,1,1
61,55,1423.74,0.89,3,71,card,network_error,17,7082.3,1,0
34,3,1101.55,0.59,2,58,netbanking,insufficient_funds,32,34453.25,2,0
21,8,865.04,0.53,4,12,card,bank_error,23,1630.22,2,1
24,40,1586.78,0.88,2,86,upi,card_declined,1,2029.46,0,0
58,59,468.18,0.62,1,52,card,card_declined,46,10266.55,1,0
48,32,682.12,0.57,1,11,netbanking,card_declined,36,2392.2,0,0
68,29,479.5,0.6,2,9,netbanking,insufficient_funds,7,4750.68,1,0
56,7,759.81,0.44,3,5,upi,card_declined,14,7732.1,1,0
51,2,660.28,0.86,2,70,upi,card_declined,10,10753.52,0,0
23,21,629.71,0.83,1,71,card,insufficient_funds,21,3710.18,1,0
67,6,700.7,0.73,1,18,card,bank_error,34,2009.33,2,0
55,28,1271.01,0.83,1,79,upi,bank_error,35,9260.41,2,1
62,48,2665.9,0.62,0,65,card,card_declined,40,11075.19,0,0
68,42,1341.83,0.58,0,79,card,card_declined,33,5328.76,2,0
51,36,734.15,0.92,1,54,card,card_declined,12,1917.15,3,1
61,32,1490.11,0.65,0,9,card,insufficient_funds,13,16079.08,1,1
32,45,1184.6,0.52,2,71,upi,insufficient_funds,31,10125.26,1,1
31,42,1234.58,0.85,1,60,card,card_declined,15,4314.97,0,0
23,53,1079.01,0.6,1,9,wallet,insufficient_funds,35,5282.84,0,1
67,46,3670.27,0.53,4,44,card,insufficient_funds,9,21926.45,0,0
54,9,1175.16,0.42,1,11,card,insufficient_funds,6,12593.58,0,0
67,11,740.3,0.98,1,3,card,bank_error,37,12136.37,1,0
49,23,636.48,0.68,4,77,upi,insufficient_funds,3,23804.38,0,0
20,50,2061.1,0.5,5,5,card,insufficient_funds,44,11303.0,1,0
20,11,477.93,0.85,0,32,card,card_declined,40,1694.02,0,0
39,49,2835.27,0.93,2,22,card,card_declined,14,1735.4,1,0
39,2,286.67,0.72,1,54,upi,insufficient_funds,14,3905.34,1,0
27,3,2587.37,0.42,1,53,card,bank_error,23,4536.2,0,1
68,11,1916.13,0.62,0,62,card,insufficient_funds,1,3770.38,0,1
20,50,806.18,0.55,1,50,wallet,bank_error,36,6335.77,0,0
29,59,648.63,0.78,1,26,card,insufficient_funds,33,4313.18,2,0
46,35,2598.02,0.71,2,67,card,insufficient_funds,24,2472.7,0,0
65,58,3864.7,0.61,2,54,card,bank_error,26,1243.4,1,0
34,15,713.71,0.79,1,41,card,card_declined,10,4359.62,1,0
24,43,1646.33,0.75,0,8,card,bank_error,39,22747.28,0,1
30,11,2176.88,0.94,0,24,card,expired_card,18,13645.3,1,0
19,31,1672.47,0.76,1,13,upi,insufficient_funds,10,12130.51,1,1
21,28,1139.13,0.7,2,75,card,bank_error,6,7926.32,0,1
27,28,834.74,0.89,1,60,netbanking,insufficient_funds,35,3531.76,1,0
56,32,1332.23,0.52,2,14,card,card_declined,5,8769.52,1,0
41,25,254.68,0.55,1,46,wallet,insufficient_funds,9,4761.44,0,0
34,20,2803.21,0.87,0,5,upi,card_declined,3,5877.94,0,0
69,28,332.04,0.67,3,13,upi,expired_card,47,8661.06,1,1
23,25,609.76,0.65,1,24,netbanking,network_error,8,7485.64,1,0
36,11,865.99,0.93,0,16,upi,card_declined,10,3787.8,0,1
22,19,545.08,0.77,1,29,netbanking,insufficient_funds,43,2904.43,1,0
49,28,497.81,0.88,1,19,card,insufficient_funds,25,16907.52,1,1
27,1,2941.38,0.89,1,81,card,expired_card,36,3848.3,1,0
26,59,3856.26,0.47,1,60,upi,bank_error,3,29360.57,2,0
44,5,3242.05,0.79,0,62,card,bank_error,40,7356.07,0,0
30,10,1968.18,0.97,1,48,upi,insufficient_funds,27,10322.54,2,0
36,42,6156.03,0.69,1,32,card,insufficient_funds,23,3776.35,0,0
38,46,910.13,0.84,2,46,upi,network_error,44,3480.94,1,0
41,34,851.0,0.74,1,81,wallet,network_error,31,818.28,0,0
55,36,1105.32,0.52,1,71,upi,network_error,34,15555.77,1,1
21,2,2981.94,0.52,2,69,card,bank_error,4,3891.08,0,0
41,18,1652.79,0.66,3,88,upi,insufficient_funds,12,5834.87,1,0
52,13,3674.72,0.69,2,56,upi,insufficient_funds,47,4390.64,0,0
20,51,1147.94,0.7,4,33,card,bank_error,37,8369.28,2,0
21,5,384.14,0.97,1,23,card,expired_card,19,3655.53,0,1
54,20,684.53,0.46,4,78,upi,expired_card,17,4379.65,1,0
57,2,2246.91,0.63,0,61,card,card_declined,26,12208.01,1,0
65,11,775.7,0.71,1,4,upi,network_error,23,8240.1,2,0
52,30,1172.34,0.98,0,65,upi,expired_card,25,9264.15,2,1
48,32,1303.4,0.7,0,2,card,network_error,42,2902.89,3,1
61,32,3888.3,0.87,2,58,upi,expired_card,6,18221.31,1,0
42,58,2029.65,0.85,2,73,card,network_error,20,6114.98,0,0
57,50,1769.25,0.74,1,28,upi,bank_error,5,1369.76,0,1
30,38,1224.86,0.48,1,33,card,card_declined,29,9424.81,1,0
21,55,612.99,0.53,2,23,card,insufficient_funds,35,2351.01,0,0
63,28,1299.61,0.54,2,84,upi,insufficient_funds,36,6482.12,2,0
31,10,5029.19,0.42,0,31,upi,bank_error,42,1900.99,2,0
30,22,1570.68,0.63,2,48,card,card_declined,35,6262.98,0,0
44,55,745.46,0.77,0,46,netbanking,insufficient_funds,12,5314.42,1,1
23,17,818.09,0.49,1,45,card,insufficient_funds,26,3683.67,2,1
34,22,2960.29,0.51,0,32,upi,insufficient_funds,47,35744.23,0,0
53,43,755.4,0.82,3,51,card,insufficient_funds,23,2455.26,1,0
57,19,952.83,0.5,0,47,upi,bank_error,45,4069.01,0,0
66,17,493.06,0.48,1,61,upi,card_declined,4,2305.84,1,0
52,24,902.75,0.99,1,50,card,insufficient_funds,8,9551.73,2,0
34,36,1527.07,0.41,1,35,wallet,network_error,27,12865.59,1,1
58,32,891.08,0.6,1,15,upi,network_error,28,8876.23,3,0
19,58,1115.71,0.42,2,79,upi,bank_error,8,7678.75,0,1
30,56,489.29,0.9,2,37,card,expired_card,44,9081.07,3,0
69,58,742.53,0.75,2,56,netbanking,insufficient_funds,14,4165.86,0,0
19,46,4878.17,0.43,0,59,card,bank_error,41,2197.59,1,0
69,59,998.47,0.77,2,25,card,expired_card,6,2409.53,0,0
45,52,1413.82,0.47,1,20,upi,insufficient_funds,41,3297.07,0,0
60,36,625.49,0.7,0,48,card,insufficient_funds,22,12252.96,1,1
43,28,1137.07,0.8,1,86,upi,bank_error,25,4188.15,0,1
39,14,907.37,0.49,0,20,upi,insufficient_funds,8,6458.44,1,0
64,58,2368.95,0.7,2,15,upi,insufficient_funds,39,13402.22,0,0
60,36,2291.49,0.67,0,62,card,card_declined,40,23587.11,0,0
20,6,2467.36,0.95,0,14,upi,network_error,31,9002.6,1,1
52,9,1160.04,1.0,0,21,card,card_declined,4,4288.34,1,0
29,21,4572.86,0.79,1,50,upi,card_declined,18,1512.94,1,0
41,12,1924.94,0.91,0,81,netbanking,insufficient_funds,35,8270.44,1,0
22,58,403.16,0.79,5,69,upi,insufficient_funds,36,7104.34,0,0
37,30,3228.38,0.93,1,15,upi,card_declined,17,5998.38,0,1
56,31,1092.23,0.66,3,63,card,insufficient_funds,43,3206.8,1,0
56,40,2433.11,0.76,2,43,card,card_declined,34,6917.23,1,0
30,56,524.81,0.91,1,27,card,insufficient_funds,40,7402.95,1,1
58,4,1043.3,0.95,2,61,card,card_declined,20,3427.91,0,1
62,31,1853.76,0.41,1,54,card,network_error,30,1377.98,1,0
29,27,1300.86,0.46,0,59,upi,bank_error,10,5171.0,0,1
30,58,987.73,0.96,3,39,card,insufficient_funds,36,11312.01,0,0
27,57,196.2,0.74,1,84,netbanking,bank_error,38,4213.11,0,0
50,25,653.34,0.99,0,35,upi,card_declined,47,4912.69,0,0
57,5,553.33,0.88,2,81,card,bank_error,45,6296.54,1,0
33,6,297.98,0.89,2,9,netbanking,bank_error,32,12836.63,1,1
62,5,667.41,0.63,3,60,netbanking,bank_error,18,2108.05,0,0
52,51,4028.3,0.55,1,62,netbanking,card_declined,33,3566.16,0,0
20,27,2465.95,0.76,1,68,upi,insufficient_funds,15,1498.72,0,0
22,8,611.17,0.93,1,16,upi,card_declined,44,3406.06,0,1
43,9,726.45,0.84,1,16,card,network_error,44,1114.32,0,0
28,15,727.5,0.68,0,32,card,network_error,35,3354.41,1,0
24,36,1861.68,0.85,0,38,upi,network_error,24,14217.93,1,1
27,57,1456.07,0.81,3,39,card,insufficient_funds,31,4118.52,0,0
59,41,666.15,0.95,3,62,netbanking,network_error,32,6046.25,0,1
69,7,722.23,0.56,0,63,wallet,insufficient_funds,33,2365.34,2,0
51,32,2337.65,0.47,0,16,card,expired_card,40,8059.91,1,0
20,8,3187.75,0.68,0,54,card,bank_error,44,5050.22,0,0
25,47,585.44,0.62,1,15,card,expired_card,43,3648.48,0,0
48,51,1010.38,0.98,1,18,upi,network_error,42,13947.39,2,0
28,15,1199.78,0.4,1,4,card,insufficient_funds,36,3526.97,0,1
62,37,960.73,0.96,1,37,card,insufficient_funds,11,14211.58,2,0
24,19,2419.18,0.97,0,40,card,card_declined,32,2605.0,1,0
62,39,985.75,0.43,2,63,card,bank_error,47,10872.21,0,0
19,6,4170.09,0.93,2,68,upi,card_declined,3,14421.46,2,0
23,59,2541.94,0.68,4,17,upi,bank_error,8,1346.95,1,0
58,19,678.27,0.86,2,81,upi,insufficient_funds,33,795.26,1,0
49,57,1149.16,0.45,1,48,wallet,network_error,39,10020.48,1,0
37,28,553.58,0.97,2,19,upi,expired_card,19,4941.34,1,1
51,17,833.76,0.76,2,86,netbanking,card_declined,35,8812.29,2,0
67,42,2017.23,0.94,1,39,wallet,expired_card,41,3020.82,1,1
33,19,1302.47,0.8,1,65,card,expired_card,45,17975.55,0,0
42,31,4811.51,0.72,2,53,card,card_declined,8,9940.56,1,0
29,11,466.21,0.5,2,18,upi,bank_error,26,8416.18,1,0
24,15,1071.62,0.51,0,39,card,card_declined,19,3300.28,1,0
56,10,769.67,0.68,2,60,upi,card_declined,44,5116.04,0,0
34,43,878.94,0.92,1,77,upi,card_declined,9,10512.9,0,0
62,23,1129.28,0.47,3,35,card,insufficient_funds,38,4954.27,1,1
28,3,682.76,1.0,0,73,upi,card_declined,35,5587.71,0,0
23,3,2144.23,0.93,2,81,card,card_declined,7,2606.72,1,0
40,18,3736.81,0.64,3,34,card,insufficient_funds,4,4857.93,2,0
44,25,213.82,0.55,2,15,upi,network_error,6,3214.3,2,0
63,43,2907.45,0.95,0,73,card,card_declined,34,2313.47,0,1
23,20,6385.3,0.47,2,19,upi,bank_error,16,16483.64,2,1
55,58,1252.38,0.61,3,75,upi,card_declined,10,8234.28,2,0
19,29,715.2,0.45,5,88,card,card_declined,36,2827.56,0,0
39,22,734.71,0.97,1,85,card,bank_error,14,11489.74,1,1
37,50,884.08,0.77,1,63,upi,card_declined,7,1359.26,1,0
42,57,1482.2,0.6,0,82,upi,insufficient_funds,2,1360.75,0,0
32,15,813.06,0.57,1,26,upi,bank_error,31,3746.79,0,1
66,39,1037.01,0.67,1,49,netbanking,bank_error,29,13878.46,1,0
46,10,561.64,0.45,3,4,card,insufficient_funds,17,10150.78,1,0
25,21,796.51,0.93,1,66,card,bank_error,16,1820.09,0,0
54,55,821.76,0.71,0,17,upi,card_declined,7,5341.42,1,0
66,52,1069.58,0.84,2,1,upi,insufficient_funds,15,17313.53,0,1
69,29,395.97,0.54,0,77,card,card_declined,28,4790.58,1,0
50,32,870.53,0.7,4,74,card,bank_error,46,8693.37,0,0
39,10,943.75,0.53,2,81,upi,card_declined,6,10252.39,0,0
67,13,1248.06,0.89,1,85,upi,network_error,45,11243.91,1,1
64,47,2918.95,0.87,4,9,upi,insufficient_funds,6,6007.37,1,0
22,23,1021.53,0.49,4,10,netbanking,bank_error,27,8443.65,1,0
56,50,467.74,0.44,0,49,card,insufficient_funds,34,23086.04,0,0
35,23,1202.85,0.89,3,48,upi,insufficient_funds,14,14010.92,1,0
55,31,667.71,0.47,1,48,upi,bank_error,41,3657.06,0,0
54,4,655.72,0.73,2,15,wallet,bank_error,17,2608.79,2,1
47,52,891.46,0.72,0,45,wallet,network_error,10,2311.87,2,0
68,49,762.33,0.52,3,2,upi,insufficient_funds,2,6454.57,1,0
48,3,520.33,0.75,3,58,card,card_declined,14,1274.06,0,0
27,21,780.83,0.7,3,38,upi,bank_error,21,2830.02,0,0
32,53,1508.68,0.71,1,3,upi,network_error,35,6072.05,1,1
59,2,1128.2,0.62,3,88,card,insufficient_funds,28,13177.31,0,0
65,4,547.37,0.9,2,59,card,bank_error,36,16161.38,1,0
61,1,600.46,0.45,0,63,wallet,bank_error,41,3209.96,0,0
35,15,1195.45,0.66,2,43,card,card_declined,45,9497.21,1,1
40,57,549.48,0.56,3,4,card,bank_error,20,2359.51,1,0
50,33,585.37,0.91,0,43,wallet,insufficient_funds,7,10877.77,1,0
33,6,735.31,0.54,8,61,card,card_declined,22,8018.2,3,0
55,7,555.41,0.86,3,86,card,insufficient_funds,45,15380.12,2,0
52,19,1176.75,0.77,0,49,wallet,bank_error,28,20740.44,0,0
51,44,884.15,0.92,2,64,card,bank_error,20,1964.16,0,1
45,1,2930.62,0.76,1,20,upi,bank_error,32,3470.5,1,0
19,39,486.25,0.73,1,85,upi,card_declined,19,7571.02,1,0
47,19,2454.17,0.88,5,45,netbanking,card_declined,28,2934.93,0,0
30,45,1294.83,0.74,0,17,card,bank_error,25,10552.74,0,0
58,26,3114.23,0.91,1,66,card,expired_card,22,4809.45,0,0
33,44,2832.04,0.43,2,22,upi,insufficient_funds,2,16332.41,1,0
22,12,813.26,0.7,2,50,card,insufficient_funds,21,4101.59,1,1
45,22,409.03,0.89,2,70,card,bank_error,6,5576.19,0,1
56,13,989.02,0.91,1,25,card,card_declined,33,8028.74,1,0
62,28,274.88,0.9,3,2,wallet,insufficient_funds,42,501.87,1,1
37,14,1740.21,0.76,0,43,card,expired_card,46,7774.14,1,1
41,22,1219.38,1.0,2,17,card,bank_error,3,2249.18,1,0
44,30,721.08,0.51,1,73,card,insufficient_funds,24,5423.62,1,0
47,44,800.56,0.5,0,20,upi,insufficient_funds,12,2631.54,2,0
62,20,536.21,0.42,2,37,card,bank_error,5,1695.57,1,0
44,44,1072.34,0.99,3,52,upi,insufficient_funds,22,3680.25,3,1
43,27,547.65,0.61,0,79,netbanking,bank_error,20,7585.4,0,0
24,38,1068.51,0.86,1,26,card,insufficient_funds,33,8618.04,1,1
59,59,1404.13,0.44,5,25,card,insufficient_funds,4,2451.56,0,0
64,42,1728.52,0.58,2,64,card,bank_error,26,1443.87,1,0
55,52,1497.91,0.77,4,31,card,insufficient_funds,16,2607.89,0,0
22,56,890.03,0.71,1,30,upi,insufficient_funds,20,2863.3,1,1
40,41,1496.48,0.52,1,10,card,bank_error,36,3404.97,0,0
45,34,1205.42,0.68,0,38,upi,card_declined,19,3717.34,2,0
51,39,1198.44,0.47,0,85,netbanking,card_declined,31,13611.06,0,0
32,41,534.58,0.73,2,88,card,expired_card,44,2107.45,1,0
49,57,457.69,0.46,2,28,netbanking,bank_error,3,10046.65,0,0
43,44,1313.66,0.78,1,24,card,bank_error,15,2132.97,1,1
65,37,1541.39,0.49,0,29,upi,insufficient_funds,11,2767.12,0,0
48,1,709.99,0.73,0,81,card,network_error,16,12607.08,0,1
36,54,2494.81,0.48,4,88,card,network_error,47,5343.96,2,0
26,15,5163.59,0.64,5,17,card,insufficient_funds,39,4146.33,0,0
46,32,3742.32,0.61,4,70,card,network_error,41,3499.3,1,0
68,8,909.91,0.85,1,64,wallet,insufficient_funds,43,2856.49,0,1
56,33,809.89,0.78,2,31,card,card_declined,47,9043.79,0,0
21,18,1902.23,0.96,1,57,netbanking,insufficient_funds,1,5614.66,1,0
20,45,1763.76,0.95,1,20,wallet,network_error,32,2550.09,1,1
46,29,503.1,0.83,1,46,card,insufficient_funds,8,10153.05,1,1
69,32,925.61,0.86,1,2,upi,expired_card,19,3675.91,0,1
28,33,1742.52,0.77,1,82,upi,insufficient_funds,26,13455.29,0,0
50,5,585.58,0.81,4,50,upi,expired_card,41,3465.22,0,0
55,18,651.15,0.77,0,60,card,insufficient_funds,21,2559.28,0,0
28,48,723.73,0.59,0,86,card,card_declined,22,3427.76,1,0
44,58,829.25,0.61,1,41,card,network_error,46,12070.45,1,1
50,10,365.59,0.74,1,76,netbanking,insufficient_funds,11,6036.03,1,0
38,36,1781.2,0.83,3,70,card,expired_card,7,4666.74,1,1
56,33,655.96,0.64,2,17,upi,bank_error,6,2780.52,0,0
48,23,1263.53,0.49,1,78,card,card_declined,25,89130.83,1,0
55,40,1172.11,0.68,1,10,upi,insufficient_funds,32,6874.65,1,1
63,5,540.12,0.98,0,67,netbanking,card_declined,33,17604.84,1,0
19,34,318.51,0.53,0,42,card,bank_error,31,9642.93,1,0
44,24,1167.23,0.79,0,79,card,network_error,16,2353.4,1,1
53,17,808.33,0.99,1,16,upi,expired_card,36,9709.54,2,1
28,31,1508.46,0.63,0,38,wallet,expired_card,17,4929.44,0,0
64,7,1936.34,0.93,1,14,upi,bank_error,45,5913.06,1,1
35,17,263.19,0.92,2,36,upi,insufficient_funds,26,10694.16,0,0
18,28,932.86,0.6,1,13,upi,network_error,23,11052.43,0,0
52,38,2273.84,0.46,0,59,card,bank_error,36,1892.88,1,1
52,22,2999.17,0.51,1,27,upi,expired_card,45,3698.23,0,0
48,15,304.11,0.62,1,8,card,insufficient_funds,47,14443.24,0,0
45,37,2456.22,0.98,0,87,upi,bank_error,11,1839.3,3,0
56,15,540.96,0.56,5,53,upi,insufficient_funds,42,7325.26,0,0
18,50,1797.51,0.96,1,75,wallet,card_declined,30,5108.32,0,0
42,50,746.77,0.51,1,5,wallet,insufficient_funds,25,1863.22,2,0
60,25,1849.52,0.98,0,5,card,bank_error,34,2877.78,2,1
55,53,851.3,0.58,5,89,upi,insufficient_funds,44,7894.62,1,0
37,21,400.64,0.78,2,82,upi,bank_error,21,3202.0,0,0
20,55,729.97,0.44,2,48,upi,card_declined,2,11465.65,1,0
68,38,1600.59,0.58,2,24,card,expired_card,3,3317.26,1,0
19,2,815.92,0.53,2,73,card,insufficient_funds,5,8390.1,0,0
35,27,517.37,0.4,2,75,card,card_declined,45,1260.81,1,0
61,49,450.35,0.49,2,78,upi,insufficient_funds,2,4179.25,1,0
27,32,622.31,0.76,1,42,card,bank_error,31,3550.23,2,1
22,21,618.56,0.63,0,9,upi,card_declined,23,5563.71,1,1
26,4,1639.17,0.83,1,64,card,expired_card,14,17378.29,1,0
19,44,831.55,0.8,4,69,card,bank_error,18,7483.64,2,0
51,19,889.73,0.88,1,11,card,insufficient_funds,11,3019.53,1,1
55,2,966.92,0.92,1,9,upi,card_declined,15,2795.84,1,1
48,26,1600.5,0.89,3,77,upi,insufficient_funds,21,3045.77,0,0
27,34,1713.03,0.67,0,61,card,insufficient_funds,5,17690.39,0,0
67,14,758.37,0.59,2,83,card,network_error,3,1964.54,0,0
29,15,911.62,0.7,1,72,upi,insufficient_funds,18,22851.38,1,0
53,20,1719.41,0.72,0,55,wallet,card_declined,8,1261.35,2,0
38,34,673.79,0.59,2,68,upi,insufficient_funds,38,2825.06,3,1
66,36,747.54,0.72,1,25,netbanking,insufficient_funds,26,20079.84,1,0
64,19,1716.91,0.46,0,71,wallet,card_declined,32,16402.14,1,0
23,9,733.79,0.54,2,56,netbanking,network_error,13,4957.8,0,0
65,7,1304.14,0.85,1,27,wallet,insufficient_funds,10,18465.42,1,1
66,30,362.95,0.51,0,23,upi,card_declined,1,12447.8,2,1
20,13,1650.16,0.48,0,40,netbanking,network_error,42,5799.65,0,0
27,27,952.8,0.57,0,58,upi,network_error,11,5011.85,0,1
22,44,1457.93,0.62,1,36,card,bank_error,5,3098.49,1,1
63,35,2400.84,0.6,0,74,wallet,bank_error,1,6651.26,2,0
43,13,868.19,0.62,1,32,card,network_error,1,2671.51,0,1
38,15,374.82,0.48,2,23,wallet,card_declined,19,4269.84,0,0
62,46,851.23,0.5,4,40,card,insufficient_funds,5,10262.29,0,0
43,56,2566.24,0.54,1,48,card,insufficient_funds,12,1643.32,0,0
55,9,1235.08,0.64,2,24,netbanking,network_error,28,15360.91,0,1
61,45,520.55,0.6,1,85,card,bank_error,37,7425.34,0,0
43,23,957.55,0.87,0,39,upi,insufficient_funds,23,16027.94,1,1
25,54,1542.97,0.72,3,40,card,insufficient_funds,5,1937.64,0,1
22,36,1004.41,0.75,2,29,wallet,card_declined,23,6668.77,3,1
32,53,985.48,0.74,3,45,upi,insufficient_funds,24,3746.25,0,1
33,40,665.42,0.64,2,34,card,network_error,17,1973.16,3,0
18,3,703.88,0.99,1,15,card,insufficient_funds,4,2172.42,1,0
33,34,1281.42,0.42,4,70,upi,bank_error,17,7880.51,1,0
54,19,1548.02,0.53,0,89,wallet,bank_error,30,2972.51,1,0
20,28,971.35,0.57,0,82,upi,insufficient_funds,44,9852.63,1,0
69,23,776.06,0.93,3,71,card,insufficient_funds,25,4372.37,2,0
64,40,1862.09,0.95,4,2,wallet,bank_error,17,15249.11,2,1
48,49,815.19,0.91,1,1,wallet,bank_error,14,743.71,0,0
30,45,1342.81,0.65,1,54,upi,bank_error,23,3562.77,3,1
33,7,1592.58,0.95,2,2,upi,card_declined,24,9385.15,4,1
60,41,452.66,0.46,1,36,card,insufficient_funds,17,2047.7,1,1
38,12,1209.32,0.79,0,68,card,network_error,46,3968.09,1,0
19,14,165.96,0.96,0,28,wallet,bank_error,17,4922.0,0,1
44,46,1020.8,0.85,2,87,card,insufficient_funds,14,11924.53,2,0
55,15,1645.25,0.57,2,20,card,bank_error,15,2713.57,0,0
43,3,1388.31,0.83,0,37,upi,card_declined,19,11248.3,3,1
55,15,1919.85,0.58,1,59,card,insufficient_funds,5,1969.53,2,0
63,51,1401.53,0.47,1,44,netbanking,card_declined,17,8220.99,0,0
42,24,750.22,0.83,4,12,card,card_declined,33,2709.92,2,1
28,52,373.36,0.51,1,32,upi,insufficient_funds,39,4375.56,2,1
25,46,1187.03,0.47,4,38,upi,card_declined,6,4831.58,2,0
25,8,1533.28,0.73,4,31,netbanking,network_error,25,10497.71,2,0
50,5,320.45,0.77,3,18,card,expired_card,47,21782.91,0,0
24,51,1454.95,0.43,1,29,card,insufficient_funds,17,7883.26,0,0
55,4,1166.1,0.4,3,51,upi,bank_error,33,5288.1,3,0
38,14,849.56,0.93,0,29,upi,insufficient_funds,11,9298.95,1,0
25,16,1491.94,0.47,5,63,card,network_error,33,4020.77,1,0
68,20,904.37,0.75,2,81,card,network_error,28,7616.65,0,1
38,24,864.69,0.97,2,20,card,bank_error,42,52034.38,0,1
37,6,450.38,0.71,4,31,card,insufficient_funds,41,6172.73,1,0
25,55,1455.79,0.48,0,31,upi,insufficient_funds,5,9461.47,0,0
63,57,439.55,0.64,0,58,upi,insufficient_funds,21,741.03,1,0
48,31,679.35,0.77,0,85,upi,card_declined,30,6991.13,1,0
67,6,1508.78,0.86,3,7,card,card_declined,46,3478.22,1,0
46,35,975.31,0.76,3,12,wallet,insufficient_funds,26,5558.9,1,1
65,15,3627.7,0.42,3,87,netbanking,card_declined,3,3555.06,1,0
26,29,1660.71,0.49,3,61,card,insufficient_funds,21,4005.35,1,0
32,3,1855.55,0.62,3,43,card,insufficient_funds,12,2344.07,0,0
47,11,1993.72,0.82,0,49,upi,insufficient_funds,7,4965.29,0,0
43,3,926.19,0.75,2,40,upi,bank_error,26,3046.64,2,0
27,28,755.75,0.43,1,70,upi,card_declined,44,10031.41,0,0
46,10,468.86,0.88,0,32,upi,insufficient_funds,39,1463.3,1,0
33,50,396.43,0.76,3,63,card,card_declined,13,11998.48,1,1
53,33,2448.34,0.93,1,15,card,insufficient_funds,14,2221.51,3,0
37,48,709.42,0.65,1,84,card,card_declined,25,14505.58,0,0
62,16,2050.3,0.69,3,12,wallet,insufficient_funds,17,3607.16,0,0
54,59,391.38,0.64,2,26,netbanking,card_declined,16,755.08,2,0
39,10,965.02,0.83,0,30,wallet,bank_error,28,2296.29,0,1
24,33,2663.49,0.85,2,30,card,insufficient_funds,40,3269.99,0,1
40,36,1321.15,0.83,2,77,upi,card_declined,41,22661.36,1,0
58,3,1345.81,0.57,1,62,upi,network_error,18,2726.63,0,1
57,5,727.48,0.78,2,43,card,bank_error,4,11115.96,0,0
46,12,582.96,0.6,1,22,upi,bank_error,40,3108.09,1,0
33,57,1062.66,0.9,3,17,upi,insufficient_funds,17,3271.54,0,0
55,44,498.71,0.43,1,23,wallet,bank_error,33,7692.7,2,1
45,13,1017.17,0.42,2,25,card,card_declined,39,8492.62,1,0
65,24,2179.53,0.46,1,70,upi,bank_error,24,4043.43,1,0
55,44,451.72,0.52,3,37,wallet,insufficient_funds,19,6537.3,1,1
48,57,1719.05,0.42,1,57,upi,insufficient_funds,42,1591.55,1,0
31,32,2202.03,0.44,1,85,card,insufficient_funds,46,14149.72,0,0
50,16,914.01,0.58,2,70,card,insufficient_funds,34,1430.08,0,0
26,32,1122.55,0.46,3,22,wallet,bank_error,30,3556.72,1,1
44,45,783.96,0.88,1,81,card,insufficient_funds,31,5972.27,1,0
41,37,882.69,0.43,2,75,wallet,insufficient_funds,2,10639.73,2,0
30,56,1944.35,0.94,3,4,card,insufficient_funds,41,2460.89,1,1
43,36,1821.65,0.92,1,58,netbanking,insufficient_funds,15,1609.49,1,1
46,21,1444.34,0.53,0,44,upi,insufficient_funds,46,10665.25,0,0
68,47,1678.31,0.44,4,74,wallet,card_declined,10,6996.76,0,0
66,12,1261.45,0.46,1,17,card,bank_error,6,8519.11,2,0
60,51,464.61,0.74,4,18,netbanking,card_declined,33,9543.42,1,0
45,21,2309.53,0.76,0,53,card,bank_error,23,7674.97,0,1
45,51,586.72,0.59,1,19,upi,network_error,42,4233.85,0,0
25,21,1022.39,0.58,2,86,netbanking,insufficient_funds,5,6535.32,0,0
40,43,1992.76,0.72,3,61,card,network_error,40,2089.37,0,1
46,53,411.22,0.58,0,57,upi,bank_error,31,20403.46,1,1
22,6,1697.95,0.96,1,79,card,network_error,14,2875.8,0,0
59,9,476.05,0.63,0,44,upi,card_declined,6,3068.94,0,0
24,1,1662.9,0.53,0,19,upi,network_error,33,5055.24,0,1
59,12,2544.95,0.49,3,25,card,bank_error,45,7522.09,2,1
53,58,654.41,0.78,2,37,card,network_error,32,3913.48,0,1
58,14,597.46,0.6,0,18,card,card_declined,12,18523.32,2,0
44,6,1156.58,0.51,2,58,card,insufficient_funds,39,8719.74,0,1
63,1,584.46,0.57,1,12,card,insufficient_funds,45,2508.38,1,0
19,22,238.87,0.58,1,32,upi,network_error,22,11734.93,0,1
42,34,1077.38,0.78,0,26,upi,network_error,14,4347.4,0,0
26,56,1386.56,0.5,0,26,upi,insufficient_funds,35,4633.59,1,1
44,11,871.38,0.84,2,47,upi,expired_card,24,22841.13,0,0
18,3,1186.97,0.58,2,42,upi,insufficient_funds,35,996.94,3,0
40,42,2285.22,0.69,0,89,card,card_declined,15,9781.99,1,0
27,6,853.62,0.79,2,51,netbanking,insufficient_funds,13,2855.48,0,0
59,6,935.76,0.73,0,41,card,network_error,40,6077.13,0,1
69,20,1081.59,0.8,0,78,card,insufficient_funds,46,1401.3,0,1
42,21,880.26,0.59,2,65,card,bank_error,21,9091.86,1,0
20,2,880.42,0.98,1,61,upi,bank_error,3,7052.2,0,0
23,26,3626.51,0.68,2,75,card,insufficient_funds,8,12034.22,2,0
23,31,1197.53,0.59,1,35,card,insufficient_funds,14,15527.02,0,0
19,26,890.9,0.58,0,85,card,card_declined,44,8078.53,0,0
35,56,2890.0,0.43,0,22,card,network_error,43,3701.34,2,0
40,32,2344.38,0.81,0,69,upi,card_declined,10,2765.08,0,0
19,10,1697.63,0.56,2,40,upi,card_declined,33,976.71,1,0
29,23,715.66,0.98,1,54,card,insufficient_funds,8,5181.47,4,1
39,58,7425.34,0.53,1,82,card,card_declined,4,3772.49,0,1
54,6,366.49,0.72,4,37,upi,card_declined,9,2859.84,3,0
37,23,315.19,0.84,1,44,wallet,bank_error,1,1936.79,1,1
56,28,1433.73,0.92,6,29,upi,bank_error,23,4402.89,0,0
41,49,854.2,0.49,3,82,upi,expired_card,13,3137.48,1,0
65,30,193.65,0.99,0,12,upi,network_error,29,5825.25,1,1
37,14,993.71,0.94,3,21,card,card_declined,44,3911.33,0,0
18,37,1158.89,0.98,2,40,wallet,bank_error,30,9435.12,0,0
18,55,974.79,0.91,1,30,card,card_declined,39,1896.27,0,1
34,32,1355.0,0.93,2,64,upi,network_error,23,3093.17,1,0
18,49,789.31,0.76,0,41,wallet,insufficient_funds,21,13627.28,0,0
69,34,995.21,0.91,0,79,card,expired_card,39,4649.46,0,0
62,41,2739.94,0.72,5,47,card,card_declined,13,13656.05,1,0
47,44,2145.62,0.72,2,4,upi,bank_error,31,6540.81,2,1
58,51,947.63,0.74,3,28,upi,network_error,13,5279.12,0,0
64,22,1609.63,1.0,0,48,wallet,insufficient_funds,26,6422.8,1,0
20,31,2021.38,0.46,1,57,upi,bank_error,24,3238.47,1,0
63,7,568.9,0.88,3,16,card,card_declined,25,2438.79,0,0
28,41,1382.01,0.56,2,12,upi,insufficient_funds,47,12230.2,1,0
41,21,1223.44,0.62,0,55,upi,card_declined,4,8281.22,1,0
39,16,1737.74,0.45,2,36,upi,insufficient_funds,21,10390.91,0,0
61,20,566.35,0.61,0,15,card,insufficient_funds,7,21282.85,1,1
62,43,1070.7,0.99,2,19,upi,card_declined,6,4889.54,4,0
43,44,646.76,0.64,1,18,wallet,bank_error,6,9281.31,1,0
30,47,1383.58,0.8,3,75,upi,insufficient_funds,43,1820.37,1,0
18,50,615.45,0.47,2,28,card,bank_error,39,11873.24,0,1
41,19,748.66,0.95,1,56,card,expired_card,31,1641.56,2,0
27,48,1194.93,0.9,2,23,card,bank_error,9,3105.76,0,1
52,32,567.83,0.63,1,79,upi,expired_card,2,3113.82,0,0
41,15,353.88,0.61,0,11,upi,network_error,21,7750.24,0,1
45,5,2269.75,0.66,3,43,card,insufficient_funds,7,3650.28,1,0
53,11,698.98,0.64,1,85,upi,network_error,1,4013.2,1,1
33,15,411.64,0.55,3,45,netbanking,card_declined,7,3837.78,0,0
57,29,504.7,0.99,3,39,card,insufficient_funds,9,5635.45,0,0
33,50,1022.67,0.89,1,79,card,bank_error,25,5596.63,0,1
34,45,3307.53,0.56,0,81,upi,card_declined,13,3112.72,3,1
68,4,994.47,0.99,0,89,upi,expired_card,31,8309.23,1,0
32,49,1649.14,0.41,1,24,netbanking,card_declined,6,4217.2,1,0
33,36,838.04,0.66,2,45,upi,network_error,46,4879.07,0,1
32,48,1249.0,0.74,2,36,card,expired_card,14,11494.15,0,0
51,23,948.91,0.42,1,4,wallet,insufficient_funds,30,5320.84,0,0
28,15,1634.45,0.5,1,65,upi,bank_error,22,2542.95,2,0
18,46,496.31,0.55,1,56,card,card_declined,4,3480.14,0,1
32,44,1155.91,0.83,3,11,wallet,expired_card,29,14083.97,0,0
43,3,1221.2,0.96,2,85,wallet,card_declined,2,2383.72,1,0
68,32,1446.84,0.77,3,25,card,expired_card,30,3451.5,1,1
21,10,427.49,0.74,1,50,netbanking,insufficient_funds,24,11775.17,0,0
60,40,785.9,0.72,3,52,card,bank_error,16,4142.75,1,0
22,38,1670.21,0.61,1,6,card,expired_card,25,6965.47,2,0
52,22,1284.44,0.9,1,46,card,network_error,1,3036.02,0,0
30,14,3691.1,0.72,2,70,card,card_declined,12,5090.38,0,0
27,17,757.07,0.54,3,86,upi,bank_error,39,2162.85,0,0
28,21,272.86,0.48,3,15,upi,expired_card,16,6482.22,1,0
35,51,791.21,0.99,0,61,wallet,card_declined,27,7558.63,0,1
51,48,170.14,0.41,2,33,card,insufficient_funds,29,5460.25,2,1
56,15,1792.75,0.96,2,81,upi,insufficient_funds,29,2221.05,0,1
58,58,1094.2,0.53,1,12,upi,card_declined,4,9573.32,1,1
59,15,1449.27,0.79,1,31,upi,expired_card,38,6935.11,0,0
67,1,1620.24,0.58,2,34,upi,expired_card,44,15602.06,0,0
40,24,2270.94,0.92,0,32,upi,card_declined,32,2393.91,2,1
24,55,178.81,0.73,2,23,upi,insufficient_funds,45,1912.44,3,1
56,55,262.59,0.48,3,69,wallet,insufficient_funds,44,3291.88,0,0
20,12,646.27,0.56,1,40,netbanking,insufficient_funds,41,14009.01,0,0
29,10,886.49,0.59,0,66,upi,insufficient_funds,4,92119.43,0,0
24,46,1261.05,0.93,6,31,card,insufficient_funds,34,3422.58,1,0
66,42,1196.75,0.86,4,12,wallet,network_error,34,19558.72,1,1
43,42,1240.09,0.9,2,42,upi,network_error,2,3319.32,1,0
50,52,367.19,0.43,1,20,netbanking,bank_error,28,3211.97,2,0
54,31,628.69,0.75,0,14,card,expired_card,47,8420.22,0,0
65,11,875.07,1.0,2,75,netbanking,insufficient_funds,1,3086.09,0,0
32,54,986.84,0.87,1,60,upi,expired_card,23,2854.69,0,0
19,16,772.55,0.47,1,2,upi,insufficient_funds,38,5663.4,1,1
58,9,1310.34,0.81,2,31,card,bank_error,37,5778.65,0,0
24,47,493.31,0.85,3,55,upi,network_error,19,23350.08,1,1
49,14,782.26,0.71,0,35,card,insufficient_funds,27,1249.3,1,0
21,19,1559.44,0.45,2,27,card,card_declined,43,8538.74,2,0
37,31,1265.37,0.42,0,5,card,bank_error,12,4941.94,1,1
67,9,844.41,0.96,0,75,card,bank_error,1,3625.07,2,0
53,36,857.93,0.55,0,51,card,insufficient_funds,13,19468.41,0,1
49,53,785.83,0.63,3,16,upi,card_declined,47,12106.65,0,0
45,39,867.38,0.88,1,40,netbanking,bank_error,1,23103.67,1,1
30,54,770.73,0.81,2,88,card,bank_error,45,1124.59,0,0
18,26,849.73,0.98,1,68,netbanking,bank_error,10,878.27,0,0
52,8,1348.83,0.46,5,76,upi,bank_error,14,8784.13,1,0
65,24,1329.28,0.82,2,82,wallet,card_declined,40,3902.92,0,0
47,8,437.44,0.45,0,78,card,bank_error,22,14222.34,0,0
53,19,3843.87,0.4,2,81,card,card_declined,46,3110.37,0,0
42,47,749.79,0.47,1,44,netbanking,bank_error,37,3845.0,1,0
33,48,1522.66,0.77,1,41,card,card_declined,20,720.97,0,1
36,30,517.93,0.81,1,16,upi,network_error,47,5008.83,1,1
18,58,3052.98,0.66,1,42,upi,card_declined,28,3144.77,0,0
22,22,1598.36,0.43,1,20,netbanking,bank_error,12,3641.57,0,0
68,55,1433.29,0.78,2,62,card,insufficient_funds,16,6514.2,1,1
39,9,967.56,0.45,3,28,upi,bank_error,1,7010.31,0,0
41,58,302.46,0.49,1,60,card,card_declined,18,13368.45,1,1
60,58,3512.12,0.71,1,41,card,card_declined,4,5394.01,2,0
62,44,1993.37,0.6,1,1,card,bank_error,6,1009.26,1,0
69,48,875.65,0.68,0,16,wallet,network_error,44,6657.91,2,0
54,4,1533.04,0.78,3,4,card,bank_error,35,2805.76,1,1
53,37,438.15,0.5,1,54,upi,card_declined,12,2863.13,2,0
53,8,288.71,0.94,1,29,upi,network_error,27,26803.46,2,1
21,1,1109.33,0.74,1,72,upi,bank_error,29,2870.83,1,1
53,28,627.5,0.41,2,66,upi,bank_error,43,1106.97,0,0
69,6,782.25,0.78,1,24,upi,insufficient_funds,17,3864.89,2,1
35,47,1056.92,0.68,6,41,card,card_declined,37,6278.65,0,0
67,36,477.66,0.82,1,63,upi,network_error,40,4665.9,0,1
33,53,1036.77,0.87,4,56,upi,bank_error,27,5193.52,2,0
58,11,506.28,0.96,0,14,card,network_error,6,6915.68,0,1
35,5,2227.71,1.0,4,53,netbanking,expired_card,36,2486.25,0,0
39,50,1022.25,0.73,3,44,upi,insufficient_funds,45,4032.13,0,0
19,24,1586.51,0.74,1,43,upi,card_declined,7,13152.72,0,0
38,47,317.09,0.41,2,1,upi,insufficient_funds,43,5753.26,0,0
53,18,1657.11,0.92,1,11,card,insufficient_funds,20,5442.5,1,0
61,20,3127.71,0.42,1,20,netbanking,insufficient_funds,10,664.68,1,0
56,28,1190.74,0.78,2,79,card,insufficient_funds,15,17500.82,0,0
64,13,1580.5,0.46,2,21,card,bank_error,15,2606.92,1,0
56,5,928.29,0.57,4,87,netbanking,insufficient_funds,23,9287.74,3,0
46,30,1426.1,0.48,1,73,upi,network_error,10,49695.96,1,0
43,1,3363.8,0.48,1,20,card,insufficient_funds,4,7054.13,1,1
38,22,5283.69,0.44,2,17,upi,bank_error,33,1642.8,2,1
34,18,1369.26,0.59,1,63,wallet,network_error,12,22510.81,0,0
33,46,537.12,0.65,1,79,card,insufficient_funds,9,4722.67,1,0
48,5,1696.49,0.68,1,5,card,insufficient_funds,27,1575.83,1,0
68,31,461.12,0.66,2,46,upi,insufficient_funds,11,10198.29,1,0
26,6,708.33,0.71,0,52,card,network_error,32,13980.82,0,0
48,27,767.29,0.92,2,80,upi,insufficient_funds,15,8219.99,4,0
31,56,4577.11,0.78,2,36,upi,insufficient_funds,7,4897.34,0,1
66,25,2981.25,0.41,1,49,upi,card_declined,26,28292.31,0,0
54,29,2578.95,0.5,3,38,card,insufficient_funds,8,3720.99,1,0
19,28,1947.96,0.61,3,88,card,network_error,5,26108.47,0,0
69,16,580.63,0.97,2,89,card,insufficient_funds,2,12338.86,1,0
65,54,1293.82,0.45,2,27,card,bank_error,2,1456.93,0,0
63,53,3970.08,0.83,1,69,upi,card_declined,10,4919.33,0,0
31,12,1500.08,0.42,2,50,card,insufficient_funds,17,1123.03,0,0
50,20,2255.45,0.62,1,85,card,insufficient_funds,13,4022.29,0,0
52,18,355.36,0.86,3,43,card,card_declined,9,5057.95,0,0
56,34,1817.67,0.61,1,70,wallet,bank_error,16,2523.75,3,1
64,55,524.25,0.66,2,9,card,card_declined,7,6397.53,1,1
68,53,939.52,0.94,1,65,card,insufficient_funds,12,4945.6,0,0
37,23,2967.34,0.44,0,30,card,card_declined,4,10685.29,1,0
19,45,1398.3,0.72,0,15,wallet,card_declined,31,3111.83,0,1
68,27,1940.13,0.62,1,32,card,card_declined,32,2885.31,0,0
58,49,963.44,0.98,4,84,upi,card_declined,36,2565.79,1,0
36,17,284.8,0.88,2,4,card,network_error,3,6288.22,1,0
54,48,569.81,0.47,1,60,card,bank_error,41,12774.27,3,1
35,21,1765.47,0.96,3,55,card,bank_error,7,4809.39,2,1
33,50,1386.17,0.53,2,34,upi,expired_card,2,4670.8,0,0
21,40,3511.17,0.45,1,61,upi,card_declined,11,8115.22,0,0
29,31,1198.26,0.72,0,38,upi,card_declined,7,2287.46,0,0
46,3,587.01,0.84,0,84,netbanking,network_error,47,1542.95,2,0
24,17,1076.99,0.83,1,51,card,insufficient_funds,20,6750.41,0,1
31,50,2204.99,0.72,0,58,card,expired_card,22,4531.88,1,1
29,58,320.55,0.7,1,25,upi,network_error,22,3161.44,1,1
52,26,1396.82,0.98,3,11,card,network_error,25,4940.1,1,1
22,23,453.8,0.89,2,8,wallet,card_declined,18,3356.18,2,0
34,6,1228.93,0.82,1,34,wallet,network_error,10,1796.91,0,0
59,28,1823.5,0.52,0,27,card,insufficient_funds,37,11873.26,0,0
49,8,1613.74,0.89,1,22,upi,insufficient_funds,12,3258.6,1,0
27,55,2802.51,0.85,1,62,card,expired_card,29,3614.12,0,0
60,58,1307.03,1.0,3,72,card,card_declined,3,6225.48,1,0
34,45,1571.06,0.48,0,39,netbanking,card_declined,26,5409.34,0,0
22,8,1610.0,0.83,2,73,upi,insufficient_funds,17,4013.97,0,0
62,19,556.24,0.99,4,22,card,insufficient_funds,20,1841.85,0,0
59,38,1003.01,0.68,1,73,card,expired_card,36,3934.85,1,0
26,29,196.12,0.84,1,31,card,expired_card,35,3467.28,0,0
66,23,1427.7,0.99,1,34,card,bank_error,20,5101.92,2,1
50,47,159.8,0.73,2,68,upi,bank_error,39,5023.96,0,0
53,32,1986.97,0.82,1,78,upi,card_declined,14,10304.28,0,0
53,10,3488.82,0.41,2,59,upi,bank_error,42,4251.89,0,1
35,27,1554.81,0.71,0,8,card,card_declined,41,7054.67,2,0
26,49,1732.21,0.55,1,53,card,insufficient_funds,13,16073.06,1,0
46,1,2548.88,0.48,1,86,card,network_error,40,3133.76,1,0
67,39,808.85,0.83,0,54,wallet,insufficient_funds,28,6654.73,0,0
31,29,450.0,0.42,5,70,card,card_declined,37,4601.61,2,0
42,59,1032.57,0.94,0,18,card,insufficient_funds,32,7096.73,1,1
32,45,642.88,0.71,1,8,card,card_declined,2,4245.32,0,1
23,3,1157.17,0.79,3,7,card,bank_error,36,3636.99,0,0
59,51,1310.7,0.55,1,7,netbanking,network_error,14,32145.0,2,1
46,47,784.66,0.51,3,10,card,insufficient_funds,26,5379.69,0,0
32,37,665.41,0.55,2,36,upi,expired_card,2,927.68,0,0
46,31,242.77,0.54,3,62,wallet,bank_error,11,13939.46,2,1
21,11,974.41,0.92,2,51,netbanking,insufficient_funds,9,10521.46,0,0
35,22,807.71,0.87,3,31,card,expired_card,36,5822.7,2,0
67,18,848.82,0.91,1,10,card,card_declined,7,2945.95,3,1
66,35,1830.13,0.84,1,84,upi,network_error,35,4276.71,0,0
61,6,4340.27,0.79,0,35,wallet,bank_error,17,10367.76,0,0
56,3,854.22,0.72,1,29,upi,insufficient_funds,26,9591.84,0,0
33,5,1436.89,0.56,2,49,card,network_error,29,2127.74,0,0
28,9,1310.06,0.82,0,31,card,insufficient_funds,38,26694.48,0,0
31,28,2426.62,0.48,2,68,upi,expired_card,33,5633.15,1,0
20,19,579.26,0.71,1,17,card,bank_error,11,2380.7,1,0
68,28,567.42,0.52,5,37,card,insufficient_funds,34,1064.41,1,0
67,27,615.64,0.7,2,28,upi,insufficient_funds,6,5909.95,1,0
59,13,224.25,0.58,0,38,upi,bank_error,18,5060.05,0,0
55,38,1061.88,0.43,2,10,card,bank_error,31,6607.19,2,0
62,43,524.87,0.7,2,72,card,bank_error,15,5640.42,0,1
59,53,1307.44,0.51,8,83,card,bank_error,30,17443.6,1,0
35,21,205.47,0.5,6,28,card,card_declined,43,4586.95,1,0
37,27,1053.73,0.63,0,69,netbanking,bank_error,13,4532.52,1,0
65,46,916.61,0.62,2,88,upi,bank_error,5,8882.51,1,0
42,6,748.84,0.92,1,7,card,insufficient_funds,20,4298.47,1,0
55,38,2205.57,0.74,2,84,upi,bank_error,40,13557.72,1,0
30,49,624.39,0.91,0,2,card,expired_card,47,4404.27,1,0
21,11,1356.43,0.49,2,57,upi,insufficient_funds,18,1977.43,1,0
31,47,704.66,0.61,3,10,card,expired_card,43,12069.56,1,0
50,41,3502.84,0.73,1,82,card,card_declined,2,590.74,1,0
45,53,996.38,0.49,1,14,card,bank_error,12,5668.07,0,0
69,17,1759.99,0.48,0,74,card,bank_error,20,8262.19,2,1
54,56,1680.39,0.8,3,32,card,bank_error,24,4383.3,1,0
25,39,2445.34,0.79,0,53,upi,insufficient_funds,9,2496.41,0,0
61,7,1214.71,0.54,1,3,card,expired_card,46,13706.99,0,0
51,30,436.06,0.54,4,48,upi,card_declined,35,4275.99,0,0
61,21,1495.31,0.85,1,8,upi,expired_card,31,557.35,0,0
22,1,1331.41,0.47,0,9,upi,network_error,45,8516.08,0,0
22,25,130.93,0.95,2,75,card,card_declined,47,6498.83,0,0
48,32,340.24,0.97,1,16,card,insufficient_funds,29,3412.01,0,0
62,59,1797.51,0.92,2,88,wallet,network_error,29,2846.07,1,0
26,57,2963.94,0.53,0,31,upi,card_declined,4,8062.85,1,1
59,8,1034.95,0.41,1,5,upi,card_declined,40,2969.05,0,0
49,5,1932.29,0.96,2,79,card,bank_error,14,5970.93,0,0
50,30,1183.71,0.61,1,39,card,expired_card,28,13554.85,1,0
20,51,1124.94,0.59,0,16,upi,card_declined,33,30990.88,0,1
47,8,992.05,0.56,2,64,card,bank_error,40,6540.34,0,0
67,49,1160.38,0.55,0,76,upi,insufficient_funds,8,2543.03,2,0
29,19,1439.26,0.84,1,83,upi,network_error,1,4053.1,0,1
46,44,827.82,0.94,2,47,upi,bank_error,4,1971.42,0,1
20,59,2624.62,0.87,4,59,upi,insufficient_funds,29,8161.83,1,0
43,55,544.49,0.8,1,20,upi,insufficient_funds,35,9112.44,0,0
47,30,3607.61,0.57,1,21,upi,insufficient_funds,18,7889.89,2,1
26,15,943.08,0.73,1,53,upi,bank_error,38,3830.97,0,1
43,36,1057.41,0.54,1,79,card,network_error,44,5860.63,1,0
19,55,706.72,0.47,0,54,upi,card_declined,36,6736.89,0,1
20,44,1460.59,0.47,3,49,upi,card_declined,40,3938.78,1,0
63,27,842.47,0.76,1,16,upi,card_declined,19,6026.32,1,1
21,13,786.19,0.42,1,16,upi,expired_card,21,7123.47,1,0
42,14,1684.26,0.98,1,23,card,bank_error,16,4695.61,1,1
68,37,2472.1,1.0,3,68,card,insufficient_funds,6,4262.85,0,0
30,54,528.76,0.49,1,37,upi,insufficient_funds,26,2476.45,2,0
56,48,1954.53,0.66,2,24,wallet,insufficient_funds,1,5286.42,1,0
61,30,2626.81,0.86,1,61,upi,card_declined,18,7269.47,2,1
52,39,318.78,0.97,3,8,netbanking,card_declined,43,4352.98,1,0
40,47,606.53,0.93,1,69,upi,expired_card,1,4692.25,1,1
26,13,2582.94,0.55,2,29,wallet,bank_error,27,7474.22,2,1
19,58,1423.98,0.45,2,10,upi,card_declined,19,8645.43,1,1
58,16,3628.24,0.57,0,56,card,card_declined,35,846.62,1,0
61,44,968.63,0.66,0,73,netbanking,network_error,26,7321.72,0,1
48,7,758.83,0.62,6,22,netbanking,bank_error,15,7605.84,0,0
61,48,2843.96,0.86,2,10,card,network_error,6,15547.63,1,1
64,55,610.98,0.55,2,84,netbanking,expired_card,31,7082.49,0,0
19,55,924.41,0.92,0,20,card,expired_card,34,3810.2,3,1
49,27,1622.36,0.54,1,51,upi,bank_error,46,12261.33,0,0
35,45,1738.75,0.62,0,10,upi,bank_error,17,5360.94,0,1
30,55,627.44,0.67,1,83,card,card_declined,3,4613.54,2,0
63,35,1316.17,0.57,1,41,upi,bank_error,43,4458.22,2,0
22,15,894.59,0.86,2,80,card,card_declined,20,9831.43,0,0
59,28,337.68,0.65,4,40,card,bank_error,2,3382.98,2,1
61,35,794.13,0.93,3,76,upi,bank_error,37,6444.61,0,1
27,7,349.32,0.98,0,5,netbanking,network_error,9,7128.21,0,0
60,50,691.17,0.92,1,43,card,expired_card,23,1837.0,0,1
42,46,472.9,0.71,1,67,upi,insufficient_funds,33,30355.8,0,0
51,50,1884.99,0.71,2,24,upi,card_declined,47,6096.14,1,0
54,51,1353.24,0.53,2,31,upi,network_error,39,2803.37,0,0
47,46,3219.67,0.76,3,59,upi,insufficient_funds,31,5737.03,2,1
24,20,575.23,0.97,1,67,wallet,bank_error,19,5678.59,0,0
23,32,1195.47,0.45,1,63,upi,card_declined,42,7302.44,2,0
20,38,506.7,0.85,0,1,netbanking,expired_card,4,1511.3,1,0
30,40,704.78,0.92,5,75,upi,expired_card,47,3729.1,2,0
20,32,829.13,0.99,1,69,upi,card_declined,34,2043.67,0,0
43,26,4365.78,0.6,0,71,upi,expired_card,15,17230.71,2,0
41,58,1414.77,0.61,3,33,card,network_error,29,9587.62,0,0
23,39,1002.81,0.54,2,77,card,card_declined,43,7419.92,0,0
60,20,2333.93,0.87,1,63,upi,bank_error,6,2666.13,0,0
66,18,1756.53,0.48,2,42,card,network_error,46,1913.05,1,0
59,50,1054.42,0.56,2,31,upi,insufficient_funds,41,13421.12,1,0
29,15,1759.24,0.58,3,52,upi,expired_card,7,2311.46,1,0
66,52,885.34,0.62,1,50,upi,network_error,27,7561.3,1,1
53,22,8865.72,0.65,2,13,upi,insufficient_funds,25,13833.3,0,0
19,51,2576.04,0.74,0,65,card,bank_error,1,1317.1,0,0
28,22,825.0,0.97,1,38,upi,card_declined,9,3805.79,0,0
56,53,1865.85,0.55,2,39,card,network_error,22,6804.15,1,1
51,21,1610.38,0.87,1,42,wallet,card_declined,22,5859.46,2,1
43,2,1336.99,0.81,2,39,netbanking,expired_card,2,6120.57,0,0
35,40,1572.39,0.47,2,42,upi,network_error,6,10273.48,1,0
38,53,620.98,0.89,0,73,card,card_declined,29,6650.23,0,0
53,43,808.73,0.45,3,70,card,insufficient_funds,1,6894.49,1,0
57,18,3501.98,0.84,2,73,netbanking,network_error,17,4301.43,0,0
69,23,1264.98,0.83,0,42,card,network_error,47,6279.38,3,1
63,13,671.71,0.81,1,29,upi,insufficient_funds,32,1806.01,0,0
61,41,994.13,0.57,3,68,card,card_declined,44,18233.55,0,1
39,9,754.51,0.74,1,25,upi,bank_error,37,4135.03,0,0
47,49,2055.78,0.86,0,16,upi,card_declined,38,8190.91,0,1
67,7,740.56,0.78,1,57,upi,card_declined,4,4087.53,2,1
60,41,1131.04,0.88,2,34,upi,bank_error,5,5891.48,1,1
47,54,689.69,0.81,1,75,netbanking,bank_error,23,2575.95,1,1
25,1,5143.74,0.56,1,9,upi,insufficient_funds,42,8100.9,0,0
51,2,1703.52,0.49,3,35,upi,bank_error,17,2848.74,2,0
64,4,1656.92,0.78,3,27,card,insufficient_funds,34,6404.39,0,0
26,14,1787.33,0.86,1,39,netbanking,insufficient_funds,24,28581.03,2,1
68,32,831.94,0.49,1,45,upi,insufficient_funds,42,7542.4,1,1
37,36,3180.8,0.5,2,60,upi,card_declined,34,1893.99,2,0
57,2,1045.89,0.41,1,43,wallet,network_error,35,5808.69,0,1
42,40,3793.19,0.72,1,61,upi,expired_card,6,5333.03,0,0
36,50,873.61,0.73,1,69,card,insufficient_funds,38,2424.44,1,0
22,51,1809.56,0.7,2,16,netbanking,insufficient_funds,3,1662.04,2,1
28,14,1232.47,0.59,0,2,card,network_error,46,21767.0,0,0
32,20,1322.6,0.66,1,74,card,card_declined,16,3311.45,0,0
25,25,340.7,0.86,1,19,card,insufficient_funds,29,3331.59,1,0
36,42,551.01,0.51,0,64,card,bank_error,10,8509.35,1,0
40,49,3155.71,0.52,2,20,netbanking,expired_card,29,1326.43,0,1
44,8,444.89,0.8,0,58,card,card_declined,31,6075.96,0,0
57,28,2047.6,0.92,0,60,card,card_declined,3,8874.12,1,1
49,46,6768.17,0.6,2,59,card,card_declined,39,4682.7,1,0
43,21,1615.03,0.96,1,51,upi,card_declined,46,4524.26,0,1
44,23,4859.66,0.43,1,35,card,network_error,22,11112.3,1,0
36,32,1780.2,0.47,1,10,card,card_declined,47,8731.94,0,0
67,8,1318.17,0.68,2,36,upi,network_error,1,890.97,0,1
59,31,1425.46,0.83,2,53,card,card_declined,31,3131.95,0,0
46,37,968.58,0.62,3,54,upi,network_error,5,6466.91,0,0
56,16,947.97,0.73,1,16,wallet,insufficient_funds,27,3516.83,1,0
58,40,759.29,0.42,1,50,upi,insufficient_funds,38,3862.77,3,1
50,42,1474.74,0.68,5,26,card,insufficient_funds,20,14174.51,0,0
36,27,5116.72,0.55,1,31,upi,network_error,1,2975.8,0,0
54,40,2972.42,0.71,2,61,upi,bank_error,43,24159.33,4,0
36,41,1265.74,0.72,0,42,netbanking,card_declined,23,4760.64,0,0
50,18,1685.72,0.85,1,1,card,insufficient_funds,4,241.02,1,0
64,35,1033.0,0.72,2,87,card,insufficient_funds,30,3027.93,0,0
33,49,2966.16,0.77,1,42,upi,card_declined,4,6241.17,1,0
40,52,349.81,0.72,1,49,netbanking,bank_error,7,9596.4,1,0
24,15,4236.17,0.99,1,19,upi,bank_error,28,5617.44,0,0
43,53,748.69,0.87,2,80,card,insufficient_funds,41,2293.89,0,0
49,27,838.12,0.85,0,57,netbanking,bank_error,31,5972.37,1,0
29,17,465.96,0.78,1,8,card,insufficient_funds,17,2079.56,1,0
25,40,1222.1,0.72,2,62,card,bank_error,14,2080.89,2,1
22,2,680.89,0.61,0,80,netbanking,bank_error,19,7712.82,1,0
59,49,2476.1,0.87,0,76,card,insufficient_funds,7,3652.59,2,0
45,50,1759.16,0.51,1,9,card,insufficient_funds,47,3575.32,0,1
22,31,674.82,0.42,0,7,netbanking,insufficient_funds,23,3689.95,1,1
66,37,593.56,0.82,0,40,upi,card_declined,2,6444.71,0,1
43,41,699.68,0.49,2,61,upi,insufficient_funds,12,3191.78,0,0
22,41,565.69,0.94,0,23,netbanking,network_error,43,8481.94,0,0
39,34,901.73,0.86,0,41,upi,network_error,11,7241.97,0,1
32,34,608.8,0.76,1,72,card,card_declined,29,1952.21,2,0
30,51,2484.41,0.59,0,23,wallet,card_declined,35,6704.57,1,0
45,55,773.68,0.78,1,84,card,bank_error,28,8386.82,0,0
50,59,1640.89,0.69,1,11,wallet,insufficient_funds,32,1432.03,0,1
60,3,1650.35,0.57,0,1,card,expired_card,7,6548.54,0,0
40,17,299.71,0.97,1,49,upi,network_error,17,11544.13,3,0
50,14,1806.98,0.5,0,44,upi,network_error,2,3952.08,0,0
60,14,332.02,0.85,0,69,wallet,card_declined,22,3003.05,2,1
35,46,611.74,0.88,2,14,upi,insufficient_funds,28,8334.76,1,0
67,38,1749.62,0.97,1,7,card,network_error,2,3755.72,0,1
47,35,1196.78,0.73,1,60,card,bank_error,28,7256.45,1,1
43,1,864.1,0.72,2,24,card,bank_error,20,8371.48,1,0
33,48,314.79,0.95,1,4,card,card_declined,11,18549.79,0,1
30,29,2154.36,0.88,3,27,upi,card_declined,45,9294.47,0,0
56,4,1486.04,0.86,1,62,wallet,card_declined,21,2876.65,0,0
50,33,602.13,0.87,0,7,upi,bank_error,18,3693.07,1,1
43,17,559.43,0.7,2,54,upi,insufficient_funds,31,1981.1,0,0
65,28,2250.3,0.42,1,88,upi,card_declined,3,4022.13,0,0
18,50,1353.28,0.52,1,73,upi,card_declined,36,7523.58,0,1
66,26,423.18,0.79,1,65,upi,bank_error,41,1079.31,0,0
55,8,657.68,0.64,1,87,upi,insufficient_funds,42,1328.92,1,0
19,34,4316.08,0.76,0,67,upi,network_error,19,12919.34,1,0
66,59,2211.81,0.73,0,20,upi,network_error,7,6028.46,2,1
23,18,1097.07,0.66,0,58,wallet,card_declined,30,8601.44,1,0
63,31,1113.94,0.54,1,48,netbanking,insufficient_funds,11,5218.6,0,0
67,59,239.18,0.83,2,26,netbanking,bank_error,11,6181.15,1,1
55,27,2737.05,0.95,1,34,card,card_declined,17,10480.69,1,1
59,16,799.52,0.86,1,32,upi,network_error,32,1124.22,0,1
41,58,622.62,0.47,2,40,upi,bank_error,4,2771.78,1,1
35,10,1853.78,0.72,2,5,upi,card_declined,6,13033.58,0,1
44,40,705.59,0.9,0,10,upi,bank_error,30,7009.32,0,1
58,12,306.1,0.75,2,73,upi,network_error,43,11309.63,0,1
25,22,1460.99,0.66,2,46,netbanking,network_error,41,4974.98,0,0
45,16,379.62,0.57,1,32,wallet,insufficient_funds,46,8811.5,1,0
27,12,1052.42,0.6,0,61,upi,bank_error,13,3481.48,1,0
34,11,1369.67,0.55,3,85,netbanking,insufficient_funds,1,1804.41,1,0
46,20,902.81,0.52,2,42,upi,card_declined,11,10805.51,2,1
23,51,905.64,0.75,0,26,card,expired_card,16,3313.07,1,0
31,1,3247.52,0.71,2,23,card,card_declined,45,4567.78,3,0
39,27,3280.36,0.84,4,9,card,insufficient_funds,42,5394.76,0,0
23,3,576.93,0.58,2,69,upi,bank_error,25,5676.7,0,0
43,12,723.19,0.68,1,55,upi,insufficient_funds,46,6521.25,2,0
56,30,751.52,0.81,3,8,upi,insufficient_funds,2,5249.31,0,0
29,9,1072.76,0.98,0,56,netbanking,insufficient_funds,27,2168.2,0,1
52,53,1035.47,0.61,5,55,card,network_error,20,2731.31,2,1
31,54,3648.09,0.58,4,43,netbanking,bank_error,30,2527.28,0,1
39,37,963.07,0.67,1,75,card,bank_error,17,12508.96,1,0
68,1,533.16,0.83,2,56,netbanking,network_error,25,2343.71,0,1
40,42,726.61,0.98,1,36,netbanking,expired_card,44,2484.27,2,0
65,49,1424.2,0.72,3,18,upi,expired_card,16,5571.36,0,0
24,4,916.0,0.89,1,31,card,network_error,21,3864.16,1,1
57,15,1365.84,0.68,0,8,card,bank_error,18,5008.55,0,1
67,51,924.34,0.42,3,19,upi,card_declined,10,4256.98,0,0
42,27,1821.4,0.94,1,22,card,insufficient_funds,46,9849.91,3,0
30,8,1030.93,0.57,2,66,card,card_declined,6,1869.66,1,0
38,23,468.02,0.48,1,11,upi,insufficient_funds,17,5498.09,2,0
58,15,860.23,1.0,1,67,upi,bank_error,12,6382.29,0,1
27,27,5156.35,0.61,1,33,upi,expired_card,42,1968.32,1,0
26,31,2605.44,0.48,4,74,upi,insufficient_funds,33,3477.69,1,0
32,39,486.3,0.59,1,53,netbanking,insufficient_funds,36,3241.68,2,0
69,47,3808.06,0.71,3,45,upi,bank_error,30,965.95,1,1
19,8,1207.09,0.45,4,67,card,expired_card,23,4919.47,1,0
42,30,779.09,0.61,0,39,netbanking,card_declined,3,9262.8,1,0
30,58,900.45,0.8,3,37,upi,insufficient_funds,9,1212.74,0,1
51,55,1141.13,0.95,2,50,upi,insufficient_funds,3,4131.39,1,1
68,42,2342.2,0.64,0,28,upi,network_error,46,8755.52,2,1
51,18,1252.65,0.74,0,14,upi,expired_card,9,4163.42,1,1
52,4,1384.9,0.78,1,52,upi,insufficient_funds,19,11104.76,1,0
55,47,2560.43,0.44,3,30,card,insufficient_funds,22,1132.56,2,0
20,43,829.35,0.61,2,30,upi,card_declined,14,3846.43,1,0
59,22,1355.2,0.81,1,27,upi,network_error,31,2584.84,1,0
23,3,1491.02,0.84,2,66,card,bank_error,34,1785.26,0,0
65,15,1205.09,0.61,3,77,card,bank_error,23,29043.89,1,1
66,35,1555.11,0.4,1,39,netbanking,network_error,33,6088.36,1,0
36,47,675.97,0.4,5,42,card,bank_error,41,11231.25,1,0
20,38,2177.64,0.72,0,28,card,card_declined,28,6379.15,0,1
35,33,744.19,0.73,0,84,card,insufficient_funds,21,24983.17,1,1
56,14,1507.58,0.73,2,63,card,insufficient_funds,26,9407.85,1,0
26,48,1270.64,0.83,2,55,card,insufficient_funds,10,1302.28,0,0
69,1,678.15,0.95,0,18,card,bank_error,23,10566.43,2,1
29,53,3414.28,0.99,2,34,upi,bank_error,3,11022.32,0,1
22,49,3646.76,0.82,5,57,upi,insufficient_funds,10,3792.9,0,0
20,26,575.6,0.71,0,45,card,card_declined,45,15723.47,0,0
28,8,1918.9,0.48,0,81,upi,card_declined,40,3018.38,1,0
47,50,1006.49,0.63,1,38,card,network_error,1,1492.0,0,0
21,16,684.25,0.74,1,23,upi,card_declined,28,5340.81,0,0
22,38,1419.35,1.0,3,31,card,insufficient_funds,13,5291.61,0,0
18,10,1965.8,0.48,5,9,card,bank_error,39,3067.46,2,0
44,42,1227.53,0.88,2,35,wallet,bank_error,47,21357.08,5,0
45,37,850.27,1.0,2,25,wallet,insufficient_funds,43,2368.79,0,1
46,26,2781.08,0.88,2,39,upi,insufficient_funds,14,23020.23,0,1
35,28,2852.01,0.86,0,30,card,card_declined,38,3025.44,0,0
29,12,679.92,0.56,2,5,upi,expired_card,1,2032.84,2,1
30,20,1168.67,0.4,0,28,wallet,insufficient_funds,2,2655.11,0,1
58,49,363.12,0.54,2,7,card,card_declined,6,5738.06,0,0
19,14,1967.93,0.87,1,42,card,bank_error,18,2370.69,2,1
54,46,2777.34,0.46,1,42,upi,insufficient_funds,18,18885.56,1,1
62,35,1440.41,0.58,1,57,upi,insufficient_funds,22,32593.29,2,0
33,29,531.25,0.74,4,83,card,bank_error,47,5945.28,2,0
65,12,3397.2,0.75,0,64,netbanking,expired_card,12,4966.24,0,0
41,52,4542.77,0.73,3,89,upi,network_error,11,6432.11,1,0
52,18,810.53,0.99,3,63,card,insufficient_funds,9,6371.68,1,0
39,44,1497.9,0.41,2,18,card,bank_error,47,2514.15,1,1
53,2,1942.38,0.69,0,45,wallet,card_declined,28,1333.19,0,0
28,2,1902.96,0.7,0,20,upi,insufficient_funds,42,11877.68,0,1
63,59,1134.26,0.58,1,2,card,card_declined,39,7659.07,0,0
46,17,3860.34,0.72,3,64,card,bank_error,19,5790.01,0,0
52,10,366.61,0.8,1,30,upi,bank_error,20,6547.45,1,1
65,18,369.91,0.8,2,22,upi,network_error,4,2883.98,0,0
32,22,1084.66,0.45,2,34,card,bank_error,27,2848.83,0,0
48,19,3716.34,0.88,0,35,card,card_declined,1,6101.35,3,0
59,58,2469.54,0.96,2,69,card,insufficient_funds,27,6189.31,0,1
58,53,385.55,0.47,1,57,wallet,insufficient_funds,46,38625.25,0,0
60,1,8025.79,0.65,1,15,netbanking,card_declined,41,1795.85,1,1
33,24,1616.54,0.71,0,39,upi,expired_card,28,5318.9,1,1
27,36,489.53,0.48,4,79,card,insufficient_funds,35,15704.33,0,0
66,25,1028.15,0.7,0,28,card,insufficient_funds,39,1163.7,1,1
49,36,2158.14,0.52,1,12,upi,network_error,1,539.76,0,1
68,31,2635.25,0.96,0,67,upi,insufficient_funds,47,3709.9,0,0
19,31,1047.14,0.67,5,10,upi,card_declined,3,2463.03,1,0
41,2,1580.53,1.0,0,7,card,insufficient_funds,4,1585.63,0,0
40,19,1004.91,0.43,1,43,upi,network_error,27,5352.57,1,1
19,53,1047.23,0.48,2,81,netbanking,bank_error,37,5503.52,0,0
55,12,1821.38,0.67,2,20,card,bank_error,23,3395.56,0,0
48,10,3006.4,0.92,2,47,upi,insufficient_funds,27,19895.54,4,0
68,31,494.61,0.73,2,28,netbanking,network_error,25,18148.13,1,0
57,45,931.74,0.84,0,76,card,insufficient_funds,18,2052.8,0,0
43,22,719.56,0.65,0,18,upi,insufficient_funds,38,8851.07,1,0
46,23,541.53,0.42,2,57,card,network_error,2,1118.59,0,1
20,52,522.52,0.79,4,51,upi,network_error,10,2619.83,0,1
31,23,1115.95,0.78,2,37,upi,insufficient_funds,44,5214.75,0,0
42,15,517.6,0.44,3,76,netbanking,card_declined,34,2080.21,1,0
65,26,505.46,0.5,2,8,upi,card_declined,26,11218.33,0,0
18,3,967.25,0.69,1,83,card,card_declined,27,1172.09,0,0
20,23,552.46,0.67,3,70,wallet,card_declined,32,1918.64,1,0
43,20,1565.59,0.85,1,44,wallet,bank_error,37,3240.07,2,0
35,45,784.15,0.63,1,65,card,card_declined,11,4894.3,2,1
26,40,475.25,0.8,0,50,upi,card_declined,29,3517.79,0,0
55,57,5585.92,0.82,0,19,card,insufficient_funds,13,3654.99,0,1
40,39,246.43,0.79,0,49,card,expired_card,8,6006.35,1,0
38,56,1997.02,0.76,1,67,upi,network_error,24,14701.54,1,1
18,8,1397.26,0.88,1,46,card,card_declined,29,9269.35,0,0
38,18,781.08,0.79,2,70,card,card_declined,1,10953.89,1,0
44,41,580.91,0.9,0,30,upi,expired_card,13,5234.95,0,1
59,6,3677.15,0.78,0,37,upi,card_declined,25,1214.28,1,0
23,27,4849.96,0.5,2,70,wallet,card_declined,37,6720.96,0,0
61,36,893.4,0.59,1,81,upi,insufficient_funds,7,3309.75,1,0
53,15,806.93,0.6,1,47,wallet,bank_error,22,14875.1,1,1
45,37,2416.61,0.46,0,79,upi,card_declined,33,3423.84,1,1
62,58,923.16,0.82,2,83,card,insufficient_funds,47,4679.8,1,0
34,5,1649.81,0.76,0,30,upi,network_error,15,12938.83,0,1
57,39,1620.7,0.75,1,73,upi,card_declined,3,1311.84,0,0
69,9,1125.66,0.69,2,34,card,card_declined,8,11729.28,2,0
20,7,1230.98,0.73,2,61,card,bank_error,39,9478.3,2,0
29,41,1420.43,0.4,1,35,upi,card_declined,1,12631.01,0,0
56,20,511.83,0.46,0,66,upi,bank_error,12,16981.3,1,1
29,10,681.43,0.81,0,13,upi,expired_card,31,4240.82,2,0
19,26,1284.38,0.56,3,60,wallet,bank_error,28,7359.82,1,1
63,4,797.92,0.46,2,9,card,insufficient_funds,19,11591.67,0,0
39,38,7662.91,0.6,2,21,upi,insufficient_funds,18,4820.74,2,0
40,24,1203.28,0.55,0,41,wallet,card_declined,13,3741.02,0,0
47,14,324.82,0.42,0,65,card,card_declined,35,10411.9,0,0
22,41,152.97,0.65,5,84,card,insufficient_funds,38,4355.62,0,0
26,1,1948.36,0.42,0,49,card,insufficient_funds,22,754.16,0,0
38,17,1210.62,0.4,1,69,card,insufficient_funds,41,5735.49,0,0
28,45,3006.33,0.88,1,12,upi,card_declined,41,9720.68,1,1
22,24,698.69,0.59,2,21,upi,bank_error,13,1309.93,1,1
52,27,1007.86,0.74,2,61,netbanking,network_error,36,1654.67,1,0
44,7,1333.35,0.58,2,39,card,card_declined,41,8168.95,0,0
66,9,983.83,0.96,0,87,card,expired_card,47,7510.0,1,0
19,43,928.51,0.84,3,72,upi,network_error,47,3922.86,0,0
41,35,1822.42,0.62,2,22,upi,card_declined,6,11119.58,0,1
48,58,611.77,0.53,2,83,card,insufficient_funds,8,2477.27,0,0
50,12,1595.55,0.48,2,57,card,bank_error,24,16393.47,0,1
56,21,3944.02,0.86,1,79,upi,network_error,37,2669.78,0,0
47,3,3493.28,0.67,2,37,card,card_declined,16,15320.06,2,1
63,15,309.79,0.54,0,41,upi,card_declined,19,10174.23,0,0
54,21,778.33,0.95,1,85,card,expired_card,38,1469.66,1,0
68,10,1343.99,0.63,1,77,card,insufficient_funds,46,1715.7,0,0
45,33,2682.56,0.73,1,7,card,card_declined,3,7636.74,1,0
48,46,1270.2,0.91,0,89,upi,insufficient_funds,22,3521.63,3,1
28,59,2686.08,0.9,0,33,upi,insufficient_funds,36,24818.03,1,0
40,52,686.38,0.78,2,3,card,card_declined,22,11990.52,1,1
19,6,1381.41,0.93,0,39,card,card_declined,23,6422.88,1,0
57,2,1405.96,0.97,0,36,upi,expired_card,1,1076.22,1,1
58,29,2749.96,0.96,6,40,card,bank_error,22,2037.87,0,1
44,55,2071.42,0.61,0,23,card,bank_error,16,3679.61,0,1
52,40,1777.57,0.64,1,66,card,card_declined,42,1610.5,5,0
19,33,1987.3,0.54,1,46,card,card_declined,46,1793.14,0,0
56,4,470.26,0.9,3,6,upi,network_error,3,1752.8,0,1
54,59,972.6,0.47,2,71,netbanking,insufficient_funds,2,2669.46,0,0
38,4,542.7,0.61,3,56,card,bank_error,39,7234.82,0,0
22,29,694.24,0.41,1,21,card,bank_error,10,5104.99,0,1
69,37,971.05,0.76,0,80,card,bank_error,36,5327.25,0,1
62,20,226.0,0.8,2,67,card,network_error,39,2988.85,2,1
38,41,995.88,0.55,0,26,wallet,card_declined,40,4554.75,0,1
46,23,633.99,0.84,3,25,card,expired_card,16,7629.5,0,0
37,45,523.6,0.63,5,79,card,card_declined,13,2261.43,1,1
55,18,1172.74,0.59,2,86,upi,bank_error,34,5377.93,1,0
37,49,835.38,0.97,4,64,upi,insufficient_funds,42,1257.02,0,0
67,25,1392.77,0.75,1,84,upi,bank_error,22,15191.99,0,0
42,1,696.33,0.55,2,53,wallet,bank_error,19,4914.99,1,0
19,54,969.79,0.99,1,50,card,insufficient_funds,18,20359.15,1,0
49,15,6130.79,0.63,4,29,card,card_declined,10,5959.91,1,0
43,34,1696.24,0.79,2,19,card,bank_error,19,10403.43,1,1
23,48,606.53,0.83,1,58,upi,bank_error,27,4192.66,0,1
58,20,2611.3,0.65,2,14,upi,bank_error,45,3459.03,0,0
20,54,3241.81,0.72,1,15,upi,bank_error,14,7135.21,0,1
50,37,1667.49,0.54,3,63,card,bank_error,12,16367.66,3,1
18,27,634.37,0.68,3,1,card,bank_error,45,3662.14,1,1
68,22,2259.92,0.59,0,76,upi,card_declined,12,8290.61,0,0
22,51,732.07,0.73,2,64,upi,insufficient_funds,22,4162.6,0,1
30,5,2823.11,0.8,1,11,upi,network_error,9,11159.05,1,0
36,34,926.45,0.77,1,47,card,insufficient_funds,35,9238.54,2,0
29,39,901.75,0.87,2,9,wallet,network_error,45,8233.97,0,1
65,3,1582.63,0.42,1,54,card,network_error,14,925.22,0,0
42,17,2943.0,0.45,2,27,upi,bank_error,24,12020.29,1,1
68,24,5754.59,0.52,3,1,netbanking,card_declined,3,1528.15,1,0
52,24,1117.57,0.99,3,10,netbanking,network_error,36,1065.17,2,0
29,3,823.22,0.88,0,13,card,bank_error,26,24997.52,1,1
47,45,617.41,0.95,1,29,upi,card_declined,46,5141.05,0,0
22,7,388.65,0.56,0,5,card,network_error,46,15505.12,1,0
51,25,542.28,0.74,1,75,upi,expired_card,26,2108.02,0,0
39,56,1293.29,0.73,3,53,card,insufficient_funds,40,9459.01,1,1
56,3,2294.47,0.74,1,39,card,insufficient_funds,46,1113.94,0,0
30,15,582.53,0.83,3,52,wallet,network_error,35,2040.05,3,0
64,29,1902.63,0.64,2,46,wallet,card_declined,7,17920.91,2,1
20,50,599.84,0.81,2,89,card,card_declined,29,3745.17,0,0
37,29,653.12,0.87,0,39,card,bank_error,5,5037.61,0,1
48,10,518.7,0.57,4,88,card,card_declined,30,14153.15,1,0
22,32,2785.79,0.97,1,42,upi,bank_error,12,4541.48,2,1
41,23,3376.12,0.71,2,48,upi,insufficient_funds,25,2115.16,0,0
57,39,658.27,0.84,1,31,card,card_declined,14,2383.5,0,1
50,9,622.41,0.84,3,71,card,network_error,31,2765.53,0,0
25,37,1695.61,0.74,3,89,card,insufficient_funds,43,11775.08,0,1
41,52,3676.15,0.59,1,86,card,card_declined,47,12575.42,1,0
67,40,3393.93,0.8,0,75,wallet,bank_error,12,3553.02,3,1
37,14,837.53,0.45,0,25,card,expired_card,3,3062.42,1,0
33,4,964.41,0.99,0,83,upi,insufficient_funds,25,2968.98,0,1
67,20,463.09,0.51,0,4,netbanking,card_declined,45,3505.76,2,0
69,28,830.94,0.57,2,89,upi,card_declined,23,6274.65,0,0
29,14,1173.38,0.97,1,28,card,expired_card,30,11920.35,1,1
30,44,426.31,0.51,3,80,upi,insufficient_funds,5,6452.39,0,0
62,34,748.83,0.5,1,2,wallet,card_declined,33,3592.09,0,1
59,13,1281.2,0.88,0,26,card,insufficient_funds,40,1889.8,3,1
56,31,378.42,0.55,1,72,wallet,card_declined,12,1928.81,2,0
42,33,1522.85,0.46,2,43,card,insufficient_funds,30,11667.13,0,0
63,52,2240.1,0.54,1,38,card,card_declined,17,6992.34,0,1
49,39,1634.38,0.93,4,21,netbanking,card_declined,15,5813.81,1,0
41,28,774.52,0.57,2,50,netbanking,expired_card,43,2953.31,0,0
65,25,2490.9,0.82,1,17,card,insufficient_funds,3,12598.31,0,0
64,32,2896.37,0.64,1,30,card,network_error,43,4794.7,1,0
61,9,1369.84,0.56,2,43,wallet,card_declined,11,3441.34,0,1
26,28,1217.22,0.49,0,38,card,bank_error,14,5272.47,1,1
57,58,710.67,0.98,1,59,card,card_declined,17,780.17,0,0
67,31,824.95,0.71,2,59,card,bank_error,32,4996.22,0,0
40,17,2322.79,0.47,0,44,upi,insufficient_funds,35,3867.06,2,1
67,53,4002.08,0.52,0,76,wallet,network_error,30,19511.34,0,0
30,23,820.17,0.64,1,31,card,network_error,5,2527.48,0,1
49,13,972.71,0.73,2,37,card,card_declined,13,9261.4,0,0
67,55,697.1,0.51,2,47,card,bank_error,34,3106.76,1,0
32,10,811.13,0.57,1,71,upi,insufficient_funds,21,13861.54,0,0
53,16,454.59,0.87,3,71,upi,network_error,26,15323.35,0,0
66,6,1480.91,0.65,0,35,card,card_declined,38,2629.12,0,0
22,48,451.38,0.4,1,26,card,card_declined,6,3793.92,3,0
39,11,747.12,0.43,2,56,card,card_declined,4,3234.01,3,0
33,58,1050.7,0.66,4,43,card,insufficient_funds,18,24037.93,0,0
58,52,437.1,0.44,3,19,card,network_error,31,4455.51,0,0
27,3,637.97,0.5,0,22,wallet,insufficient_funds,24,7941.36,2,1
41,28,498.82,0.84,1,57,card,bank_error,9,3070.72,1,0
35,41,2367.83,0.69,1,65,netbanking,card_declined,27,6780.92,1,0
66,15,2972.84,0.69,0,34,upi,network_error,8,3986.21,0,1
35,13,631.11,0.76,3,50,wallet,insufficient_funds,26,5191.36,1,1
24,42,7587.98,0.87,1,32,card,insufficient_funds,13,1457.69,0,1
21,52,570.31,0.5,3,53,card,insufficient_funds,45,3392.18,0,0
43,56,815.43,0.5,0,86,card,expired_card,5,12170.94,0,0
22,45,1548.5,0.47,0,51,upi,card_declined,19,1477.04,0,0
33,17,1654.25,0.96,0,20,card,card_declined,47,1773.75,0,1
52,7,877.16,0.75,1,58,netbanking,bank_error,14,2737.33,1,0
43,28,2358.95,0.46,0,45,upi,insufficient_funds,45,6498.0,1,1
35,38,2537.92,0.53,0,50,upi,insufficient_funds,37,20492.18,0,1
46,13,1090.76,0.84,4,8,upi,expired_card,32,1607.45,0,0
40,17,987.25,0.42,2,21,card,insufficient_funds,15,16475.97,1,0
31,15,715.24,0.84,5,18,card,insufficient_funds,27,2479.88,0,0
32,36,529.44,0.95,1,15,card,card_declined,17,2520.3,1,0
66,28,626.2,0.43,2,10,card,bank_error,34,6109.43,0,0
50,15,1605.47,0.51,2,63,wallet,insufficient_funds,27,2676.98,1,0
42,46,1097.17,0.4,1,82,netbanking,insufficient_funds,27,3837.4,1,0
38,53,924.32,0.47,0,20,upi,bank_error,8,3011.32,0,1
34,11,735.3,0.77,0,62,upi,card_declined,26,5622.68,1,1
40,56,746.52,0.43,2,52,upi,insufficient_funds,38,11979.97,1,0
60,31,1062.52,0.66,1,30,upi,insufficient_funds,14,1369.62,0,0
34,4,1005.38,0.7,1,3,upi,card_declined,9,3883.23,0,1
31,35,1095.83,0.94,1,1,card,insufficient_funds,12,7358.5,1,1
46,34,803.33,0.68,0,10,upi,network_error,15,13093.69,1,0
37,52,685.69,0.49,0,49,netbanking,card_declined,34,1274.42,0,0
47,27,1103.12,0.57,1,65,upi,expired_card,45,5797.86,3,0
36,10,1728.24,0.8,3,33,card,card_declined,22,2070.69,3,0
56,30,768.15,0.47,3,35,card,card_declined,12,2582.51,0,0
30,45,206.2,0.54,1,37,upi,bank_error,25,13690.54,0,0
35,20,421.06,1.0,0,51,wallet,insufficient_funds,33,17448.25,0,1
40,29,2326.16,0.4,0,54,netbanking,insufficient_funds,42,3290.03,0,0
63,58,2198.69,0.49,2,63,netbanking,bank_error,44,2242.13,0,0
50,53,1724.57,0.91,0,46,wallet,insufficient_funds,40,788.16,2,0
56,29,1570.05,0.46,1,46,card,bank_error,4,7538.95,0,0
57,23,2235.89,0.42,1,50,card,bank_error,5,1352.23,2,0
35,57,862.46,0.47,3,7,card,card_declined,16,20503.72,0,0
26,50,1208.63,0.82,0,84,upi,expired_card,46,6115.07,0,1
50,21,638.91,1.0,0,61,card,insufficient_funds,45,2884.17,0,1
49,48,969.97,0.75,2,86,card,expired_card,4,4773.18,0,0
34,43,4135.57,0.47,1,12,upi,expired_card,19,5205.06,0,0
36,10,614.84,0.51,0,74,card,insufficient_funds,44,7369.92,2,0
44,41,485.11,0.72,3,38,upi,card_declined,13,3461.82,0,0
23,12,957.63,0.83,1,39,card,bank_error,3,2671.67,1,0
52,30,828.88,0.8,2,21,wallet,bank_error,5,1566.53,2,0
54,51,1321.05,0.74,1,23,netbanking,bank_error,15,7869.93,1,0
51,33,1910.29,0.99,2,44,netbanking,network_error,27,1777.65,0,1
37,18,843.73,0.52,0,44,upi,insufficient_funds,33,908.33,0,0
42,14,4792.2,0.5,2,86,upi,card_declined,20,2570.8,1,0
21,22,2595.38,0.92,1,21,card,expired_card,41,4090.2,1,0
27,21,642.61,0.57,2,84,upi,insufficient_funds,34,3507.11,2,0
27,1,1037.57,0.6,1,61,upi,bank_error,17,11488.16,0,0
41,49,1587.45,0.73,1,80,card,bank_error,41,3255.05,0,1
38,43,613.86,0.63,1,83,upi,expired_card,7,2981.78,0,0
28,52,258.45,0.57,2,24,upi,card_declined,44,10474.47,0,0
44,15,4232.57,0.95,1,31,upi,expired_card,37,4716.59,0,0
33,36,505.27,0.48,1,5,card,insufficient_funds,44,15323.08,0,0
43,47,1991.61,0.64,1,81,upi,card_declined,40,3526.44,2,0
47,54,1790.59,0.4,1,65,wallet,expired_card,37,5055.29,1,1
66,22,619.5,0.88,1,37,upi,expired_card,15,1212.12,2,1
33,32,4323.99,0.5,1,32,card,card_declined,34,4222.61,0,0
24,58,1147.35,0.86,3,66,wallet,bank_error,3,3820.51,0,0
33,46,1207.66,0.49,1,34,card,insufficient_funds,2,926.66,1,0
52,54,373.61,0.65,2,29,card,network_error,43,3293.07,2,1
33,33,250.04,0.84,3,5,wallet,bank_error,38,5868.71,0,1
57,58,925.37,0.56,0,30,upi,network_error,34,1386.53,2,0
29,41,2719.17,0.59,1,45,upi,card_declined,35,9533.51,0,0
52,59,297.89,0.8,0,18,card,insufficient_funds,20,1823.89,0,1
66,39,1214.09,0.51,0,78,card,insufficient_funds,17,5549.56,2,0
38,23,1161.1,0.97,0,37,card,insufficient_funds,31,20780.38,1,1
67,43,2614.21,0.51,5,11,upi,card_declined,17,6089.36,1,0
60,55,2233.97,0.85,1,4,card,card_declined,10,3495.03,0,0
53,2,1209.78,0.88,0,86,card,bank_error,23,4938.61,3,1
65,2,1027.11,0.62,0,46,card,insufficient_funds,30,12658.02,1,0
34,38,662.55,0.49,4,3,upi,expired_card,37,4077.29,1,0
49,55,491.86,0.5,1,53,card,network_error,44,1567.86,0,0
58,51,707.35,0.99,2,24,wallet,network_error,2,2796.21,1,0
23,29,505.34,0.84,3,8,card,card_declined,41,3054.95,0,1
41,52,1018.85,0.67,3,88,netbanking,card_declined,6,3821.58,0,0
44,46,1070.29,0.55,2,80,upi,expired_card,39,14024.47,2,0
37,3,904.81,0.41,1,6,upi,insufficient_funds,13,3171.94,0,0
42,39,1183.87,0.8,2,85,card,card_declined,41,24584.63,1,1
19,7,795.18,0.97,0,86,upi,bank_error,24,2972.14,0,1
26,36,1976.66,0.46,0,73,card,bank_error,3,1605.97,0,0
45,29,1287.04,0.85,1,18,upi,insufficient_funds,29,2675.82,0,0
55,55,781.48,0.49,1,76,upi,network_error,16,4670.78,1,1
20,37,484.65,0.88,3,6,card,card_declined,24,2378.6,0,0
37,49,1035.76,0.62,2,39,upi,card_declined,4,18312.78,0,0
23,58,2437.68,0.83,1,1,netbanking,insufficient_funds,7,1123.9,0,0
56,36,1656.75,0.96,0,15,card,card_declined,20,1953.1,1,1
50,23,1864.45,0.77,4,14,card,card_declined,15,870.32,1,1
18,45,1820.44,0.95,1,77,upi,card_declined,9,3615.74,1,0
54,16,2568.21,0.54,2,85,upi,bank_error,39,6229.78,1,0
23,48,2005.16,0.99,1,46,card,insufficient_funds,35,2116.08,0,1
62,31,1217.25,0.92,3,41,card,network_error,3,3961.17,1,0
51,34,824.72,0.46,1,6,card,bank_error,25,2328.04,1,0
64,50,2024.71,0.65,0,20,card,bank_error,3,4612.12,0,0
32,1,201.67,0.96,0,68,card,network_error,15,7940.22,1,0
62,18,2662.91,0.45,0,40,wallet,card_declined,11,4528.22,0,0
43,58,1777.58,0.67,2,19,card,bank_error,24,13863.05,2,1
31,40,3453.07,0.83,2,74,card,insufficient_funds,6,1877.81,1,0
24,43,500.84,0.42,0,69,wallet,network_error,21,12587.34,0,0
63,56,2473.58,0.85,2,2,wallet,insufficient_funds,14,1271.13,0,0
48,56,1744.97,0.62,0,44,card,network_error,27,7960.32,2,1
41,15,716.78,0.55,2,53,upi,expired_card,13,1729.82,1,0
48,48,996.8,0.75,0,84,upi,insufficient_funds,23,803.13,2,0
46,49,949.19,0.73,3,6,card,bank_error,2,5536.79,0,0
59,17,849.39,0.92,4,43,upi,insufficient_funds,45,4782.29,0,0
49,44,426.64,0.81,3,19,wallet,insufficient_funds,31,481.92,2,0
34,10,2494.98,0.65,0,18,card,bank_error,13,2780.48,3,1
31,20,565.42,0.79,1,30,card,insufficient_funds,16,4397.35,0,0
57,6,525.93,0.85,1,71,upi,network_error,1,8182.69,1,0
53,8,2538.72,0.96,3,17,upi,insufficient_funds,2,11989.61,0,1
65,45,410.8,0.82,2,53,upi,insufficient_funds,32,3752.31,0,0
41,34,887.28,0.73,1,68,card,network_error,2,5480.74,1,0
62,32,546.76,0.62,0,64,netbanking,insufficient_funds,4,8715.87,1,1
44,51,3448.56,0.93,3,3,netbanking,network_error,2,8659.74,1,1
42,54,2442.14,0.88,0,25,card,bank_error,4,7279.88,0,1
49,42,616.97,0.45,2,30,card,bank_error,13,13488.33,0,0
69,4,545.7,0.82,2,36,upi,bank_error,45,11677.75,2,1
35,44,1876.32,0.72,3,78,upi,card_declined,1,5082.88,2,0
63,50,1485.26,0.46,0,41,wallet,expired_card,3,2502.51,0,1
35,39,855.89,0.74,1,23,card,expired_card,15,5634.58,0,1
54,20,802.24,0.52,2,50,upi,bank_error,3,14042.8,0,0
43,24,931.03,0.82,3,16,upi,insufficient_funds,33,2330.27,1,0
26,24,2061.84,0.57,1,76,upi,expired_card,14,14036.36,0,0
52,55,3292.81,0.49,1,72,upi,insufficient_funds,10,3601.94,3,1
25,26,3928.08,0.45,0,30,upi,insufficient_funds,23,779.18,0,0
37,25,655.82,0.69,1,60,card,card_declined,43,2904.95,0,0
59,36,1142.09,0.52,2,61,netbanking,expired_card,8,1690.49,2,0
39,7,2808.65,0.91,3,6,card,insufficient_funds,1,2061.46,2,0
36,10,596.22,0.4,0,39,card,insufficient_funds,45,35555.65,1,0
47,58,680.31,0.91,0,5,upi,card_declined,28,3254.77,1,1
45,47,1915.64,0.71,1,3,upi,insufficient_funds,11,5645.35,2,0
52,12,789.91,0.95,2,74,upi,card_declined,9,6335.99,2,0
60,1,390.42,0.52,3,30,upi,bank_error,43,4084.18,0,0
28,52,614.71,0.46,3,80,card,expired_card,11,1543.94,1,0
48,50,2193.4,0.77,1,11,upi,card_declined,41,2102.86,0,0
66,25,1305.48,0.82,2,3,card,card_declined,1,2595.52,1,1
65,16,367.39,0.62,1,15,wallet,bank_error,40,2630.2,0,0
56,5,716.05,0.41,2,44,upi,bank_error,3,6345.1,0,1
53,19,3928.08,0.64,2,54,card,network_error,23,4650.76,2,1
47,4,1044.57,0.54,0,1,upi,card_declined,19,3630.68,0,1
40,6,924.84,0.61,3,13,netbanking,expired_card,45,5050.55,0,0
36,26,1102.95,0.7,3,63,card,network_error,9,1986.65,1,0
29,49,1265.97,0.82,2,56,card,network_error,37,1825.67,0,1
32,39,834.16,0.98,3,39,card,expired_card,6,5700.42,3,0
48,56,2802.81,0.49,4,39,card,insufficient_funds,16,2864.53,1,0
60,55,788.65,0.81,1,67,netbanking,bank_error,45,6470.85,2,0
54,39,2198.73,0.54,0,30,upi,bank_error,19,16892.32,1,1
54,9,3927.32,0.53,0,41,card,card_declined,19,13324.32,1,0
32,45,1428.54,0.78,0,11,wallet,bank_error,43,5544.03,0,1
46,52,526.71,0.87,0,70,upi,expired_card,40,5411.91,0,0
67,14,1251.09,0.99,1,76,netbanking,bank_error,3,11674.9,2,0
60,48,739.05,0.86,0,80,upi,bank_error,44,16645.02,0,0
43,55,2056.28,0.49,0,86,upi,insufficient_funds,13,6294.55,0,1
61,9,1267.84,0.54,2,22,upi,insufficient_funds,26,24359.85,2,1
19,15,1008.95,0.86,1,38,card,insufficient_funds,20,9238.95,0,1
37,37,541.39,0.72,1,12,card,insufficient_funds,23,5894.25,1,0
32,50,298.07,0.58,0,36,wallet,card_declined,41,2045.74,1,1
69,53,621.37,0.68,0,50,card,card_declined,47,11578.34,1,1
21,20,1729.75,0.95,2,17,upi,card_declined,19,3307.72,1,0
39,8,2509.8,0.85,2,32,card,card_declined,31,6050.83,0,0
67,32,882.65,0.67,1,45,wallet,insufficient_funds,6,839.76,2,0
55,47,566.07,0.99,0,37,upi,insufficient_funds,35,2263.85,4,1
40,21,1252.39,0.88,1,67,netbanking,insufficient_funds,6,12068.78,1,0
43,57,1775.7,0.4,3,25,upi,bank_error,17,1470.02,3,0
68,41,1889.44,0.47,3,83,netbanking,bank_error,1,9793.19,2,0
28,19,1256.62,0.73,2,49,upi,insufficient_funds,28,2072.16,0,0
45,29,4671.31,0.61,6,43,card,network_error,44,1616.31,1,0
19,58,2665.69,0.89,0,19,upi,bank_error,31,3886.96,0,1
25,31,465.94,0.94,2,80,card,card_declined,44,1090.25,1,0
46,54,392.59,0.54,2,26,card,expired_card,16,2136.43,2,0
28,6,497.09,0.86,1,15,wallet,bank_error,4,8287.54,0,0
54,4,2484.57,0.72,2,53,upi,insufficient_funds,3,12376.7,0,0
35,43,331.46,0.64,1,20,wallet,insufficient_funds,7,3825.18,2,0
67,29,1510.64,0.87,1,5,card,network_error,23,12640.82,1,1
31,42,973.6,0.74,1,64,upi,card_declined,4,2583.41,0,0
27,3,458.81,0.78,1,48,card,insufficient_funds,20,2908.88,0,1
52,1,1305.3,0.44,3,40,upi,bank_error,13,1746.66,3,0
26,44,969.22,0.75,2,24,upi,bank_error,8,1751.59,1,1
52,55,1929.19,0.58,1,70,upi,insufficient_funds,36,6211.61,0,1
28,15,351.11,0.7,1,12,card,expired_card,34,2117.73,0,0
61,47,586.7,0.53,4,4,card,bank_error,4,4916.13,1,0
29,21,594.98,0.77,2,43,upi,card_declined,26,2489.96,0,1
20,46,1742.63,0.49,2,77,upi,insufficient_funds,35,12882.6,1,0
56,58,928.58,0.47,2,52,card,bank_error,20,3529.06,0,0
31,31,2506.29,0.51,2,21,card,insufficient_funds,10,6316.49,0,0
45,7,829.52,0.89,0,69,card,card_declined,6,1527.34,0,0
28,17,1279.8,0.42,1,13,card,insufficient_funds,30,6533.11,0,0
56,56,3099.41,0.84,2,2,upi,bank_error,3,2977.67,1,1
42,19,317.01,0.43,1,6,upi,insufficient_funds,20,5992.2,0,0
38,39,1119.12,0.76,1,23,card,insufficient_funds,46,4557.0,0,0
27,3,1072.66,0.86,2,74,upi,expired_card,3,4731.98,0,0
60,30,631.76,0.54,4,84,card,insufficient_funds,16,10124.75,2,0
32,35,977.79,0.52,1,89,upi,insufficient_funds,4,3954.3,1,0
36,58,1364.48,0.57,0,36,upi,insufficient_funds,42,15860.46,0,0
65,57,650.43,0.82,0,10,netbanking,network_error,40,3960.93,1,1
39,29,1140.0,0.55,3,27,upi,insufficient_funds,39,3312.31,0,0
38,50,537.1,0.7,1,7,card,card_declined,17,11520.76,1,0
69,52,950.5,0.48,2,50,netbanking,bank_error,29,2233.47,2,0
61,54,2100.84,0.68,1,21,upi,insufficient_funds,4,5637.02,0,0
49,14,2170.79,0.77,2,86,card,bank_error,10,15974.24,1,1
67,35,2492.24,0.44,3,46,card,expired_card,43,2323.37,1,0
40,28,1021.32,0.89,2,82,card,bank_error,9,1248.83,0,0
30,58,872.44,0.96,1,1,netbanking,card_declined,11,15801.86,0,0
22,30,1838.25,0.52,2,89,card,card_declined,1,14910.21,1,0
21,26,2481.99,0.86,0,55,upi,expired_card,31,4924.38,1,1
45,7,1162.59,0.59,4,53,upi,insufficient_funds,17,1680.82,1,0
31,39,3160.59,0.81,3,21,upi,network_error,36,17234.6,0,1
25,31,1803.36,0.58,0,32,netbanking,insufficient_funds,47,6895.53,2,0
26,5,735.31,0.92,0,14,upi,insufficient_funds,18,8787.8,0,1
68,35,800.33,0.61,0,39,card,bank_error,7,4704.33,1,1
52,50,1066.0,0.91,0,42,card,network_error,26,13168.3,1,0
54,47,365.29,0.86,0,25,upi,network_error,24,10246.99,1,1
38,52,744.41,0.52,4,29,upi,insufficient_funds,33,12140.26,2,1
35,14,2437.11,0.49,2,32,card,network_error,26,6162.32,0,0
50,36,2811.84,0.87,2,11,card,insufficient_funds,29,3893.43,0,0
25,27,1339.73,0.63,3,28,upi,bank_error,24,4582.95,2,1
68,24,1507.27,0.97,1,69,upi,insufficient_funds,46,4255.08,0,0
66,40,882.76,0.97,1,25,upi,bank_error,12,2262.65,1,0
34,29,700.57,0.82,0,52,card,bank_error,28,2114.22,0,0
60,53,1634.7,0.7,0,41,upi,insufficient_funds,26,884.06,2,1
48,45,806.04,0.52,1,51,upi,insufficient_funds,41,757.88,0,0
51,22,3580.42,0.93,2,7,upi,bank_error,25,10828.76,1,1
23,8,1459.74,0.45,1,33,card,expired_card,15,5435.08,2,0
39,15,1497.71,0.62,0,42,card,insufficient_funds,43,8548.81,0,0
31,49,522.35,0.59,1,85,card,bank_error,31,2195.5,0,1
20,5,216.37,0.98,0,57,wallet,bank_error,34,4596.85,0,1
29,52,1497.56,0.47,1,89,upi,card_declined,41,4149.35,1,0
53,4,774.46,0.93,1,86,netbanking,bank_error,8,8249.66,0,0
29,11,2183.71,0.67,2,11,netbanking,network_error,27,2912.45,2,1
62,18,578.87,0.43,1,70,upi,card_declined,4,7863.39,1,0
19,42,756.08,0.84,0,67,upi,insufficient_funds,12,6068.21,3,1
19,49,2400.95,0.46,3,30,card,bank_error,31,7381.11,1,0
32,30,1488.84,0.54,2,81,upi,insufficient_funds,21,11733.06,1,0
40,15,544.07,0.88,1,23,card,insufficient_funds,20,2622.12,0,1
46,6,1123.05,0.49,1,51,card,expired_card,17,2206.82,0,0
34,55,4157.26,0.6,3,85,card,insufficient_funds,45,2837.44,2,0
49,53,1212.62,0.62,4,5,upi,card_declined,31,3085.01,0,1
24,16,988.68,0.75,1,50,upi,insufficient_funds,15,19591.26,1,1
47,47,2052.19,0.87,2,44,card,insufficient_funds,32,780.89,2,1
45,40,1403.31,0.54,0,15,netbanking,network_error,2,6293.76,1,0
31,9,3012.62,0.52,2,2,upi,network_error,28,5562.7,1,0
61,43,1860.44,0.53,1,24,card,expired_card,21,6653.17,0,0
47,59,2068.5,0.63,1,54,card,network_error,13,2071.79,0,0
34,34,3116.97,0.72,3,10,upi,card_declined,33,8972.77,1,1
49,27,889.5,0.41,3,84,card,card_declined,27,23106.59,0,0
63,13,721.16,0.87,1,35,upi,insufficient_funds,26,3129.83,0,0
23,36,427.51,0.96,1,41,upi,insufficient_funds,34,659.84,3,1
68,27,946.16,0.91,2,47,upi,bank_error,18,1660.37,1,1
41,9,438.77,0.42,1,85,netbanking,network_error,10,1805.13,1,0
23,5,1416.35,0.71,1,30,upi,insufficient_funds,19,3866.91,0,0
44,51,713.77,0.89,0,38,card,insufficient_funds,12,2483.0,3,1
35,22,2150.88,0.61,0,26,upi,bank_error,24,2044.11,1,0
41,31,1891.4,0.94,1,20,card,bank_error,1,4971.43,0,1
54,3,834.87,0.93,2,36,upi,expired_card,9,7634.12,1,0
41,30,2172.0,0.49,2,64,wallet,network_error,29,2712.47,0,0
55,21,1217.39,0.7,2,43,card,bank_error,45,9290.06,1,0
51,35,317.39,0.42,2,40,netbanking,network_error,28,18957.67,0,0
57,6,548.92,0.57,1,18,wallet,network_error,35,1678.26,1,0
64,28,660.56,0.89,1,22,wallet,bank_error,18,2924.72,1,1
32,32,1104.52,0.99,1,77,upi,card_declined,41,1597.52,1,0
